signal_date,regime,nifty,sma50,vix,symbol,data_error,strict_action,price,rsi,vol_ratio,atr_pct,trend,p1,er1,median1,p3,er3,median3,p5,er5,median5,analogs,quality,score,stop,target1,target2,rr1,rr2,STRICT_V6_3_2_trade,STRICT_V6_3_2_failed,STRICT_V6_3_2_p3,STRICT_V6_3_2_p5,STRICT_V6_3_2_er3,STRICT_V6_3_2_er5,STRICT_V6_3_2_rr1,STRICT_V6_3_2_rr2,STRICT_V6_3_2_quality,STRICT_V6_3_2_trend,STRICT_V6_3_2_rsi,STRICT_V6_3_2_regime,BALANCED_trade,BALANCED_failed,BALANCED_p3,BALANCED_p5,BALANCED_er3,BALANCED_er5,BALANCED_rr1,BALANCED_rr2,BALANCED_quality,BALANCED_trend,BALANCED_rsi,BALANCED_regime,MODERATE_trade,MODERATE_failed,MODERATE_p3,MODERATE_p5,MODERATE_er3,MODERATE_er5,MODERATE_rr1,MODERATE_rr2,MODERATE_quality,MODERATE_trend,MODERATE_rsi,MODERATE_regime
2026-08-10,FAVORABLE,24583.80078125,24004.47796875,12.25,RELIANCE,Insufficient clean feature history,DATA_ERROR,,,,,,,,,,,,,,,,,,,,,,,,,,,,,,,,,,,,,,,,,,,,,,,,,,,,,,,,,,
2026-08-10,FAVORABLE,24583.80078125,24004.47796875,12.25,HDFCBANK,Insufficient clean feature history,DATA_ERROR,,,,,,,,,,,,,,,,,,,,,,,,,,,,,,,,,,,,,,,,,,,,,,,,,,,,,,,,,,
2026-08-10,FAVORABLE,24583.80078125,24004.47796875,12.25,ICICIBANK,Insufficient clean feature history,DATA_ERROR,,,,,,,,,,,,,,,,,,,,,,,,,,,,,,,,,,,,,,,,,,,,,,,,,,,,,,,,,,
2026-08-10,FAVORABLE,24583.80078125,24004.47796875,12.25,BHARTIARTL,Insufficient clean feature history,DATA_ERROR,,,,,,,,,,,,,,,,,,,,,,,,,,,,,,,,,,,,,,,,,,,,,,,,,,,,,,,,,,
2026-08-10,FAVORABLE,24583.80078125,24004.47796875,12.25,TCS,Insufficient clean feature history,DATA_ERROR,,,,,,,,,,,,,,,,,,,,,,,,,,,,,,,,,,,,,,,,,,,,,,,,,,,,,,,,,,
2026-08-10,FAVORABLE,24583.80078125,24004.47796875,12.25,INFY,Insufficient clean feature history,DATA_ERROR,,,,,,,,,,,,,,,,,,,,,,,,,,,,,,,,,,,,,,,,,,,,,,,,,,,,,,,,,,
2026-08-10,FAVORABLE,24583.80078125,24004.47796875,12.25,ITC,Insufficient clean feature history,DATA_ERROR,,,,,,,,,,,,,,,,,,,,,,,,,,,,,,,,,,,,,,,,,,,,,,,,,,,,,,,,,,
2026-08-10,FAVORABLE,24583.80078125,24004.47796875,12.25,SBIN,Insufficient clean feature history,DATA_ERROR,,,,,,,,,,,,,,,,,,,,,,,,,,,,,,,,,,,,,,,,,,,,,,,,,,,,,,,,,,
2026-08-10,FAVORABLE,24583.80078125,24004.47796875,12.25,LT,Insufficient clean feature history,DATA_ERROR,,,,,,,,,,,,,,,,,,,,,,,,,,,,,,,,,,,,,,,,,,,,,,,,,,,,,,,,,,
2026-08-10,FAVORABLE,24583.80078125,24004.47796875,12.25,AXISBANK,Insufficient clean feature history,DATA_ERROR,,,,,,,,,,,,,,,,,,,,,,,,,,,,,,,,,,,,,,,,,,,,,,,,,,,,,,,,,,
2026-08-10,FAVORABLE,24583.80078125,24004.47796875,12.25,KOTAKBANK,Insufficient clean feature history,DATA_ERROR,,,,,,,,,,,,,,,,,,,,,,,,,,,,,,,,,,,,,,,,,,,,,,,,,,,,,,,,,,
2026-08-10,FAVORABLE,24583.80078125,24004.47796875,12.25,M&M,Insufficient clean feature history,DATA_ERROR,,,,,,,,,,,,,,,,,,,,,,,,,,,,,,,,,,,,,,,,,,,,,,,,,,,,,,,,,,
2026-08-10,FAVORABLE,24583.80078125,24004.47796875,12.25,HINDUNILVR,Insufficient clean feature history,DATA_ERROR,,,,,,,,,,,,,,,,,,,,,,,,,,,,,,,,,,,,,,,,,,,,,,,,,,,,,,,,,,
2026-08-10,FAVORABLE,24583.80078125,24004.47796875,12.25,BAJFINANCE,Insufficient clean feature history,DATA_ERROR,,,,,,,,,,,,,,,,,,,,,,,,,,,,,,,,,,,,,,,,,,,,,,,,,,,,,,,,,,
2026-08-10,FAVORABLE,24583.80078125,24004.47796875,12.25,MARUTI,Insufficient clean feature history,DATA_ERROR,,,,,,,,,,,,,,,,,,,,,,,,,,,,,,,,,,,,,,,,,,,,,,,,,,,,,,,,,,
2026-08-10,FAVORABLE,24583.80078125,24004.47796875,12.25,SUNPHARMA,Insufficient clean feature history,DATA_ERROR,,,,,,,,,,,,,,,,,,,,,,,,,,,,,,,,,,,,,,,,,,,,,,,,,,,,,,,,,,
2026-08-10,FAVORABLE,24583.80078125,24004.47796875,12.25,HCLTECH,Insufficient clean feature history,DATA_ERROR,,,,,,,,,,,,,,,,,,,,,,,,,,,,,,,,,,,,,,,,,,,,,,,,,,,,,,,,,,
2026-08-10,FAVORABLE,24583.80078125,24004.47796875,12.25,NTPC,Insufficient clean feature history,DATA_ERROR,,,,,,,,,,,,,,,,,,,,,,,,,,,,,,,,,,,,,,,,,,,,,,,,,,,,,,,,,,
2026-08-10,FAVORABLE,24583.80078125,24004.47796875,12.25,TITAN,Insufficient clean feature history,DATA_ERROR,,,,,,,,,,,,,,,,,,,,,,,,,,,,,,,,,,,,,,,,,,,,,,,,,,,,,,,,,,
2026-08-10,FAVORABLE,24583.80078125,24004.47796875,12.25,ADANIENT,Insufficient clean feature history,DATA_ERROR,,,,,,,,,,,,,,,,,,,,,,,,,,,,,,,,,,,,,,,,,,,,,,,,,,,,,,,,,,
2026-08-10,FAVORABLE,24583.80078125,24004.47796875,12.25,ULTRACEMCO,Insufficient clean feature history,DATA_ERROR,,,,,,,,,,,,,,,,,,,,,,,,,,,,,,,,,,,,,,,,,,,,,,,,,,,,,,,,,,
2026-08-10,FAVORABLE,24583.80078125,24004.47796875,12.25,ONGC,Insufficient clean feature history,DATA_ERROR,,,,,,,,,,,,,,,,,,,,,,,,,,,,,,,,,,,,,,,,,,,,,,,,,,,,,,,,,,
2026-08-10,FAVORABLE,24583.80078125,24004.47796875,12.25,POWERGRID,Insufficient clean feature history,DATA_ERROR,,,,,,,,,,,,,,,,,,,,,,,,,,,,,,,,,,,,,,,,,,,,,,,,,,,,,,,,,,
2026-08-10,FAVORABLE,24583.80078125,24004.47796875,12.25,TATASTEEL,Insufficient clean feature history,DATA_ERROR,,,,,,,,,,,,,,,,,,,,,,,,,,,,,,,,,,,,,,,,,,,,,,,,,,,,,,,,,,
2026-08-10,FAVORABLE,24583.80078125,24004.47796875,12.25,JSWSTEEL,Insufficient clean feature history,DATA_ERROR,,,,,,,,,,,,,,,,,,,,,,,,,,,,,,,,,,,,,,,,,,,,,,,,,,,,,,,,,,
2026-08-10,FAVORABLE,24583.80078125,24004.47796875,12.25,COALINDIA,Insufficient clean feature history,DATA_ERROR,,,,,,,,,,,,,,,,,,,,,,,,,,,,,,,,,,,,,,,,,,,,,,,,,,,,,,,,,,
2026-08-10,FAVORABLE,24583.80078125,24004.47796875,12.25,ADANIPORTS,Insufficient clean feature history,DATA_ERROR,,,,,,,,,,,,,,,,,,,,,,,,,,,,,,,,,,,,,,,,,,,,,,,,,,,,,,,,,,
2026-08-10,FAVORABLE,24583.80078125,24004.47796875,12.25,BAJAJFINSV,Insufficient clean feature history,DATA_ERROR,,,,,,,,,,,,,,,,,,,,,,,,,,,,,,,,,,,,,,,,,,,,,,,,,,,,,,,,,,
2026-08-10,FAVORABLE,24583.80078125,24004.47796875,12.25,WIPRO,Insufficient clean feature history,DATA_ERROR,,,,,,,,,,,,,,,,,,,,,,,,,,,,,,,,,,,,,,,,,,,,,,,,,,,,,,,,,,
2026-08-10,FAVORABLE,24583.80078125,24004.47796875,12.25,NESTLEIND,Insufficient clean feature history,DATA_ERROR,,,,,,,,,,,,,,,,,,,,,,,,,,,,,,,,,,,,,,,,,,,,,,,,,,,,,,,,,,
2026-08-10,FAVORABLE,24583.80078125,24004.47796875,12.25,TECHM,Insufficient clean feature history,DATA_ERROR,,,,,,,,,,,,,,,,,,,,,,,,,,,,,,,,,,,,,,,,,,,,,,,,,,,,,,,,,,
2026-08-10,FAVORABLE,24583.80078125,24004.47796875,12.25,ASIANPAINT,Insufficient clean feature history,DATA_ERROR,,,,,,,,,,,,,,,,,,,,,,,,,,,,,,,,,,,,,,,,,,,,,,,,,,,,,,,,,,
2026-08-10,FAVORABLE,24583.80078125,24004.47796875,12.25,BEL,Insufficient clean feature history,DATA_ERROR,,,,,,,,,,,,,,,,,,,,,,,,,,,,,,,,,,,,,,,,,,,,,,,,,,,,,,,,,,
2026-08-10,FAVORABLE,24583.80078125,24004.47796875,12.25,TRENT,Insufficient clean feature history,DATA_ERROR,,,,,,,,,,,,,,,,,,,,,,,,,,,,,,,,,,,,,,,,,,,,,,,,,,,,,,,,,,
2026-08-10,FAVORABLE,24583.80078125,24004.47796875,12.25,GRASIM,Insufficient clean feature history,DATA_ERROR,,,,,,,,,,,,,,,,,,,,,,,,,,,,,,,,,,,,,,,,,,,,,,,,,,,,,,,,,,
2026-08-10,FAVORABLE,24583.80078125,24004.47796875,12.25,HINDALCO,Insufficient clean feature history,DATA_ERROR,,,,,,,,,,,,,,,,,,,,,,,,,,,,,,,,,,,,,,,,,,,,,,,,,,,,,,,,,,
2026-08-10,FAVORABLE,24583.80078125,24004.47796875,12.25,EICHERMOT,Insufficient clean feature history,DATA_ERROR,,,,,,,,,,,,,,,,,,,,,,,,,,,,,,,,,,,,,,,,,,,,,,,,,,,,,,,,,,
2026-08-10,FAVORABLE,24583.80078125,24004.47796875,12.25,SHRIRAMFIN,Insufficient clean feature history,DATA_ERROR,,,,,,,,,,,,,,,,,,,,,,,,,,,,,,,,,,,,,,,,,,,,,,,,,,,,,,,,,,
2026-08-10,FAVORABLE,24583.80078125,24004.47796875,12.25,VEDL,Insufficient clean feature history,DATA_ERROR,,,,,,,,,,,,,,,,,,,,,,,,,,,,,,,,,,,,,,,,,,,,,,,,,,,,,,,,,,
2026-08-10,FAVORABLE,24583.80078125,24004.47796875,12.25,CIPLA,Insufficient clean feature history,DATA_ERROR,,,,,,,,,,,,,,,,,,,,,,,,,,,,,,,,,,,,,,,,,,,,,,,,,,,,,,,,,,
2026-08-10,FAVORABLE,24583.80078125,24004.47796875,12.25,DRREDDY,Insufficient clean feature history,DATA_ERROR,,,,,,,,,,,,,,,,,,,,,,,,,,,,,,,,,,,,,,,,,,,,,,,,,,,,,,,,,,
2026-08-10,FAVORABLE,24583.80078125,24004.47796875,12.25,DIVISLAB,Insufficient clean feature history,DATA_ERROR,,,,,,,,,,,,,,,,,,,,,,,,,,,,,,,,,,,,,,,,,,,,,,,,,,,,,,,,,,
2026-08-10,FAVORABLE,24583.80078125,24004.47796875,12.25,APOLLOHOSP,Insufficient clean feature history,DATA_ERROR,,,,,,,,,,,,,,,,,,,,,,,,,,,,,,,,,,,,,,,,,,,,,,,,,,,,,,,,,,
2026-08-10,FAVORABLE,24583.80078125,24004.47796875,12.25,BRITANNIA,Insufficient clean feature history,DATA_ERROR,,,,,,,,,,,,,,,,,,,,,,,,,,,,,,,,,,,,,,,,,,,,,,,,,,,,,,,,,,
2026-08-10,FAVORABLE,24583.80078125,24004.47796875,12.25,HEROMOTOCO,Insufficient clean feature history,DATA_ERROR,,,,,,,,,,,,,,,,,,,,,,,,,,,,,,,,,,,,,,,,,,,,,,,,,,,,,,,,,,
2026-08-10,FAVORABLE,24583.80078125,24004.47796875,12.25,BAJAJ-AUTO,Insufficient clean feature history,DATA_ERROR,,,,,,,,,,,,,,,,,,,,,,,,,,,,,,,,,,,,,,,,,,,,,,,,,,,,,,,,,,
2026-08-10,FAVORABLE,24583.80078125,24004.47796875,12.25,INDUSINDBK,Insufficient clean feature history,DATA_ERROR,,,,,,,,,,,,,,,,,,,,,,,,,,,,,,,,,,,,,,,,,,,,,,,,,,,,,,,,,,
2026-08-10,FAVORABLE,24583.80078125,24004.47796875,12.25,SBILIFE,Insufficient clean feature history,DATA_ERROR,,,,,,,,,,,,,,,,,,,,,,,,,,,,,,,,,,,,,,,,,,,,,,,,,,,,,,,,,,
2026-08-10,FAVORABLE,24583.80078125,24004.47796875,12.25,HDFCLIFE,Insufficient clean feature history,DATA_ERROR,,,,,,,,,,,,,,,,,,,,,,,,,,,,,,,,,,,,,,,,,,,,,,,,,,,,,,,,,,
2026-08-10,FAVORABLE,24583.80078125,24004.47796875,12.25,TATAELXSI,Insufficient clean feature history,DATA_ERROR,,,,,,,,,,,,,,,,,,,,,,,,,,,,,,,,,,,,,,,,,,,,,,,,,,,,,,,,,,
2026-08-10,FAVORABLE,24583.80078125,24004.47796875,12.25,AUROPHARMA,Insufficient clean feature history,DATA_ERROR,,,,,,,,,,,,,,,,,,,,,,,,,,,,,,,,,,,,,,,,,,,,,,,,,,,,,,,,,,
2026-08-10,FAVORABLE,24583.80078125,24004.47796875,12.25,BOSCHLTD,Insufficient clean feature history,DATA_ERROR,,,,,,,,,,,,,,,,,,,,,,,,,,,,,,,,,,,,,,,,,,,,,,,,,,,,,,,,,,
2026-08-10,FAVORABLE,24583.80078125,24004.47796875,12.25,DLF,Insufficient clean feature history,DATA_ERROR,,,,,,,,,,,,,,,,,,,,,,,,,,,,,,,,,,,,,,,,,,,,,,,,,,,,,,,,,,
2026-08-10,FAVORABLE,24583.80078125,24004.47796875,12.25,NAUKRI,Insufficient clean feature history,DATA_ERROR,,,,,,,,,,,,,,,,,,,,,,,,,,,,,,,,,,,,,,,,,,,,,,,,,,,,,,,,,,
2026-08-10,FAVORABLE,24583.80078125,24004.47796875,12.25,SAIL,Insufficient clean feature history,DATA_ERROR,,,,,,,,,,,,,,,,,,,,,,,,,,,,,,,,,,,,,,,,,,,,,,,,,,,,,,,,,,
2026-08-10,FAVORABLE,24583.80078125,24004.47796875,12.25,ABB,Insufficient clean feature history,DATA_ERROR,,,,,,,,,,,,,,,,,,,,,,,,,,,,,,,,,,,,,,,,,,,,,,,,,,,,,,,,,,
2026-08-10,FAVORABLE,24583.80078125,24004.47796875,12.25,GODREJCP,Insufficient clean feature history,DATA_ERROR,,,,,,,,,,,,,,,,,,,,,,,,,,,,,,,,,,,,,,,,,,,,,,,,,,,,,,,,,,
2026-08-10,FAVORABLE,24583.80078125,24004.47796875,12.25,PIDILITIND,Insufficient clean feature history,DATA_ERROR,,,,,,,,,,,,,,,,,,,,,,,,,,,,,,,,,,,,,,,,,,,,,,,,,,,,,,,,,,
2026-08-10,FAVORABLE,24583.80078125,24004.47796875,12.25,SIEMENS,Insufficient clean feature history,DATA_ERROR,,,,,,,,,,,,,,,,,,,,,,,,,,,,,,,,,,,,,,,,,,,,,,,,,,,,,,,,,,
2026-08-10,FAVORABLE,24583.80078125,24004.47796875,12.25,AMBUJACEM,Insufficient clean feature history,DATA_ERROR,,,,,,,,,,,,,,,,,,,,,,,,,,,,,,,,,,,,,,,,,,,,,,,,,,,,,,,,,,
2026-08-10,FAVORABLE,24583.80078125,24004.47796875,12.25,ACC,Insufficient clean feature history,DATA_ERROR,,,,,,,,,,,,,,,,,,,,,,,,,,,,,,,,,,,,,,,,,,,,,,,,,,,,,,,,,,
2026-08-10,FAVORABLE,24583.80078125,24004.47796875,12.25,BPCL,Insufficient clean feature history,DATA_ERROR,,,,,,,,,,,,,,,,,,,,,,,,,,,,,,,,,,,,,,,,,,,,,,,,,,,,,,,,,,
2026-08-10,FAVORABLE,24583.80078125,24004.47796875,12.25,IOC,Insufficient clean feature history,DATA_ERROR,,,,,,,,,,,,,,,,,,,,,,,,,,,,,,,,,,,,,,,,,,,,,,,,,,,,,,,,,,
2026-08-10,FAVORABLE,24583.80078125,24004.47796875,12.25,HAVELLS,Insufficient clean feature history,DATA_ERROR,,,,,,,,,,,,,,,,,,,,,,,,,,,,,,,,,,,,,,,,,,,,,,,,,,,,,,,,,,
2026-08-11,FAVORABLE,24471.69921875,24026.2599609375,11.859999656677246,RELIANCE,Insufficient clean feature history,DATA_ERROR,,,,,,,,,,,,,,,,,,,,,,,,,,,,,,,,,,,,,,,,,,,,,,,,,,,,,,,,,,
2026-08-11,FAVORABLE,24471.69921875,24026.2599609375,11.859999656677246,HDFCBANK,Insufficient clean feature history,DATA_ERROR,,,,,,,,,,,,,,,,,,,,,,,,,,,,,,,,,,,,,,,,,,,,,,,,,,,,,,,,,,
2026-08-11,FAVORABLE,24471.69921875,24026.2599609375,11.859999656677246,ICICIBANK,Insufficient clean feature history,DATA_ERROR,,,,,,,,,,,,,,,,,,,,,,,,,,,,,,,,,,,,,,,,,,,,,,,,,,,,,,,,,,
2026-08-11,FAVORABLE,24471.69921875,24026.2599609375,11.859999656677246,BHARTIARTL,Insufficient clean feature history,DATA_ERROR,,,,,,,,,,,,,,,,,,,,,,,,,,,,,,,,,,,,,,,,,,,,,,,,,,,,,,,,,,
2026-08-11,FAVORABLE,24471.69921875,24026.2599609375,11.859999656677246,TCS,Insufficient clean feature history,DATA_ERROR,,,,,,,,,,,,,,,,,,,,,,,,,,,,,,,,,,,,,,,,,,,,,,,,,,,,,,,,,,
2026-08-11,FAVORABLE,24471.69921875,24026.2599609375,11.859999656677246,INFY,Insufficient clean feature history,DATA_ERROR,,,,,,,,,,,,,,,,,,,,,,,,,,,,,,,,,,,,,,,,,,,,,,,,,,,,,,,,,,
2026-08-11,FAVORABLE,24471.69921875,24026.2599609375,11.859999656677246,ITC,Insufficient clean feature history,DATA_ERROR,,,,,,,,,,,,,,,,,,,,,,,,,,,,,,,,,,,,,,,,,,,,,,,,,,,,,,,,,,
2026-08-11,FAVORABLE,24471.69921875,24026.2599609375,11.859999656677246,SBIN,Insufficient clean feature history,DATA_ERROR,,,,,,,,,,,,,,,,,,,,,,,,,,,,,,,,,,,,,,,,,,,,,,,,,,,,,,,,,,
2026-08-11,FAVORABLE,24471.69921875,24026.2599609375,11.859999656677246,LT,Insufficient clean feature history,DATA_ERROR,,,,,,,,,,,,,,,,,,,,,,,,,,,,,,,,,,,,,,,,,,,,,,,,,,,,,,,,,,
2026-08-11,FAVORABLE,24471.69921875,24026.2599609375,11.859999656677246,AXISBANK,Insufficient clean feature history,DATA_ERROR,,,,,,,,,,,,,,,,,,,,,,,,,,,,,,,,,,,,,,,,,,,,,,,,,,,,,,,,,,
2026-08-11,FAVORABLE,24471.69921875,24026.2599609375,11.859999656677246,KOTAKBANK,Insufficient clean feature history,DATA_ERROR,,,,,,,,,,,,,,,,,,,,,,,,,,,,,,,,,,,,,,,,,,,,,,,,,,,,,,,,,,
2026-08-11,FAVORABLE,24471.69921875,24026.2599609375,11.859999656677246,M&M,Insufficient clean feature history,DATA_ERROR,,,,,,,,,,,,,,,,,,,,,,,,,,,,,,,,,,,,,,,,,,,,,,,,,,,,,,,,,,
2026-08-11,FAVORABLE,24471.69921875,24026.2599609375,11.859999656677246,HINDUNILVR,Insufficient clean feature history,DATA_ERROR,,,,,,,,,,,,,,,,,,,,,,,,,,,,,,,,,,,,,,,,,,,,,,,,,,,,,,,,,,
2026-08-11,FAVORABLE,24471.69921875,24026.2599609375,11.859999656677246,BAJFINANCE,Insufficient clean feature history,DATA_ERROR,,,,,,,,,,,,,,,,,,,,,,,,,,,,,,,,,,,,,,,,,,,,,,,,,,,,,,,,,,
2026-08-11,FAVORABLE,24471.69921875,24026.2599609375,11.859999656677246,MARUTI,Insufficient clean feature history,DATA_ERROR,,,,,,,,,,,,,,,,,,,,,,,,,,,,,,,,,,,,,,,,,,,,,,,,,,,,,,,,,,
2026-08-11,FAVORABLE,24471.69921875,24026.2599609375,11.859999656677246,SUNPHARMA,Insufficient clean feature history,DATA_ERROR,,,,,,,,,,,,,,,,,,,,,,,,,,,,,,,,,,,,,,,,,,,,,,,,,,,,,,,,,,
2026-08-11,FAVORABLE,24471.69921875,24026.2599609375,11.859999656677246,HCLTECH,Insufficient clean feature history,DATA_ERROR,,,,,,,,,,,,,,,,,,,,,,,,,,,,,,,,,,,,,,,,,,,,,,,,,,,,,,,,,,
2026-08-11,FAVORABLE,24471.69921875,24026.2599609375,11.859999656677246,NTPC,Insufficient clean feature history,DATA_ERROR,,,,,,,,,,,,,,,,,,,,,,,,,,,,,,,,,,,,,,,,,,,,,,,,,,,,,,,,,,
2026-08-11,FAVORABLE,24471.69921875,24026.2599609375,11.859999656677246,TITAN,Insufficient clean feature history,DATA_ERROR,,,,,,,,,,,,,,,,,,,,,,,,,,,,,,,,,,,,,,,,,,,,,,,,,,,,,,,,,,
2026-08-11,FAVORABLE,24471.69921875,24026.2599609375,11.859999656677246,ADANIENT,Insufficient clean feature history,DATA_ERROR,,,,,,,,,,,,,,,,,,,,,,,,,,,,,,,,,,,,,,,,,,,,,,,,,,,,,,,,,,
2026-08-11,FAVORABLE,24471.69921875,24026.2599609375,11.859999656677246,ULTRACEMCO,Insufficient clean feature history,DATA_ERROR,,,,,,,,,,,,,,,,,,,,,,,,,,,,,,,,,,,,,,,,,,,,,,,,,,,,,,,,,,
2026-08-11,FAVORABLE,24471.69921875,24026.2599609375,11.859999656677246,ONGC,Insufficient clean feature history,DATA_ERROR,,,,,,,,,,,,,,,,,,,,,,,,,,,,,,,,,,,,,,,,,,,,,,,,,,,,,,,,,,
2026-08-11,FAVORABLE,24471.69921875,24026.2599609375,11.859999656677246,POWERGRID,Insufficient clean feature history,DATA_ERROR,,,,,,,,,,,,,,,,,,,,,,,,,,,,,,,,,,,,,,,,,,,,,,,,,,,,,,,,,,
2026-08-11,FAVORABLE,24471.69921875,24026.2599609375,11.859999656677246,TATASTEEL,Insufficient clean feature history,DATA_ERROR,,,,,,,,,,,,,,,,,,,,,,,,,,,,,,,,,,,,,,,,,,,,,,,,,,,,,,,,,,
2026-08-11,FAVORABLE,24471.69921875,24026.2599609375,11.859999656677246,JSWSTEEL,Insufficient clean feature history,DATA_ERROR,,,,,,,,,,,,,,,,,,,,,,,,,,,,,,,,,,,,,,,,,,,,,,,,,,,,,,,,,,
2026-08-11,FAVORABLE,24471.69921875,24026.2599609375,11.859999656677246,COALINDIA,Insufficient clean feature history,DATA_ERROR,,,,,,,,,,,,,,,,,,,,,,,,,,,,,,,,,,,,,,,,,,,,,,,,,,,,,,,,,,
2026-08-11,FAVORABLE,24471.69921875,24026.2599609375,11.859999656677246,ADANIPORTS,Insufficient clean feature history,DATA_ERROR,,,,,,,,,,,,,,,,,,,,,,,,,,,,,,,,,,,,,,,,,,,,,,,,,,,,,,,,,,
2026-08-11,FAVORABLE,24471.69921875,24026.2599609375,11.859999656677246,BAJAJFINSV,Insufficient clean feature history,DATA_ERROR,,,,,,,,,,,,,,,,,,,,,,,,,,,,,,,,,,,,,,,,,,,,,,,,,,,,,,,,,,
2026-08-11,FAVORABLE,24471.69921875,24026.2599609375,11.859999656677246,WIPRO,Insufficient clean feature history,DATA_ERROR,,,,,,,,,,,,,,,,,,,,,,,,,,,,,,,,,,,,,,,,,,,,,,,,,,,,,,,,,,
2026-08-11,FAVORABLE,24471.69921875,24026.2599609375,11.859999656677246,NESTLEIND,Insufficient clean feature history,DATA_ERROR,,,,,,,,,,,,,,,,,,,,,,,,,,,,,,,,,,,,,,,,,,,,,,,,,,,,,,,,,,
2026-08-11,FAVORABLE,24471.69921875,24026.2599609375,11.859999656677246,TECHM,Insufficient clean feature history,DATA_ERROR,,,,,,,,,,,,,,,,,,,,,,,,,,,,,,,,,,,,,,,,,,,,,,,,,,,,,,,,,,
2026-08-11,FAVORABLE,24471.69921875,24026.2599609375,11.859999656677246,ASIANPAINT,Insufficient clean feature history,DATA_ERROR,,,,,,,,,,,,,,,,,,,,,,,,,,,,,,,,,,,,,,,,,,,,,,,,,,,,,,,,,,
2026-08-11,FAVORABLE,24471.69921875,24026.2599609375,11.859999656677246,BEL,Insufficient clean feature history,DATA_ERROR,,,,,,,,,,,,,,,,,,,,,,,,,,,,,,,,,,,,,,,,,,,,,,,,,,,,,,,,,,
2026-08-11,FAVORABLE,24471.69921875,24026.2599609375,11.859999656677246,TRENT,Insufficient clean feature history,DATA_ERROR,,,,,,,,,,,,,,,,,,,,,,,,,,,,,,,,,,,,,,,,,,,,,,,,,,,,,,,,,,
2026-08-11,FAVORABLE,24471.69921875,24026.2599609375,11.859999656677246,GRASIM,Insufficient clean feature history,DATA_ERROR,,,,,,,,,,,,,,,,,,,,,,,,,,,,,,,,,,,,,,,,,,,,,,,,,,,,,,,,,,
2026-08-11,FAVORABLE,24471.69921875,24026.2599609375,11.859999656677246,HINDALCO,Insufficient clean feature history,DATA_ERROR,,,,,,,,,,,,,,,,,,,,,,,,,,,,,,,,,,,,,,,,,,,,,,,,,,,,,,,,,,
2026-08-11,FAVORABLE,24471.69921875,24026.2599609375,11.859999656677246,EICHERMOT,Insufficient clean feature history,DATA_ERROR,,,,,,,,,,,,,,,,,,,,,,,,,,,,,,,,,,,,,,,,,,,,,,,,,,,,,,,,,,
2026-08-11,FAVORABLE,24471.69921875,24026.2599609375,11.859999656677246,SHRIRAMFIN,Insufficient clean feature history,DATA_ERROR,,,,,,,,,,,,,,,,,,,,,,,,,,,,,,,,,,,,,,,,,,,,,,,,,,,,,,,,,,
2026-08-11,FAVORABLE,24471.69921875,24026.2599609375,11.859999656677246,VEDL,Insufficient clean feature history,DATA_ERROR,,,,,,,,,,,,,,,,,,,,,,,,,,,,,,,,,,,,,,,,,,,,,,,,,,,,,,,,,,
2026-08-11,FAVORABLE,24471.69921875,24026.2599609375,11.859999656677246,CIPLA,Insufficient clean feature history,DATA_ERROR,,,,,,,,,,,,,,,,,,,,,,,,,,,,,,,,,,,,,,,,,,,,,,,,,,,,,,,,,,
2026-08-11,FAVORABLE,24471.69921875,24026.2599609375,11.859999656677246,DRREDDY,Insufficient clean feature history,DATA_ERROR,,,,,,,,,,,,,,,,,,,,,,,,,,,,,,,,,,,,,,,,,,,,,,,,,,,,,,,,,,
2026-08-11,FAVORABLE,24471.69921875,24026.2599609375,11.859999656677246,DIVISLAB,Insufficient clean feature history,DATA_ERROR,,,,,,,,,,,,,,,,,,,,,,,,,,,,,,,,,,,,,,,,,,,,,,,,,,,,,,,,,,
2026-08-11,FAVORABLE,24471.69921875,24026.2599609375,11.859999656677246,APOLLOHOSP,Insufficient clean feature history,DATA_ERROR,,,,,,,,,,,,,,,,,,,,,,,,,,,,,,,,,,,,,,,,,,,,,,,,,,,,,,,,,,
2026-08-11,FAVORABLE,24471.69921875,24026.2599609375,11.859999656677246,BRITANNIA,Insufficient clean feature history,DATA_ERROR,,,,,,,,,,,,,,,,,,,,,,,,,,,,,,,,,,,,,,,,,,,,,,,,,,,,,,,,,,
2026-08-11,FAVORABLE,24471.69921875,24026.2599609375,11.859999656677246,HEROMOTOCO,Insufficient clean feature history,DATA_ERROR,,,,,,,,,,,,,,,,,,,,,,,,,,,,,,,,,,,,,,,,,,,,,,,,,,,,,,,,,,
2026-08-11,FAVORABLE,24471.69921875,24026.2599609375,11.859999656677246,BAJAJ-AUTO,Insufficient clean feature history,DATA_ERROR,,,,,,,,,,,,,,,,,,,,,,,,,,,,,,,,,,,,,,,,,,,,,,,,,,,,,,,,,,
2026-08-11,FAVORABLE,24471.69921875,24026.2599609375,11.859999656677246,INDUSINDBK,Insufficient clean feature history,DATA_ERROR,,,,,,,,,,,,,,,,,,,,,,,,,,,,,,,,,,,,,,,,,,,,,,,,,,,,,,,,,,
2026-08-11,FAVORABLE,24471.69921875,24026.2599609375,11.859999656677246,SBILIFE,Insufficient clean feature history,DATA_ERROR,,,,,,,,,,,,,,,,,,,,,,,,,,,,,,,,,,,,,,,,,,,,,,,,,,,,,,,,,,
2026-08-11,FAVORABLE,24471.69921875,24026.2599609375,11.859999656677246,HDFCLIFE,Insufficient clean feature history,DATA_ERROR,,,,,,,,,,,,,,,,,,,,,,,,,,,,,,,,,,,,,,,,,,,,,,,,,,,,,,,,,,
2026-08-11,FAVORABLE,24471.69921875,24026.2599609375,11.859999656677246,TATAELXSI,Insufficient clean feature history,DATA_ERROR,,,,,,,,,,,,,,,,,,,,,,,,,,,,,,,,,,,,,,,,,,,,,,,,,,,,,,,,,,
2026-08-11,FAVORABLE,24471.69921875,24026.2599609375,11.859999656677246,AUROPHARMA,Insufficient clean feature history,DATA_ERROR,,,,,,,,,,,,,,,,,,,,,,,,,,,,,,,,,,,,,,,,,,,,,,,,,,,,,,,,,,
2026-08-11,FAVORABLE,24471.69921875,24026.2599609375,11.859999656677246,BOSCHLTD,Insufficient clean feature history,DATA_ERROR,,,,,,,,,,,,,,,,,,,,,,,,,,,,,,,,,,,,,,,,,,,,,,,,,,,,,,,,,,
2026-08-11,FAVORABLE,24471.69921875,24026.2599609375,11.859999656677246,DLF,Insufficient clean feature history,DATA_ERROR,,,,,,,,,,,,,,,,,,,,,,,,,,,,,,,,,,,,,,,,,,,,,,,,,,,,,,,,,,
2026-08-11,FAVORABLE,24471.69921875,24026.2599609375,11.859999656677246,NAUKRI,Insufficient clean feature history,DATA_ERROR,,,,,,,,,,,,,,,,,,,,,,,,,,,,,,,,,,,,,,,,,,,,,,,,,,,,,,,,,,
2026-08-11,FAVORABLE,24471.69921875,24026.2599609375,11.859999656677246,SAIL,Insufficient clean feature history,DATA_ERROR,,,,,,,,,,,,,,,,,,,,,,,,,,,,,,,,,,,,,,,,,,,,,,,,,,,,,,,,,,
2026-08-11,FAVORABLE,24471.69921875,24026.2599609375,11.859999656677246,ABB,Insufficient clean feature history,DATA_ERROR,,,,,,,,,,,,,,,,,,,,,,,,,,,,,,,,,,,,,,,,,,,,,,,,,,,,,,,,,,
2026-08-11,FAVORABLE,24471.69921875,24026.2599609375,11.859999656677246,GODREJCP,Insufficient clean feature history,DATA_ERROR,,,,,,,,,,,,,,,,,,,,,,,,,,,,,,,,,,,,,,,,,,,,,,,,,,,,,,,,,,
2026-08-11,FAVORABLE,24471.69921875,24026.2599609375,11.859999656677246,PIDILITIND,Insufficient clean feature history,DATA_ERROR,,,,,,,,,,,,,,,,,,,,,,,,,,,,,,,,,,,,,,,,,,,,,,,,,,,,,,,,,,
2026-08-11,FAVORABLE,24471.69921875,24026.2599609375,11.859999656677246,SIEMENS,Insufficient clean feature history,DATA_ERROR,,,,,,,,,,,,,,,,,,,,,,,,,,,,,,,,,,,,,,,,,,,,,,,,,,,,,,,,,,
2026-08-11,FAVORABLE,24471.69921875,24026.2599609375,11.859999656677246,AMBUJACEM,Insufficient clean feature history,DATA_ERROR,,,,,,,,,,,,,,,,,,,,,,,,,,,,,,,,,,,,,,,,,,,,,,,,,,,,,,,,,,
2026-08-11,FAVORABLE,24471.69921875,24026.2599609375,11.859999656677246,ACC,Insufficient clean feature history,DATA_ERROR,,,,,,,,,,,,,,,,,,,,,,,,,,,,,,,,,,,,,,,,,,,,,,,,,,,,,,,,,,
2026-08-11,FAVORABLE,24471.69921875,24026.2599609375,11.859999656677246,BPCL,Insufficient clean feature history,DATA_ERROR,,,,,,,,,,,,,,,,,,,,,,,,,,,,,,,,,,,,,,,,,,,,,,,,,,,,,,,,,,
2026-08-11,FAVORABLE,24471.69921875,24026.2599609375,11.859999656677246,IOC,Insufficient clean feature history,DATA_ERROR,,,,,,,,,,,,,,,,,,,,,,,,,,,,,,,,,,,,,,,,,,,,,,,,,,,,,,,,,,
2026-08-11,FAVORABLE,24471.69921875,24026.2599609375,11.859999656677246,HAVELLS,Insufficient clean feature history,DATA_ERROR,,,,,,,,,,,,,,,,,,,,,,,,,,,,,,,,,,,,,,,,,,,,,,,,,,,,,,,,,,
2026-08-12,FAVORABLE,24435.94921875,24045.3079296875,11.6899995803833,RELIANCE,Insufficient clean feature history,DATA_ERROR,,,,,,,,,,,,,,,,,,,,,,,,,,,,,,,,,,,,,,,,,,,,,,,,,,,,,,,,,,
2026-08-12,FAVORABLE,24435.94921875,24045.3079296875,11.6899995803833,HDFCBANK,Insufficient clean feature history,DATA_ERROR,,,,,,,,,,,,,,,,,,,,,,,,,,,,,,,,,,,,,,,,,,,,,,,,,,,,,,,,,,
2026-08-12,FAVORABLE,24435.94921875,24045.3079296875,11.6899995803833,ICICIBANK,Insufficient clean feature history,DATA_ERROR,,,,,,,,,,,,,,,,,,,,,,,,,,,,,,,,,,,,,,,,,,,,,,,,,,,,,,,,,,
2026-08-12,FAVORABLE,24435.94921875,24045.3079296875,11.6899995803833,BHARTIARTL,Insufficient clean feature history,DATA_ERROR,,,,,,,,,,,,,,,,,,,,,,,,,,,,,,,,,,,,,,,,,,,,,,,,,,,,,,,,,,
2026-08-12,FAVORABLE,24435.94921875,24045.3079296875,11.6899995803833,TCS,Insufficient clean feature history,DATA_ERROR,,,,,,,,,,,,,,,,,,,,,,,,,,,,,,,,,,,,,,,,,,,,,,,,,,,,,,,,,,
2026-08-12,FAVORABLE,24435.94921875,24045.3079296875,11.6899995803833,INFY,Insufficient clean feature history,DATA_ERROR,,,,,,,,,,,,,,,,,,,,,,,,,,,,,,,,,,,,,,,,,,,,,,,,,,,,,,,,,,
2026-08-12,FAVORABLE,24435.94921875,24045.3079296875,11.6899995803833,ITC,Insufficient clean feature history,DATA_ERROR,,,,,,,,,,,,,,,,,,,,,,,,,,,,,,,,,,,,,,,,,,,,,,,,,,,,,,,,,,
2026-08-12,FAVORABLE,24435.94921875,24045.3079296875,11.6899995803833,SBIN,Insufficient clean feature history,DATA_ERROR,,,,,,,,,,,,,,,,,,,,,,,,,,,,,,,,,,,,,,,,,,,,,,,,,,,,,,,,,,
2026-08-12,FAVORABLE,24435.94921875,24045.3079296875,11.6899995803833,LT,Insufficient clean feature history,DATA_ERROR,,,,,,,,,,,,,,,,,,,,,,,,,,,,,,,,,,,,,,,,,,,,,,,,,,,,,,,,,,
2026-08-12,FAVORABLE,24435.94921875,24045.3079296875,11.6899995803833,AXISBANK,Insufficient clean feature history,DATA_ERROR,,,,,,,,,,,,,,,,,,,,,,,,,,,,,,,,,,,,,,,,,,,,,,,,,,,,,,,,,,
2026-08-12,FAVORABLE,24435.94921875,24045.3079296875,11.6899995803833,KOTAKBANK,Insufficient clean feature history,DATA_ERROR,,,,,,,,,,,,,,,,,,,,,,,,,,,,,,,,,,,,,,,,,,,,,,,,,,,,,,,,,,
2026-08-12,FAVORABLE,24435.94921875,24045.3079296875,11.6899995803833,M&M,Insufficient clean feature history,DATA_ERROR,,,,,,,,,,,,,,,,,,,,,,,,,,,,,,,,,,,,,,,,,,,,,,,,,,,,,,,,,,
2026-08-12,FAVORABLE,24435.94921875,24045.3079296875,11.6899995803833,HINDUNILVR,Insufficient clean feature history,DATA_ERROR,,,,,,,,,,,,,,,,,,,,,,,,,,,,,,,,,,,,,,,,,,,,,,,,,,,,,,,,,,
2026-08-12,FAVORABLE,24435.94921875,24045.3079296875,11.6899995803833,BAJFINANCE,Insufficient clean feature history,DATA_ERROR,,,,,,,,,,,,,,,,,,,,,,,,,,,,,,,,,,,,,,,,,,,,,,,,,,,,,,,,,,
2026-08-12,FAVORABLE,24435.94921875,24045.3079296875,11.6899995803833,MARUTI,Insufficient clean feature history,DATA_ERROR,,,,,,,,,,,,,,,,,,,,,,,,,,,,,,,,,,,,,,,,,,,,,,,,,,,,,,,,,,
2026-08-12,FAVORABLE,24435.94921875,24045.3079296875,11.6899995803833,SUNPHARMA,Insufficient clean feature history,DATA_ERROR,,,,,,,,,,,,,,,,,,,,,,,,,,,,,,,,,,,,,,,,,,,,,,,,,,,,,,,,,,
2026-08-12,FAVORABLE,24435.94921875,24045.3079296875,11.6899995803833,HCLTECH,Insufficient clean feature history,DATA_ERROR,,,,,,,,,,,,,,,,,,,,,,,,,,,,,,,,,,,,,,,,,,,,,,,,,,,,,,,,,,
2026-08-12,FAVORABLE,24435.94921875,24045.3079296875,11.6899995803833,NTPC,Insufficient clean feature history,DATA_ERROR,,,,,,,,,,,,,,,,,,,,,,,,,,,,,,,,,,,,,,,,,,,,,,,,,,,,,,,,,,
2026-08-12,FAVORABLE,24435.94921875,24045.3079296875,11.6899995803833,TITAN,Insufficient clean feature history,DATA_ERROR,,,,,,,,,,,,,,,,,,,,,,,,,,,,,,,,,,,,,,,,,,,,,,,,,,,,,,,,,,
2026-08-12,FAVORABLE,24435.94921875,24045.3079296875,11.6899995803833,ADANIENT,Insufficient clean feature history,DATA_ERROR,,,,,,,,,,,,,,,,,,,,,,,,,,,,,,,,,,,,,,,,,,,,,,,,,,,,,,,,,,
2026-08-12,FAVORABLE,24435.94921875,24045.3079296875,11.6899995803833,ULTRACEMCO,Insufficient clean feature history,DATA_ERROR,,,,,,,,,,,,,,,,,,,,,,,,,,,,,,,,,,,,,,,,,,,,,,,,,,,,,,,,,,
2026-08-12,FAVORABLE,24435.94921875,24045.3079296875,11.6899995803833,ONGC,Insufficient clean feature history,DATA_ERROR,,,,,,,,,,,,,,,,,,,,,,,,,,,,,,,,,,,,,,,,,,,,,,,,,,,,,,,,,,
2026-08-12,FAVORABLE,24435.94921875,24045.3079296875,11.6899995803833,POWERGRID,Insufficient clean feature history,DATA_ERROR,,,,,,,,,,,,,,,,,,,,,,,,,,,,,,,,,,,,,,,,,,,,,,,,,,,,,,,,,,
2026-08-12,FAVORABLE,24435.94921875,24045.3079296875,11.6899995803833,TATASTEEL,Insufficient clean feature history,DATA_ERROR,,,,,,,,,,,,,,,,,,,,,,,,,,,,,,,,,,,,,,,,,,,,,,,,,,,,,,,,,,
2026-08-12,FAVORABLE,24435.94921875,24045.3079296875,11.6899995803833,JSWSTEEL,Insufficient clean feature history,DATA_ERROR,,,,,,,,,,,,,,,,,,,,,,,,,,,,,,,,,,,,,,,,,,,,,,,,,,,,,,,,,,
2026-08-12,FAVORABLE,24435.94921875,24045.3079296875,11.6899995803833,COALINDIA,Insufficient clean feature history,DATA_ERROR,,,,,,,,,,,,,,,,,,,,,,,,,,,,,,,,,,,,,,,,,,,,,,,,,,,,,,,,,,
2026-08-12,FAVORABLE,24435.94921875,24045.3079296875,11.6899995803833,ADANIPORTS,Insufficient clean feature history,DATA_ERROR,,,,,,,,,,,,,,,,,,,,,,,,,,,,,,,,,,,,,,,,,,,,,,,,,,,,,,,,,,
2026-08-12,FAVORABLE,24435.94921875,24045.3079296875,11.6899995803833,BAJAJFINSV,Insufficient clean feature history,DATA_ERROR,,,,,,,,,,,,,,,,,,,,,,,,,,,,,,,,,,,,,,,,,,,,,,,,,,,,,,,,,,
2026-08-12,FAVORABLE,24435.94921875,24045.3079296875,11.6899995803833,WIPRO,Insufficient clean feature history,DATA_ERROR,,,,,,,,,,,,,,,,,,,,,,,,,,,,,,,,,,,,,,,,,,,,,,,,,,,,,,,,,,
2026-08-12,FAVORABLE,24435.94921875,24045.3079296875,11.6899995803833,NESTLEIND,Insufficient clean feature history,DATA_ERROR,,,,,,,,,,,,,,,,,,,,,,,,,,,,,,,,,,,,,,,,,,,,,,,,,,,,,,,,,,
2026-08-12,FAVORABLE,24435.94921875,24045.3079296875,11.6899995803833,TECHM,Insufficient clean feature history,DATA_ERROR,,,,,,,,,,,,,,,,,,,,,,,,,,,,,,,,,,,,,,,,,,,,,,,,,,,,,,,,,,
2026-08-12,FAVORABLE,24435.94921875,24045.3079296875,11.6899995803833,ASIANPAINT,Insufficient clean feature history,DATA_ERROR,,,,,,,,,,,,,,,,,,,,,,,,,,,,,,,,,,,,,,,,,,,,,,,,,,,,,,,,,,
2026-08-12,FAVORABLE,24435.94921875,24045.3079296875,11.6899995803833,BEL,Insufficient clean feature history,DATA_ERROR,,,,,,,,,,,,,,,,,,,,,,,,,,,,,,,,,,,,,,,,,,,,,,,,,,,,,,,,,,
2026-08-12,FAVORABLE,24435.94921875,24045.3079296875,11.6899995803833,TRENT,Insufficient clean feature history,DATA_ERROR,,,,,,,,,,,,,,,,,,,,,,,,,,,,,,,,,,,,,,,,,,,,,,,,,,,,,,,,,,
2026-08-12,FAVORABLE,24435.94921875,24045.3079296875,11.6899995803833,GRASIM,Insufficient clean feature history,DATA_ERROR,,,,,,,,,,,,,,,,,,,,,,,,,,,,,,,,,,,,,,,,,,,,,,,,,,,,,,,,,,
2026-08-12,FAVORABLE,24435.94921875,24045.3079296875,11.6899995803833,HINDALCO,Insufficient clean feature history,DATA_ERROR,,,,,,,,,,,,,,,,,,,,,,,,,,,,,,,,,,,,,,,,,,,,,,,,,,,,,,,,,,
2026-08-12,FAVORABLE,24435.94921875,24045.3079296875,11.6899995803833,EICHERMOT,Insufficient clean feature history,DATA_ERROR,,,,,,,,,,,,,,,,,,,,,,,,,,,,,,,,,,,,,,,,,,,,,,,,,,,,,,,,,,
2026-08-12,FAVORABLE,24435.94921875,24045.3079296875,11.6899995803833,SHRIRAMFIN,Insufficient clean feature history,DATA_ERROR,,,,,,,,,,,,,,,,,,,,,,,,,,,,,,,,,,,,,,,,,,,,,,,,,,,,,,,,,,
2026-08-12,FAVORABLE,24435.94921875,24045.3079296875,11.6899995803833,VEDL,Insufficient clean feature history,DATA_ERROR,,,,,,,,,,,,,,,,,,,,,,,,,,,,,,,,,,,,,,,,,,,,,,,,,,,,,,,,,,
2026-08-12,FAVORABLE,24435.94921875,24045.3079296875,11.6899995803833,CIPLA,Insufficient clean feature history,DATA_ERROR,,,,,,,,,,,,,,,,,,,,,,,,,,,,,,,,,,,,,,,,,,,,,,,,,,,,,,,,,,
2026-08-12,FAVORABLE,24435.94921875,24045.3079296875,11.6899995803833,DRREDDY,Insufficient clean feature history,DATA_ERROR,,,,,,,,,,,,,,,,,,,,,,,,,,,,,,,,,,,,,,,,,,,,,,,,,,,,,,,,,,
2026-08-12,FAVORABLE,24435.94921875,24045.3079296875,11.6899995803833,DIVISLAB,Insufficient clean feature history,DATA_ERROR,,,,,,,,,,,,,,,,,,,,,,,,,,,,,,,,,,,,,,,,,,,,,,,,,,,,,,,,,,
2026-08-12,FAVORABLE,24435.94921875,24045.3079296875,11.6899995803833,APOLLOHOSP,Insufficient clean feature history,DATA_ERROR,,,,,,,,,,,,,,,,,,,,,,,,,,,,,,,,,,,,,,,,,,,,,,,,,,,,,,,,,,
2026-08-12,FAVORABLE,24435.94921875,24045.3079296875,11.6899995803833,BRITANNIA,Insufficient clean feature history,DATA_ERROR,,,,,,,,,,,,,,,,,,,,,,,,,,,,,,,,,,,,,,,,,,,,,,,,,,,,,,,,,,
2026-08-12,FAVORABLE,24435.94921875,24045.3079296875,11.6899995803833,HEROMOTOCO,Insufficient clean feature history,DATA_ERROR,,,,,,,,,,,,,,,,,,,,,,,,,,,,,,,,,,,,,,,,,,,,,,,,,,,,,,,,,,
2026-08-12,FAVORABLE,24435.94921875,24045.3079296875,11.6899995803833,BAJAJ-AUTO,Insufficient clean feature history,DATA_ERROR,,,,,,,,,,,,,,,,,,,,,,,,,,,,,,,,,,,,,,,,,,,,,,,,,,,,,,,,,,
2026-08-12,FAVORABLE,24435.94921875,24045.3079296875,11.6899995803833,INDUSINDBK,Insufficient clean feature history,DATA_ERROR,,,,,,,,,,,,,,,,,,,,,,,,,,,,,,,,,,,,,,,,,,,,,,,,,,,,,,,,,,
2026-08-12,FAVORABLE,24435.94921875,24045.3079296875,11.6899995803833,SBILIFE,Insufficient clean feature history,DATA_ERROR,,,,,,,,,,,,,,,,,,,,,,,,,,,,,,,,,,,,,,,,,,,,,,,,,,,,,,,,,,
2026-08-12,FAVORABLE,24435.94921875,24045.3079296875,11.6899995803833,HDFCLIFE,Insufficient clean feature history,DATA_ERROR,,,,,,,,,,,,,,,,,,,,,,,,,,,,,,,,,,,,,,,,,,,,,,,,,,,,,,,,,,
2026-08-12,FAVORABLE,24435.94921875,24045.3079296875,11.6899995803833,TATAELXSI,Insufficient clean feature history,DATA_ERROR,,,,,,,,,,,,,,,,,,,,,,,,,,,,,,,,,,,,,,,,,,,,,,,,,,,,,,,,,,
2026-08-12,FAVORABLE,24435.94921875,24045.3079296875,11.6899995803833,AUROPHARMA,Insufficient clean feature history,DATA_ERROR,,,,,,,,,,,,,,,,,,,,,,,,,,,,,,,,,,,,,,,,,,,,,,,,,,,,,,,,,,
2026-08-12,FAVORABLE,24435.94921875,24045.3079296875,11.6899995803833,BOSCHLTD,Insufficient clean feature history,DATA_ERROR,,,,,,,,,,,,,,,,,,,,,,,,,,,,,,,,,,,,,,,,,,,,,,,,,,,,,,,,,,
2026-08-12,FAVORABLE,24435.94921875,24045.3079296875,11.6899995803833,DLF,Insufficient clean feature history,DATA_ERROR,,,,,,,,,,,,,,,,,,,,,,,,,,,,,,,,,,,,,,,,,,,,,,,,,,,,,,,,,,
2026-08-12,FAVORABLE,24435.94921875,24045.3079296875,11.6899995803833,NAUKRI,Insufficient clean feature history,DATA_ERROR,,,,,,,,,,,,,,,,,,,,,,,,,,,,,,,,,,,,,,,,,,,,,,,,,,,,,,,,,,
2026-08-12,FAVORABLE,24435.94921875,24045.3079296875,11.6899995803833,SAIL,Insufficient clean feature history,DATA_ERROR,,,,,,,,,,,,,,,,,,,,,,,,,,,,,,,,,,,,,,,,,,,,,,,,,,,,,,,,,,
2026-08-12,FAVORABLE,24435.94921875,24045.3079296875,11.6899995803833,ABB,Insufficient clean feature history,DATA_ERROR,,,,,,,,,,,,,,,,,,,,,,,,,,,,,,,,,,,,,,,,,,,,,,,,,,,,,,,,,,
2026-08-12,FAVORABLE,24435.94921875,24045.3079296875,11.6899995803833,GODREJCP,Insufficient clean feature history,DATA_ERROR,,,,,,,,,,,,,,,,,,,,,,,,,,,,,,,,,,,,,,,,,,,,,,,,,,,,,,,,,,
2026-08-12,FAVORABLE,24435.94921875,24045.3079296875,11.6899995803833,PIDILITIND,Insufficient clean feature history,DATA_ERROR,,,,,,,,,,,,,,,,,,,,,,,,,,,,,,,,,,,,,,,,,,,,,,,,,,,,,,,,,,
2026-08-12,FAVORABLE,24435.94921875,24045.3079296875,11.6899995803833,SIEMENS,Insufficient clean feature history,DATA_ERROR,,,,,,,,,,,,,,,,,,,,,,,,,,,,,,,,,,,,,,,,,,,,,,,,,,,,,,,,,,
2026-08-12,FAVORABLE,24435.94921875,24045.3079296875,11.6899995803833,AMBUJACEM,Insufficient clean feature history,DATA_ERROR,,,,,,,,,,,,,,,,,,,,,,,,,,,,,,,,,,,,,,,,,,,,,,,,,,,,,,,,,,
2026-08-12,FAVORABLE,24435.94921875,24045.3079296875,11.6899995803833,ACC,Insufficient clean feature history,DATA_ERROR,,,,,,,,,,,,,,,,,,,,,,,,,,,,,,,,,,,,,,,,,,,,,,,,,,,,,,,,,,
2026-08-12,FAVORABLE,24435.94921875,24045.3079296875,11.6899995803833,BPCL,Insufficient clean feature history,DATA_ERROR,,,,,,,,,,,,,,,,,,,,,,,,,,,,,,,,,,,,,,,,,,,,,,,,,,,,,,,,,,
2026-08-12,FAVORABLE,24435.94921875,24045.3079296875,11.6899995803833,IOC,Insufficient clean feature history,DATA_ERROR,,,,,,,,,,,,,,,,,,,,,,,,,,,,,,,,,,,,,,,,,,,,,,,,,,,,,,,,,,
2026-08-12,FAVORABLE,24435.94921875,24045.3079296875,11.6899995803833,HAVELLS,Insufficient clean feature history,DATA_ERROR,,,,,,,,,,,,,,,,,,,,,,,,,,,,,,,,,,,,,,,,,,,,,,,,,,,,,,,,,,
2026-08-13,FAVORABLE,24395.849609375,24065.1129296875,11.420000076293945,RELIANCE,Insufficient clean feature history,DATA_ERROR,,,,,,,,,,,,,,,,,,,,,,,,,,,,,,,,,,,,,,,,,,,,,,,,,,,,,,,,,,
2026-08-13,FAVORABLE,24395.849609375,24065.1129296875,11.420000076293945,HDFCBANK,Insufficient clean feature history,DATA_ERROR,,,,,,,,,,,,,,,,,,,,,,,,,,,,,,,,,,,,,,,,,,,,,,,,,,,,,,,,,,
2026-08-13,FAVORABLE,24395.849609375,24065.1129296875,11.420000076293945,ICICIBANK,Insufficient clean feature history,DATA_ERROR,,,,,,,,,,,,,,,,,,,,,,,,,,,,,,,,,,,,,,,,,,,,,,,,,,,,,,,,,,
2026-08-13,FAVORABLE,24395.849609375,24065.1129296875,11.420000076293945,BHARTIARTL,Insufficient clean feature history,DATA_ERROR,,,,,,,,,,,,,,,,,,,,,,,,,,,,,,,,,,,,,,,,,,,,,,,,,,,,,,,,,,
2026-08-13,FAVORABLE,24395.849609375,24065.1129296875,11.420000076293945,TCS,Insufficient clean feature history,DATA_ERROR,,,,,,,,,,,,,,,,,,,,,,,,,,,,,,,,,,,,,,,,,,,,,,,,,,,,,,,,,,
2026-08-13,FAVORABLE,24395.849609375,24065.1129296875,11.420000076293945,INFY,Insufficient clean feature history,DATA_ERROR,,,,,,,,,,,,,,,,,,,,,,,,,,,,,,,,,,,,,,,,,,,,,,,,,,,,,,,,,,
2026-08-13,FAVORABLE,24395.849609375,24065.1129296875,11.420000076293945,ITC,Insufficient clean feature history,DATA_ERROR,,,,,,,,,,,,,,,,,,,,,,,,,,,,,,,,,,,,,,,,,,,,,,,,,,,,,,,,,,
2026-08-13,FAVORABLE,24395.849609375,24065.1129296875,11.420000076293945,SBIN,Insufficient clean feature history,DATA_ERROR,,,,,,,,,,,,,,,,,,,,,,,,,,,,,,,,,,,,,,,,,,,,,,,,,,,,,,,,,,
2026-08-13,FAVORABLE,24395.849609375,24065.1129296875,11.420000076293945,LT,Insufficient clean feature history,DATA_ERROR,,,,,,,,,,,,,,,,,,,,,,,,,,,,,,,,,,,,,,,,,,,,,,,,,,,,,,,,,,
2026-08-13,FAVORABLE,24395.849609375,24065.1129296875,11.420000076293945,AXISBANK,Insufficient clean feature history,DATA_ERROR,,,,,,,,,,,,,,,,,,,,,,,,,,,,,,,,,,,,,,,,,,,,,,,,,,,,,,,,,,
2026-08-13,FAVORABLE,24395.849609375,24065.1129296875,11.420000076293945,KOTAKBANK,Insufficient clean feature history,DATA_ERROR,,,,,,,,,,,,,,,,,,,,,,,,,,,,,,,,,,,,,,,,,,,,,,,,,,,,,,,,,,
2026-08-13,FAVORABLE,24395.849609375,24065.1129296875,11.420000076293945,M&M,Insufficient clean feature history,DATA_ERROR,,,,,,,,,,,,,,,,,,,,,,,,,,,,,,,,,,,,,,,,,,,,,,,,,,,,,,,,,,
2026-08-13,FAVORABLE,24395.849609375,24065.1129296875,11.420000076293945,HINDUNILVR,Insufficient clean feature history,DATA_ERROR,,,,,,,,,,,,,,,,,,,,,,,,,,,,,,,,,,,,,,,,,,,,,,,,,,,,,,,,,,
2026-08-13,FAVORABLE,24395.849609375,24065.1129296875,11.420000076293945,BAJFINANCE,Insufficient clean feature history,DATA_ERROR,,,,,,,,,,,,,,,,,,,,,,,,,,,,,,,,,,,,,,,,,,,,,,,,,,,,,,,,,,
2026-08-13,FAVORABLE,24395.849609375,24065.1129296875,11.420000076293945,MARUTI,Insufficient clean feature history,DATA_ERROR,,,,,,,,,,,,,,,,,,,,,,,,,,,,,,,,,,,,,,,,,,,,,,,,,,,,,,,,,,
2026-08-13,FAVORABLE,24395.849609375,24065.1129296875,11.420000076293945,SUNPHARMA,Insufficient clean feature history,DATA_ERROR,,,,,,,,,,,,,,,,,,,,,,,,,,,,,,,,,,,,,,,,,,,,,,,,,,,,,,,,,,
2026-08-13,FAVORABLE,24395.849609375,24065.1129296875,11.420000076293945,HCLTECH,Insufficient clean feature history,DATA_ERROR,,,,,,,,,,,,,,,,,,,,,,,,,,,,,,,,,,,,,,,,,,,,,,,,,,,,,,,,,,
2026-08-13,FAVORABLE,24395.849609375,24065.1129296875,11.420000076293945,NTPC,Insufficient clean feature history,DATA_ERROR,,,,,,,,,,,,,,,,,,,,,,,,,,,,,,,,,,,,,,,,,,,,,,,,,,,,,,,,,,
2026-08-13,FAVORABLE,24395.849609375,24065.1129296875,11.420000076293945,TITAN,Insufficient clean feature history,DATA_ERROR,,,,,,,,,,,,,,,,,,,,,,,,,,,,,,,,,,,,,,,,,,,,,,,,,,,,,,,,,,
2026-08-13,FAVORABLE,24395.849609375,24065.1129296875,11.420000076293945,ADANIENT,Insufficient clean feature history,DATA_ERROR,,,,,,,,,,,,,,,,,,,,,,,,,,,,,,,,,,,,,,,,,,,,,,,,,,,,,,,,,,
2026-08-13,FAVORABLE,24395.849609375,24065.1129296875,11.420000076293945,ULTRACEMCO,Insufficient clean feature history,DATA_ERROR,,,,,,,,,,,,,,,,,,,,,,,,,,,,,,,,,,,,,,,,,,,,,,,,,,,,,,,,,,
2026-08-13,FAVORABLE,24395.849609375,24065.1129296875,11.420000076293945,ONGC,Insufficient clean feature history,DATA_ERROR,,,,,,,,,,,,,,,,,,,,,,,,,,,,,,,,,,,,,,,,,,,,,,,,,,,,,,,,,,
2026-08-13,FAVORABLE,24395.849609375,24065.1129296875,11.420000076293945,POWERGRID,Insufficient clean feature history,DATA_ERROR,,,,,,,,,,,,,,,,,,,,,,,,,,,,,,,,,,,,,,,,,,,,,,,,,,,,,,,,,,
2026-08-13,FAVORABLE,24395.849609375,24065.1129296875,11.420000076293945,TATASTEEL,Insufficient clean feature history,DATA_ERROR,,,,,,,,,,,,,,,,,,,,,,,,,,,,,,,,,,,,,,,,,,,,,,,,,,,,,,,,,,
2026-08-13,FAVORABLE,24395.849609375,24065.1129296875,11.420000076293945,JSWSTEEL,Insufficient clean feature history,DATA_ERROR,,,,,,,,,,,,,,,,,,,,,,,,,,,,,,,,,,,,,,,,,,,,,,,,,,,,,,,,,,
2026-08-13,FAVORABLE,24395.849609375,24065.1129296875,11.420000076293945,COALINDIA,Insufficient clean feature history,DATA_ERROR,,,,,,,,,,,,,,,,,,,,,,,,,,,,,,,,,,,,,,,,,,,,,,,,,,,,,,,,,,
2026-08-13,FAVORABLE,24395.849609375,24065.1129296875,11.420000076293945,ADANIPORTS,Insufficient clean feature history,DATA_ERROR,,,,,,,,,,,,,,,,,,,,,,,,,,,,,,,,,,,,,,,,,,,,,,,,,,,,,,,,,,
2026-08-13,FAVORABLE,24395.849609375,24065.1129296875,11.420000076293945,BAJAJFINSV,Insufficient clean feature history,DATA_ERROR,,,,,,,,,,,,,,,,,,,,,,,,,,,,,,,,,,,,,,,,,,,,,,,,,,,,,,,,,,
2026-08-13,FAVORABLE,24395.849609375,24065.1129296875,11.420000076293945,WIPRO,Insufficient clean feature history,DATA_ERROR,,,,,,,,,,,,,,,,,,,,,,,,,,,,,,,,,,,,,,,,,,,,,,,,,,,,,,,,,,
2026-08-13,FAVORABLE,24395.849609375,24065.1129296875,11.420000076293945,NESTLEIND,Insufficient clean feature history,DATA_ERROR,,,,,,,,,,,,,,,,,,,,,,,,,,,,,,,,,,,,,,,,,,,,,,,,,,,,,,,,,,
2026-08-13,FAVORABLE,24395.849609375,24065.1129296875,11.420000076293945,TECHM,Insufficient clean feature history,DATA_ERROR,,,,,,,,,,,,,,,,,,,,,,,,,,,,,,,,,,,,,,,,,,,,,,,,,,,,,,,,,,
2026-08-13,FAVORABLE,24395.849609375,24065.1129296875,11.420000076293945,ASIANPAINT,Insufficient clean feature history,DATA_ERROR,,,,,,,,,,,,,,,,,,,,,,,,,,,,,,,,,,,,,,,,,,,,,,,,,,,,,,,,,,
2026-08-13,FAVORABLE,24395.849609375,24065.1129296875,11.420000076293945,BEL,Insufficient clean feature history,DATA_ERROR,,,,,,,,,,,,,,,,,,,,,,,,,,,,,,,,,,,,,,,,,,,,,,,,,,,,,,,,,,
2026-08-13,FAVORABLE,24395.849609375,24065.1129296875,11.420000076293945,TRENT,Insufficient clean feature history,DATA_ERROR,,,,,,,,,,,,,,,,,,,,,,,,,,,,,,,,,,,,,,,,,,,,,,,,,,,,,,,,,,
2026-08-13,FAVORABLE,24395.849609375,24065.1129296875,11.420000076293945,GRASIM,Insufficient clean feature history,DATA_ERROR,,,,,,,,,,,,,,,,,,,,,,,,,,,,,,,,,,,,,,,,,,,,,,,,,,,,,,,,,,
2026-08-13,FAVORABLE,24395.849609375,24065.1129296875,11.420000076293945,HINDALCO,Insufficient clean feature history,DATA_ERROR,,,,,,,,,,,,,,,,,,,,,,,,,,,,,,,,,,,,,,,,,,,,,,,,,,,,,,,,,,
2026-08-13,FAVORABLE,24395.849609375,24065.1129296875,11.420000076293945,EICHERMOT,Insufficient clean feature history,DATA_ERROR,,,,,,,,,,,,,,,,,,,,,,,,,,,,,,,,,,,,,,,,,,,,,,,,,,,,,,,,,,
2026-08-13,FAVORABLE,24395.849609375,24065.1129296875,11.420000076293945,SHRIRAMFIN,Insufficient clean feature history,DATA_ERROR,,,,,,,,,,,,,,,,,,,,,,,,,,,,,,,,,,,,,,,,,,,,,,,,,,,,,,,,,,
2026-08-13,FAVORABLE,24395.849609375,24065.1129296875,11.420000076293945,VEDL,Insufficient clean feature history,DATA_ERROR,,,,,,,,,,,,,,,,,,,,,,,,,,,,,,,,,,,,,,,,,,,,,,,,,,,,,,,,,,
2026-08-13,FAVORABLE,24395.849609375,24065.1129296875,11.420000076293945,CIPLA,Insufficient clean feature history,DATA_ERROR,,,,,,,,,,,,,,,,,,,,,,,,,,,,,,,,,,,,,,,,,,,,,,,,,,,,,,,,,,
2026-08-13,FAVORABLE,24395.849609375,24065.1129296875,11.420000076293945,DRREDDY,Insufficient clean feature history,DATA_ERROR,,,,,,,,,,,,,,,,,,,,,,,,,,,,,,,,,,,,,,,,,,,,,,,,,,,,,,,,,,
2026-08-13,FAVORABLE,24395.849609375,24065.1129296875,11.420000076293945,DIVISLAB,Insufficient clean feature history,DATA_ERROR,,,,,,,,,,,,,,,,,,,,,,,,,,,,,,,,,,,,,,,,,,,,,,,,,,,,,,,,,,
2026-08-13,FAVORABLE,24395.849609375,24065.1129296875,11.420000076293945,APOLLOHOSP,Insufficient clean feature history,DATA_ERROR,,,,,,,,,,,,,,,,,,,,,,,,,,,,,,,,,,,,,,,,,,,,,,,,,,,,,,,,,,
2026-08-13,FAVORABLE,24395.849609375,24065.1129296875,11.420000076293945,BRITANNIA,Insufficient clean feature history,DATA_ERROR,,,,,,,,,,,,,,,,,,,,,,,,,,,,,,,,,,,,,,,,,,,,,,,,,,,,,,,,,,
2026-08-13,FAVORABLE,24395.849609375,24065.1129296875,11.420000076293945,HEROMOTOCO,Insufficient clean feature history,DATA_ERROR,,,,,,,,,,,,,,,,,,,,,,,,,,,,,,,,,,,,,,,,,,,,,,,,,,,,,,,,,,
2026-08-13,FAVORABLE,24395.849609375,24065.1129296875,11.420000076293945,BAJAJ-AUTO,Insufficient clean feature history,DATA_ERROR,,,,,,,,,,,,,,,,,,,,,,,,,,,,,,,,,,,,,,,,,,,,,,,,,,,,,,,,,,
2026-08-13,FAVORABLE,24395.849609375,24065.1129296875,11.420000076293945,INDUSINDBK,Insufficient clean feature history,DATA_ERROR,,,,,,,,,,,,,,,,,,,,,,,,,,,,,,,,,,,,,,,,,,,,,,,,,,,,,,,,,,
2026-08-13,FAVORABLE,24395.849609375,24065.1129296875,11.420000076293945,SBILIFE,Insufficient clean feature history,DATA_ERROR,,,,,,,,,,,,,,,,,,,,,,,,,,,,,,,,,,,,,,,,,,,,,,,,,,,,,,,,,,
2026-08-13,FAVORABLE,24395.849609375,24065.1129296875,11.420000076293945,HDFCLIFE,Insufficient clean feature history,DATA_ERROR,,,,,,,,,,,,,,,,,,,,,,,,,,,,,,,,,,,,,,,,,,,,,,,,,,,,,,,,,,
2026-08-13,FAVORABLE,24395.849609375,24065.1129296875,11.420000076293945,TATAELXSI,Insufficient clean feature history,DATA_ERROR,,,,,,,,,,,,,,,,,,,,,,,,,,,,,,,,,,,,,,,,,,,,,,,,,,,,,,,,,,
2026-08-13,FAVORABLE,24395.849609375,24065.1129296875,11.420000076293945,AUROPHARMA,Insufficient clean feature history,DATA_ERROR,,,,,,,,,,,,,,,,,,,,,,,,,,,,,,,,,,,,,,,,,,,,,,,,,,,,,,,,,,
2026-08-13,FAVORABLE,24395.849609375,24065.1129296875,11.420000076293945,BOSCHLTD,Insufficient clean feature history,DATA_ERROR,,,,,,,,,,,,,,,,,,,,,,,,,,,,,,,,,,,,,,,,,,,,,,,,,,,,,,,,,,
2026-08-13,FAVORABLE,24395.849609375,24065.1129296875,11.420000076293945,DLF,Insufficient clean feature history,DATA_ERROR,,,,,,,,,,,,,,,,,,,,,,,,,,,,,,,,,,,,,,,,,,,,,,,,,,,,,,,,,,
2026-08-13,FAVORABLE,24395.849609375,24065.1129296875,11.420000076293945,NAUKRI,Insufficient clean feature history,DATA_ERROR,,,,,,,,,,,,,,,,,,,,,,,,,,,,,,,,,,,,,,,,,,,,,,,,,,,,,,,,,,
2026-08-13,FAVORABLE,24395.849609375,24065.1129296875,11.420000076293945,SAIL,Insufficient clean feature history,DATA_ERROR,,,,,,,,,,,,,,,,,,,,,,,,,,,,,,,,,,,,,,,,,,,,,,,,,,,,,,,,,,
2026-08-13,FAVORABLE,24395.849609375,24065.1129296875,11.420000076293945,ABB,Insufficient clean feature history,DATA_ERROR,,,,,,,,,,,,,,,,,,,,,,,,,,,,,,,,,,,,,,,,,,,,,,,,,,,,,,,,,,
2026-08-13,FAVORABLE,24395.849609375,24065.1129296875,11.420000076293945,GODREJCP,Insufficient clean feature history,DATA_ERROR,,,,,,,,,,,,,,,,,,,,,,,,,,,,,,,,,,,,,,,,,,,,,,,,,,,,,,,,,,
2026-08-13,FAVORABLE,24395.849609375,24065.1129296875,11.420000076293945,PIDILITIND,Insufficient clean feature history,DATA_ERROR,,,,,,,,,,,,,,,,,,,,,,,,,,,,,,,,,,,,,,,,,,,,,,,,,,,,,,,,,,
2026-08-13,FAVORABLE,24395.849609375,24065.1129296875,11.420000076293945,SIEMENS,Insufficient clean feature history,DATA_ERROR,,,,,,,,,,,,,,,,,,,,,,,,,,,,,,,,,,,,,,,,,,,,,,,,,,,,,,,,,,
2026-08-13,FAVORABLE,24395.849609375,24065.1129296875,11.420000076293945,AMBUJACEM,Insufficient clean feature history,DATA_ERROR,,,,,,,,,,,,,,,,,,,,,,,,,,,,,,,,,,,,,,,,,,,,,,,,,,,,,,,,,,
2026-08-13,FAVORABLE,24395.849609375,24065.1129296875,11.420000076293945,ACC,Insufficient clean feature history,DATA_ERROR,,,,,,,,,,,,,,,,,,,,,,,,,,,,,,,,,,,,,,,,,,,,,,,,,,,,,,,,,,
2026-08-13,FAVORABLE,24395.849609375,24065.1129296875,11.420000076293945,BPCL,Insufficient clean feature history,DATA_ERROR,,,,,,,,,,,,,,,,,,,,,,,,,,,,,,,,,,,,,,,,,,,,,,,,,,,,,,,,,,
2026-08-13,FAVORABLE,24395.849609375,24065.1129296875,11.420000076293945,IOC,Insufficient clean feature history,DATA_ERROR,,,,,,,,,,,,,,,,,,,,,,,,,,,,,,,,,,,,,,,,,,,,,,,,,,,,,,,,,,
2026-08-13,FAVORABLE,24395.849609375,24065.1129296875,11.420000076293945,HAVELLS,Insufficient clean feature history,DATA_ERROR,,,,,,,,,,,,,,,,,,,,,,,,,,,,,,,,,,,,,,,,,,,,,,,,,,,,,,,,,,
2026-08-14,FAVORABLE,24366.0,24084.1019140625,11.3100004196167,RELIANCE,Insufficient clean feature history,DATA_ERROR,,,,,,,,,,,,,,,,,,,,,,,,,,,,,,,,,,,,,,,,,,,,,,,,,,,,,,,,,,
2026-08-14,FAVORABLE,24366.0,24084.1019140625,11.3100004196167,HDFCBANK,Insufficient clean feature history,DATA_ERROR,,,,,,,,,,,,,,,,,,,,,,,,,,,,,,,,,,,,,,,,,,,,,,,,,,,,,,,,,,
2026-08-14,FAVORABLE,24366.0,24084.1019140625,11.3100004196167,ICICIBANK,Insufficient clean feature history,DATA_ERROR,,,,,,,,,,,,,,,,,,,,,,,,,,,,,,,,,,,,,,,,,,,,,,,,,,,,,,,,,,
2026-08-14,FAVORABLE,24366.0,24084.1019140625,11.3100004196167,BHARTIARTL,Insufficient clean feature history,DATA_ERROR,,,,,,,,,,,,,,,,,,,,,,,,,,,,,,,,,,,,,,,,,,,,,,,,,,,,,,,,,,
2026-08-14,FAVORABLE,24366.0,24084.1019140625,11.3100004196167,TCS,Insufficient clean feature history,DATA_ERROR,,,,,,,,,,,,,,,,,,,,,,,,,,,,,,,,,,,,,,,,,,,,,,,,,,,,,,,,,,
2026-08-14,FAVORABLE,24366.0,24084.1019140625,11.3100004196167,INFY,Insufficient clean feature history,DATA_ERROR,,,,,,,,,,,,,,,,,,,,,,,,,,,,,,,,,,,,,,,,,,,,,,,,,,,,,,,,,,
2026-08-14,FAVORABLE,24366.0,24084.1019140625,11.3100004196167,ITC,Insufficient clean feature history,DATA_ERROR,,,,,,,,,,,,,,,,,,,,,,,,,,,,,,,,,,,,,,,,,,,,,,,,,,,,,,,,,,
2026-08-14,FAVORABLE,24366.0,24084.1019140625,11.3100004196167,SBIN,Insufficient clean feature history,DATA_ERROR,,,,,,,,,,,,,,,,,,,,,,,,,,,,,,,,,,,,,,,,,,,,,,,,,,,,,,,,,,
2026-08-14,FAVORABLE,24366.0,24084.1019140625,11.3100004196167,LT,Insufficient clean feature history,DATA_ERROR,,,,,,,,,,,,,,,,,,,,,,,,,,,,,,,,,,,,,,,,,,,,,,,,,,,,,,,,,,
2026-08-14,FAVORABLE,24366.0,24084.1019140625,11.3100004196167,AXISBANK,Insufficient clean feature history,DATA_ERROR,,,,,,,,,,,,,,,,,,,,,,,,,,,,,,,,,,,,,,,,,,,,,,,,,,,,,,,,,,
2026-08-14,FAVORABLE,24366.0,24084.1019140625,11.3100004196167,KOTAKBANK,Insufficient clean feature history,DATA_ERROR,,,,,,,,,,,,,,,,,,,,,,,,,,,,,,,,,,,,,,,,,,,,,,,,,,,,,,,,,,
2026-08-14,FAVORABLE,24366.0,24084.1019140625,11.3100004196167,M&M,Insufficient clean feature history,DATA_ERROR,,,,,,,,,,,,,,,,,,,,,,,,,,,,,,,,,,,,,,,,,,,,,,,,,,,,,,,,,,
2026-08-14,FAVORABLE,24366.0,24084.1019140625,11.3100004196167,HINDUNILVR,Insufficient clean feature history,DATA_ERROR,,,,,,,,,,,,,,,,,,,,,,,,,,,,,,,,,,,,,,,,,,,,,,,,,,,,,,,,,,
2026-08-14,FAVORABLE,24366.0,24084.1019140625,11.3100004196167,BAJFINANCE,Insufficient clean feature history,DATA_ERROR,,,,,,,,,,,,,,,,,,,,,,,,,,,,,,,,,,,,,,,,,,,,,,,,,,,,,,,,,,
2026-08-14,FAVORABLE,24366.0,24084.1019140625,11.3100004196167,MARUTI,Insufficient clean feature history,DATA_ERROR,,,,,,,,,,,,,,,,,,,,,,,,,,,,,,,,,,,,,,,,,,,,,,,,,,,,,,,,,,
2026-08-14,FAVORABLE,24366.0,24084.1019140625,11.3100004196167,SUNPHARMA,Insufficient clean feature history,DATA_ERROR,,,,,,,,,,,,,,,,,,,,,,,,,,,,,,,,,,,,,,,,,,,,,,,,,,,,,,,,,,
2026-08-14,FAVORABLE,24366.0,24084.1019140625,11.3100004196167,HCLTECH,Insufficient clean feature history,DATA_ERROR,,,,,,,,,,,,,,,,,,,,,,,,,,,,,,,,,,,,,,,,,,,,,,,,,,,,,,,,,,
2026-08-14,FAVORABLE,24366.0,24084.1019140625,11.3100004196167,NTPC,Insufficient clean feature history,DATA_ERROR,,,,,,,,,,,,,,,,,,,,,,,,,,,,,,,,,,,,,,,,,,,,,,,,,,,,,,,,,,
2026-08-14,FAVORABLE,24366.0,24084.1019140625,11.3100004196167,TITAN,Insufficient clean feature history,DATA_ERROR,,,,,,,,,,,,,,,,,,,,,,,,,,,,,,,,,,,,,,,,,,,,,,,,,,,,,,,,,,
2026-08-14,FAVORABLE,24366.0,24084.1019140625,11.3100004196167,ADANIENT,Insufficient clean feature history,DATA_ERROR,,,,,,,,,,,,,,,,,,,,,,,,,,,,,,,,,,,,,,,,,,,,,,,,,,,,,,,,,,
2026-08-14,FAVORABLE,24366.0,24084.1019140625,11.3100004196167,ULTRACEMCO,Insufficient clean feature history,DATA_ERROR,,,,,,,,,,,,,,,,,,,,,,,,,,,,,,,,,,,,,,,,,,,,,,,,,,,,,,,,,,
2026-08-14,FAVORABLE,24366.0,24084.1019140625,11.3100004196167,ONGC,Insufficient clean feature history,DATA_ERROR,,,,,,,,,,,,,,,,,,,,,,,,,,,,,,,,,,,,,,,,,,,,,,,,,,,,,,,,,,
2026-08-14,FAVORABLE,24366.0,24084.1019140625,11.3100004196167,POWERGRID,Insufficient clean feature history,DATA_ERROR,,,,,,,,,,,,,,,,,,,,,,,,,,,,,,,,,,,,,,,,,,,,,,,,,,,,,,,,,,
2026-08-14,FAVORABLE,24366.0,24084.1019140625,11.3100004196167,TATASTEEL,Insufficient clean feature history,DATA_ERROR,,,,,,,,,,,,,,,,,,,,,,,,,,,,,,,,,,,,,,,,,,,,,,,,,,,,,,,,,,
2026-08-14,FAVORABLE,24366.0,24084.1019140625,11.3100004196167,JSWSTEEL,Insufficient clean feature history,DATA_ERROR,,,,,,,,,,,,,,,,,,,,,,,,,,,,,,,,,,,,,,,,,,,,,,,,,,,,,,,,,,
2026-08-14,FAVORABLE,24366.0,24084.1019140625,11.3100004196167,COALINDIA,Insufficient clean feature history,DATA_ERROR,,,,,,,,,,,,,,,,,,,,,,,,,,,,,,,,,,,,,,,,,,,,,,,,,,,,,,,,,,
2026-08-14,FAVORABLE,24366.0,24084.1019140625,11.3100004196167,ADANIPORTS,Insufficient clean feature history,DATA_ERROR,,,,,,,,,,,,,,,,,,,,,,,,,,,,,,,,,,,,,,,,,,,,,,,,,,,,,,,,,,
2026-08-14,FAVORABLE,24366.0,24084.1019140625,11.3100004196167,BAJAJFINSV,Insufficient clean feature history,DATA_ERROR,,,,,,,,,,,,,,,,,,,,,,,,,,,,,,,,,,,,,,,,,,,,,,,,,,,,,,,,,,
2026-08-14,FAVORABLE,24366.0,24084.1019140625,11.3100004196167,WIPRO,Insufficient clean feature history,DATA_ERROR,,,,,,,,,,,,,,,,,,,,,,,,,,,,,,,,,,,,,,,,,,,,,,,,,,,,,,,,,,
2026-08-14,FAVORABLE,24366.0,24084.1019140625,11.3100004196167,NESTLEIND,Insufficient clean feature history,DATA_ERROR,,,,,,,,,,,,,,,,,,,,,,,,,,,,,,,,,,,,,,,,,,,,,,,,,,,,,,,,,,
2026-08-14,FAVORABLE,24366.0,24084.1019140625,11.3100004196167,TECHM,Insufficient clean feature history,DATA_ERROR,,,,,,,,,,,,,,,,,,,,,,,,,,,,,,,,,,,,,,,,,,,,,,,,,,,,,,,,,,
2026-08-14,FAVORABLE,24366.0,24084.1019140625,11.3100004196167,ASIANPAINT,Insufficient clean feature history,DATA_ERROR,,,,,,,,,,,,,,,,,,,,,,,,,,,,,,,,,,,,,,,,,,,,,,,,,,,,,,,,,,
2026-08-14,FAVORABLE,24366.0,24084.1019140625,11.3100004196167,BEL,Insufficient clean feature history,DATA_ERROR,,,,,,,,,,,,,,,,,,,,,,,,,,,,,,,,,,,,,,,,,,,,,,,,,,,,,,,,,,
2026-08-14,FAVORABLE,24366.0,24084.1019140625,11.3100004196167,TRENT,Insufficient clean feature history,DATA_ERROR,,,,,,,,,,,,,,,,,,,,,,,,,,,,,,,,,,,,,,,,,,,,,,,,,,,,,,,,,,
2026-08-14,FAVORABLE,24366.0,24084.1019140625,11.3100004196167,GRASIM,Insufficient clean feature history,DATA_ERROR,,,,,,,,,,,,,,,,,,,,,,,,,,,,,,,,,,,,,,,,,,,,,,,,,,,,,,,,,,
2026-08-14,FAVORABLE,24366.0,24084.1019140625,11.3100004196167,HINDALCO,Insufficient clean feature history,DATA_ERROR,,,,,,,,,,,,,,,,,,,,,,,,,,,,,,,,,,,,,,,,,,,,,,,,,,,,,,,,,,
2026-08-14,FAVORABLE,24366.0,24084.1019140625,11.3100004196167,EICHERMOT,Insufficient clean feature history,DATA_ERROR,,,,,,,,,,,,,,,,,,,,,,,,,,,,,,,,,,,,,,,,,,,,,,,,,,,,,,,,,,
2026-08-14,FAVORABLE,24366.0,24084.1019140625,11.3100004196167,SHRIRAMFIN,Insufficient clean feature history,DATA_ERROR,,,,,,,,,,,,,,,,,,,,,,,,,,,,,,,,,,,,,,,,,,,,,,,,,,,,,,,,,,
2026-08-14,FAVORABLE,24366.0,24084.1019140625,11.3100004196167,VEDL,Insufficient clean feature history,DATA_ERROR,,,,,,,,,,,,,,,,,,,,,,,,,,,,,,,,,,,,,,,,,,,,,,,,,,,,,,,,,,
2026-08-14,FAVORABLE,24366.0,24084.1019140625,11.3100004196167,CIPLA,Insufficient clean feature history,DATA_ERROR,,,,,,,,,,,,,,,,,,,,,,,,,,,,,,,,,,,,,,,,,,,,,,,,,,,,,,,,,,
2026-08-14,FAVORABLE,24366.0,24084.1019140625,11.3100004196167,DRREDDY,Insufficient clean feature history,DATA_ERROR,,,,,,,,,,,,,,,,,,,,,,,,,,,,,,,,,,,,,,,,,,,,,,,,,,,,,,,,,,
2026-08-14,FAVORABLE,24366.0,24084.1019140625,11.3100004196167,DIVISLAB,Insufficient clean feature history,DATA_ERROR,,,,,,,,,,,,,,,,,,,,,,,,,,,,,,,,,,,,,,,,,,,,,,,,,,,,,,,,,,
2026-08-14,FAVORABLE,24366.0,24084.1019140625,11.3100004196167,APOLLOHOSP,Insufficient clean feature history,DATA_ERROR,,,,,,,,,,,,,,,,,,,,,,,,,,,,,,,,,,,,,,,,,,,,,,,,,,,,,,,,,,
2026-08-14,FAVORABLE,24366.0,24084.1019140625,11.3100004196167,BRITANNIA,Insufficient clean feature history,DATA_ERROR,,,,,,,,,,,,,,,,,,,,,,,,,,,,,,,,,,,,,,,,,,,,,,,,,,,,,,,,,,
2026-08-14,FAVORABLE,24366.0,24084.1019140625,11.3100004196167,HEROMOTOCO,Insufficient clean feature history,DATA_ERROR,,,,,,,,,,,,,,,,,,,,,,,,,,,,,,,,,,,,,,,,,,,,,,,,,,,,,,,,,,
2026-08-14,FAVORABLE,24366.0,24084.1019140625,11.3100004196167,BAJAJ-AUTO,Insufficient clean feature history,DATA_ERROR,,,,,,,,,,,,,,,,,,,,,,,,,,,,,,,,,,,,,,,,,,,,,,,,,,,,,,,,,,
2026-08-14,FAVORABLE,24366.0,24084.1019140625,11.3100004196167,INDUSINDBK,Insufficient clean feature history,DATA_ERROR,,,,,,,,,,,,,,,,,,,,,,,,,,,,,,,,,,,,,,,,,,,,,,,,,,,,,,,,,,
2026-08-14,FAVORABLE,24366.0,24084.1019140625,11.3100004196167,SBILIFE,Insufficient clean feature history,DATA_ERROR,,,,,,,,,,,,,,,,,,,,,,,,,,,,,,,,,,,,,,,,,,,,,,,,,,,,,,,,,,
2026-08-14,FAVORABLE,24366.0,24084.1019140625,11.3100004196167,HDFCLIFE,Insufficient clean feature history,DATA_ERROR,,,,,,,,,,,,,,,,,,,,,,,,,,,,,,,,,,,,,,,,,,,,,,,,,,,,,,,,,,
2026-08-14,FAVORABLE,24366.0,24084.1019140625,11.3100004196167,TATAELXSI,Insufficient clean feature history,DATA_ERROR,,,,,,,,,,,,,,,,,,,,,,,,,,,,,,,,,,,,,,,,,,,,,,,,,,,,,,,,,,
2026-08-14,FAVORABLE,24366.0,24084.1019140625,11.3100004196167,AUROPHARMA,Insufficient clean feature history,DATA_ERROR,,,,,,,,,,,,,,,,,,,,,,,,,,,,,,,,,,,,,,,,,,,,,,,,,,,,,,,,,,
2026-08-14,FAVORABLE,24366.0,24084.1019140625,11.3100004196167,BOSCHLTD,Insufficient clean feature history,DATA_ERROR,,,,,,,,,,,,,,,,,,,,,,,,,,,,,,,,,,,,,,,,,,,,,,,,,,,,,,,,,,
2026-08-14,FAVORABLE,24366.0,24084.1019140625,11.3100004196167,DLF,Insufficient clean feature history,DATA_ERROR,,,,,,,,,,,,,,,,,,,,,,,,,,,,,,,,,,,,,,,,,,,,,,,,,,,,,,,,,,
2026-08-14,FAVORABLE,24366.0,24084.1019140625,11.3100004196167,NAUKRI,Insufficient clean feature history,DATA_ERROR,,,,,,,,,,,,,,,,,,,,,,,,,,,,,,,,,,,,,,,,,,,,,,,,,,,,,,,,,,
2026-08-14,FAVORABLE,24366.0,24084.1019140625,11.3100004196167,SAIL,Insufficient clean feature history,DATA_ERROR,,,,,,,,,,,,,,,,,,,,,,,,,,,,,,,,,,,,,,,,,,,,,,,,,,,,,,,,,,
2026-08-14,FAVORABLE,24366.0,24084.1019140625,11.3100004196167,ABB,Insufficient clean feature history,DATA_ERROR,,,,,,,,,,,,,,,,,,,,,,,,,,,,,,,,,,,,,,,,,,,,,,,,,,,,,,,,,,
2026-08-14,FAVORABLE,24366.0,24084.1019140625,11.3100004196167,GODREJCP,Insufficient clean feature history,DATA_ERROR,,,,,,,,,,,,,,,,,,,,,,,,,,,,,,,,,,,,,,,,,,,,,,,,,,,,,,,,,,
2026-08-14,FAVORABLE,24366.0,24084.1019140625,11.3100004196167,PIDILITIND,Insufficient clean feature history,DATA_ERROR,,,,,,,,,,,,,,,,,,,,,,,,,,,,,,,,,,,,,,,,,,,,,,,,,,,,,,,,,,
2026-08-14,FAVORABLE,24366.0,24084.1019140625,11.3100004196167,SIEMENS,Insufficient clean feature history,DATA_ERROR,,,,,,,,,,,,,,,,,,,,,,,,,,,,,,,,,,,,,,,,,,,,,,,,,,,,,,,,,,
2026-08-14,FAVORABLE,24366.0,24084.1019140625,11.3100004196167,AMBUJACEM,Insufficient clean feature history,DATA_ERROR,,,,,,,,,,,,,,,,,,,,,,,,,,,,,,,,,,,,,,,,,,,,,,,,,,,,,,,,,,
2026-08-14,FAVORABLE,24366.0,24084.1019140625,11.3100004196167,ACC,Insufficient clean feature history,DATA_ERROR,,,,,,,,,,,,,,,,,,,,,,,,,,,,,,,,,,,,,,,,,,,,,,,,,,,,,,,,,,
2026-08-14,FAVORABLE,24366.0,24084.1019140625,11.3100004196167,BPCL,Insufficient clean feature history,DATA_ERROR,,,,,,,,,,,,,,,,,,,,,,,,,,,,,,,,,,,,,,,,,,,,,,,,,,,,,,,,,,
2026-08-14,FAVORABLE,24366.0,24084.1019140625,11.3100004196167,IOC,Insufficient clean feature history,DATA_ERROR,,,,,,,,,,,,,,,,,,,,,,,,,,,,,,,,,,,,,,,,,,,,,,,,,,,,,,,,,,
2026-08-14,FAVORABLE,24366.0,24084.1019140625,11.3100004196167,HAVELLS,Insufficient clean feature history,DATA_ERROR,,,,,,,,,,,,,,,,,,,,,,,,,,,,,,,,,,,,,,,,,,,,,,,,,,,,,,,,,,
2026-08-17,FAVORABLE,24287.650390625,24102.5209375,11.329999923706055,RELIANCE,Insufficient clean feature history,DATA_ERROR,,,,,,,,,,,,,,,,,,,,,,,,,,,,,,,,,,,,,,,,,,,,,,,,,,,,,,,,,,
2026-08-17,FAVORABLE,24287.650390625,24102.5209375,11.329999923706055,HDFCBANK,Insufficient clean feature history,DATA_ERROR,,,,,,,,,,,,,,,,,,,,,,,,,,,,,,,,,,,,,,,,,,,,,,,,,,,,,,,,,,
2026-08-17,FAVORABLE,24287.650390625,24102.5209375,11.329999923706055,ICICIBANK,Insufficient clean feature history,DATA_ERROR,,,,,,,,,,,,,,,,,,,,,,,,,,,,,,,,,,,,,,,,,,,,,,,,,,,,,,,,,,
2026-08-17,FAVORABLE,24287.650390625,24102.5209375,11.329999923706055,BHARTIARTL,Insufficient clean feature history,DATA_ERROR,,,,,,,,,,,,,,,,,,,,,,,,,,,,,,,,,,,,,,,,,,,,,,,,,,,,,,,,,,
2026-08-17,FAVORABLE,24287.650390625,24102.5209375,11.329999923706055,TCS,Insufficient clean feature history,DATA_ERROR,,,,,,,,,,,,,,,,,,,,,,,,,,,,,,,,,,,,,,,,,,,,,,,,,,,,,,,,,,
2026-08-17,FAVORABLE,24287.650390625,24102.5209375,11.329999923706055,INFY,Insufficient clean feature history,DATA_ERROR,,,,,,,,,,,,,,,,,,,,,,,,,,,,,,,,,,,,,,,,,,,,,,,,,,,,,,,,,,
2026-08-17,FAVORABLE,24287.650390625,24102.5209375,11.329999923706055,ITC,Insufficient clean feature history,DATA_ERROR,,,,,,,,,,,,,,,,,,,,,,,,,,,,,,,,,,,,,,,,,,,,,,,,,,,,,,,,,,
2026-08-17,FAVORABLE,24287.650390625,24102.5209375,11.329999923706055,SBIN,Insufficient clean feature history,DATA_ERROR,,,,,,,,,,,,,,,,,,,,,,,,,,,,,,,,,,,,,,,,,,,,,,,,,,,,,,,,,,
2026-08-17,FAVORABLE,24287.650390625,24102.5209375,11.329999923706055,LT,Insufficient clean feature history,DATA_ERROR,,,,,,,,,,,,,,,,,,,,,,,,,,,,,,,,,,,,,,,,,,,,,,,,,,,,,,,,,,
2026-08-17,FAVORABLE,24287.650390625,24102.5209375,11.329999923706055,AXISBANK,Insufficient clean feature history,DATA_ERROR,,,,,,,,,,,,,,,,,,,,,,,,,,,,,,,,,,,,,,,,,,,,,,,,,,,,,,,,,,
2026-08-17,FAVORABLE,24287.650390625,24102.5209375,11.329999923706055,KOTAKBANK,Insufficient clean feature history,DATA_ERROR,,,,,,,,,,,,,,,,,,,,,,,,,,,,,,,,,,,,,,,,,,,,,,,,,,,,,,,,,,
2026-08-17,FAVORABLE,24287.650390625,24102.5209375,11.329999923706055,M&M,Insufficient clean feature history,DATA_ERROR,,,,,,,,,,,,,,,,,,,,,,,,,,,,,,,,,,,,,,,,,,,,,,,,,,,,,,,,,,
2026-08-17,FAVORABLE,24287.650390625,24102.5209375,11.329999923706055,HINDUNILVR,Insufficient clean feature history,DATA_ERROR,,,,,,,,,,,,,,,,,,,,,,,,,,,,,,,,,,,,,,,,,,,,,,,,,,,,,,,,,,
2026-08-17,FAVORABLE,24287.650390625,24102.5209375,11.329999923706055,BAJFINANCE,Insufficient clean feature history,DATA_ERROR,,,,,,,,,,,,,,,,,,,,,,,,,,,,,,,,,,,,,,,,,,,,,,,,,,,,,,,,,,
2026-08-17,FAVORABLE,24287.650390625,24102.5209375,11.329999923706055,MARUTI,Insufficient clean feature history,DATA_ERROR,,,,,,,,,,,,,,,,,,,,,,,,,,,,,,,,,,,,,,,,,,,,,,,,,,,,,,,,,,
2026-08-17,FAVORABLE,24287.650390625,24102.5209375,11.329999923706055,SUNPHARMA,Insufficient clean feature history,DATA_ERROR,,,,,,,,,,,,,,,,,,,,,,,,,,,,,,,,,,,,,,,,,,,,,,,,,,,,,,,,,,
2026-08-17,FAVORABLE,24287.650390625,24102.5209375,11.329999923706055,HCLTECH,Insufficient clean feature history,DATA_ERROR,,,,,,,,,,,,,,,,,,,,,,,,,,,,,,,,,,,,,,,,,,,,,,,,,,,,,,,,,,
2026-08-17,FAVORABLE,24287.650390625,24102.5209375,11.329999923706055,NTPC,Insufficient clean feature history,DATA_ERROR,,,,,,,,,,,,,,,,,,,,,,,,,,,,,,,,,,,,,,,,,,,,,,,,,,,,,,,,,,
2026-08-17,FAVORABLE,24287.650390625,24102.5209375,11.329999923706055,TITAN,Insufficient clean feature history,DATA_ERROR,,,,,,,,,,,,,,,,,,,,,,,,,,,,,,,,,,,,,,,,,,,,,,,,,,,,,,,,,,
2026-08-17,FAVORABLE,24287.650390625,24102.5209375,11.329999923706055,ADANIENT,Insufficient clean feature history,DATA_ERROR,,,,,,,,,,,,,,,,,,,,,,,,,,,,,,,,,,,,,,,,,,,,,,,,,,,,,,,,,,
2026-08-17,FAVORABLE,24287.650390625,24102.5209375,11.329999923706055,ULTRACEMCO,Insufficient clean feature history,DATA_ERROR,,,,,,,,,,,,,,,,,,,,,,,,,,,,,,,,,,,,,,,,,,,,,,,,,,,,,,,,,,
2026-08-17,FAVORABLE,24287.650390625,24102.5209375,11.329999923706055,ONGC,Insufficient clean feature history,DATA_ERROR,,,,,,,,,,,,,,,,,,,,,,,,,,,,,,,,,,,,,,,,,,,,,,,,,,,,,,,,,,
2026-08-17,FAVORABLE,24287.650390625,24102.5209375,11.329999923706055,POWERGRID,Insufficient clean feature history,DATA_ERROR,,,,,,,,,,,,,,,,,,,,,,,,,,,,,,,,,,,,,,,,,,,,,,,,,,,,,,,,,,
2026-08-17,FAVORABLE,24287.650390625,24102.5209375,11.329999923706055,TATASTEEL,Insufficient clean feature history,DATA_ERROR,,,,,,,,,,,,,,,,,,,,,,,,,,,,,,,,,,,,,,,,,,,,,,,,,,,,,,,,,,
2026-08-17,FAVORABLE,24287.650390625,24102.5209375,11.329999923706055,JSWSTEEL,Insufficient clean feature history,DATA_ERROR,,,,,,,,,,,,,,,,,,,,,,,,,,,,,,,,,,,,,,,,,,,,,,,,,,,,,,,,,,
2026-08-17,FAVORABLE,24287.650390625,24102.5209375,11.329999923706055,COALINDIA,Insufficient clean feature history,DATA_ERROR,,,,,,,,,,,,,,,,,,,,,,,,,,,,,,,,,,,,,,,,,,,,,,,,,,,,,,,,,,
2026-08-17,FAVORABLE,24287.650390625,24102.5209375,11.329999923706055,ADANIPORTS,Insufficient clean feature history,DATA_ERROR,,,,,,,,,,,,,,,,,,,,,,,,,,,,,,,,,,,,,,,,,,,,,,,,,,,,,,,,,,
2026-08-17,FAVORABLE,24287.650390625,24102.5209375,11.329999923706055,BAJAJFINSV,Insufficient clean feature history,DATA_ERROR,,,,,,,,,,,,,,,,,,,,,,,,,,,,,,,,,,,,,,,,,,,,,,,,,,,,,,,,,,
2026-08-17,FAVORABLE,24287.650390625,24102.5209375,11.329999923706055,WIPRO,Insufficient clean feature history,DATA_ERROR,,,,,,,,,,,,,,,,,,,,,,,,,,,,,,,,,,,,,,,,,,,,,,,,,,,,,,,,,,
2026-08-17,FAVORABLE,24287.650390625,24102.5209375,11.329999923706055,NESTLEIND,Insufficient clean feature history,DATA_ERROR,,,,,,,,,,,,,,,,,,,,,,,,,,,,,,,,,,,,,,,,,,,,,,,,,,,,,,,,,,
2026-08-17,FAVORABLE,24287.650390625,24102.5209375,11.329999923706055,TECHM,Insufficient clean feature history,DATA_ERROR,,,,,,,,,,,,,,,,,,,,,,,,,,,,,,,,,,,,,,,,,,,,,,,,,,,,,,,,,,
2026-08-17,FAVORABLE,24287.650390625,24102.5209375,11.329999923706055,ASIANPAINT,Insufficient clean feature history,DATA_ERROR,,,,,,,,,,,,,,,,,,,,,,,,,,,,,,,,,,,,,,,,,,,,,,,,,,,,,,,,,,
2026-08-17,FAVORABLE,24287.650390625,24102.5209375,11.329999923706055,BEL,Insufficient clean feature history,DATA_ERROR,,,,,,,,,,,,,,,,,,,,,,,,,,,,,,,,,,,,,,,,,,,,,,,,,,,,,,,,,,
2026-08-17,FAVORABLE,24287.650390625,24102.5209375,11.329999923706055,TRENT,Insufficient clean feature history,DATA_ERROR,,,,,,,,,,,,,,,,,,,,,,,,,,,,,,,,,,,,,,,,,,,,,,,,,,,,,,,,,,
2026-08-17,FAVORABLE,24287.650390625,24102.5209375,11.329999923706055,GRASIM,Insufficient clean feature history,DATA_ERROR,,,,,,,,,,,,,,,,,,,,,,,,,,,,,,,,,,,,,,,,,,,,,,,,,,,,,,,,,,
2026-08-17,FAVORABLE,24287.650390625,24102.5209375,11.329999923706055,HINDALCO,Insufficient clean feature history,DATA_ERROR,,,,,,,,,,,,,,,,,,,,,,,,,,,,,,,,,,,,,,,,,,,,,,,,,,,,,,,,,,
2026-08-17,FAVORABLE,24287.650390625,24102.5209375,11.329999923706055,EICHERMOT,Insufficient clean feature history,DATA_ERROR,,,,,,,,,,,,,,,,,,,,,,,,,,,,,,,,,,,,,,,,,,,,,,,,,,,,,,,,,,
2026-08-17,FAVORABLE,24287.650390625,24102.5209375,11.329999923706055,SHRIRAMFIN,Insufficient clean feature history,DATA_ERROR,,,,,,,,,,,,,,,,,,,,,,,,,,,,,,,,,,,,,,,,,,,,,,,,,,,,,,,,,,
2026-08-17,FAVORABLE,24287.650390625,24102.5209375,11.329999923706055,VEDL,Insufficient clean feature history,DATA_ERROR,,,,,,,,,,,,,,,,,,,,,,,,,,,,,,,,,,,,,,,,,,,,,,,,,,,,,,,,,,
2026-08-17,FAVORABLE,24287.650390625,24102.5209375,11.329999923706055,CIPLA,Insufficient clean feature history,DATA_ERROR,,,,,,,,,,,,,,,,,,,,,,,,,,,,,,,,,,,,,,,,,,,,,,,,,,,,,,,,,,
2026-08-17,FAVORABLE,24287.650390625,24102.5209375,11.329999923706055,DRREDDY,Insufficient clean feature history,DATA_ERROR,,,,,,,,,,,,,,,,,,,,,,,,,,,,,,,,,,,,,,,,,,,,,,,,,,,,,,,,,,
2026-08-17,FAVORABLE,24287.650390625,24102.5209375,11.329999923706055,DIVISLAB,Insufficient clean feature history,DATA_ERROR,,,,,,,,,,,,,,,,,,,,,,,,,,,,,,,,,,,,,,,,,,,,,,,,,,,,,,,,,,
2026-08-17,FAVORABLE,24287.650390625,24102.5209375,11.329999923706055,APOLLOHOSP,Insufficient clean feature history,DATA_ERROR,,,,,,,,,,,,,,,,,,,,,,,,,,,,,,,,,,,,,,,,,,,,,,,,,,,,,,,,,,
2026-08-17,FAVORABLE,24287.650390625,24102.5209375,11.329999923706055,BRITANNIA,Insufficient clean feature history,DATA_ERROR,,,,,,,,,,,,,,,,,,,,,,,,,,,,,,,,,,,,,,,,,,,,,,,,,,,,,,,,,,
2026-08-17,FAVORABLE,24287.650390625,24102.5209375,11.329999923706055,HEROMOTOCO,Insufficient clean feature history,DATA_ERROR,,,,,,,,,,,,,,,,,,,,,,,,,,,,,,,,,,,,,,,,,,,,,,,,,,,,,,,,,,
2026-08-17,FAVORABLE,24287.650390625,24102.5209375,11.329999923706055,BAJAJ-AUTO,Insufficient clean feature history,DATA_ERROR,,,,,,,,,,,,,,,,,,,,,,,,,,,,,,,,,,,,,,,,,,,,,,,,,,,,,,,,,,
2026-08-17,FAVORABLE,24287.650390625,24102.5209375,11.329999923706055,INDUSINDBK,Insufficient clean feature history,DATA_ERROR,,,,,,,,,,,,,,,,,,,,,,,,,,,,,,,,,,,,,,,,,,,,,,,,,,,,,,,,,,
2026-08-17,FAVORABLE,24287.650390625,24102.5209375,11.329999923706055,SBILIFE,Insufficient clean feature history,DATA_ERROR,,,,,,,,,,,,,,,,,,,,,,,,,,,,,,,,,,,,,,,,,,,,,,,,,,,,,,,,,,
2026-08-17,FAVORABLE,24287.650390625,24102.5209375,11.329999923706055,HDFCLIFE,Insufficient clean feature history,DATA_ERROR,,,,,,,,,,,,,,,,,,,,,,,,,,,,,,,,,,,,,,,,,,,,,,,,,,,,,,,,,,
2026-08-17,FAVORABLE,24287.650390625,24102.5209375,11.329999923706055,TATAELXSI,Insufficient clean feature history,DATA_ERROR,,,,,,,,,,,,,,,,,,,,,,,,,,,,,,,,,,,,,,,,,,,,,,,,,,,,,,,,,,
2026-08-17,FAVORABLE,24287.650390625,24102.5209375,11.329999923706055,AUROPHARMA,Insufficient clean feature history,DATA_ERROR,,,,,,,,,,,,,,,,,,,,,,,,,,,,,,,,,,,,,,,,,,,,,,,,,,,,,,,,,,
2026-08-17,FAVORABLE,24287.650390625,24102.5209375,11.329999923706055,BOSCHLTD,Insufficient clean feature history,DATA_ERROR,,,,,,,,,,,,,,,,,,,,,,,,,,,,,,,,,,,,,,,,,,,,,,,,,,,,,,,,,,
2026-08-17,FAVORABLE,24287.650390625,24102.5209375,11.329999923706055,DLF,Insufficient clean feature history,DATA_ERROR,,,,,,,,,,,,,,,,,,,,,,,,,,,,,,,,,,,,,,,,,,,,,,,,,,,,,,,,,,
2026-08-17,FAVORABLE,24287.650390625,24102.5209375,11.329999923706055,NAUKRI,Insufficient clean feature history,DATA_ERROR,,,,,,,,,,,,,,,,,,,,,,,,,,,,,,,,,,,,,,,,,,,,,,,,,,,,,,,,,,
2026-08-17,FAVORABLE,24287.650390625,24102.5209375,11.329999923706055,SAIL,Insufficient clean feature history,DATA_ERROR,,,,,,,,,,,,,,,,,,,,,,,,,,,,,,,,,,,,,,,,,,,,,,,,,,,,,,,,,,
2026-08-17,FAVORABLE,24287.650390625,24102.5209375,11.329999923706055,ABB,Insufficient clean feature history,DATA_ERROR,,,,,,,,,,,,,,,,,,,,,,,,,,,,,,,,,,,,,,,,,,,,,,,,,,,,,,,,,,
2026-08-17,FAVORABLE,24287.650390625,24102.5209375,11.329999923706055,GODREJCP,Insufficient clean feature history,DATA_ERROR,,,,,,,,,,,,,,,,,,,,,,,,,,,,,,,,,,,,,,,,,,,,,,,,,,,,,,,,,,
2026-08-17,FAVORABLE,24287.650390625,24102.5209375,11.329999923706055,PIDILITIND,Insufficient clean feature history,DATA_ERROR,,,,,,,,,,,,,,,,,,,,,,,,,,,,,,,,,,,,,,,,,,,,,,,,,,,,,,,,,,
2026-08-17,FAVORABLE,24287.650390625,24102.5209375,11.329999923706055,SIEMENS,Insufficient clean feature history,DATA_ERROR,,,,,,,,,,,,,,,,,,,,,,,,,,,,,,,,,,,,,,,,,,,,,,,,,,,,,,,,,,
2026-08-17,FAVORABLE,24287.650390625,24102.5209375,11.329999923706055,AMBUJACEM,Insufficient clean feature history,DATA_ERROR,,,,,,,,,,,,,,,,,,,,,,,,,,,,,,,,,,,,,,,,,,,,,,,,,,,,,,,,,,
2026-08-17,FAVORABLE,24287.650390625,24102.5209375,11.329999923706055,ACC,Insufficient clean feature history,DATA_ERROR,,,,,,,,,,,,,,,,,,,,,,,,,,,,,,,,,,,,,,,,,,,,,,,,,,,,,,,,,,
2026-08-17,FAVORABLE,24287.650390625,24102.5209375,11.329999923706055,BPCL,Insufficient clean feature history,DATA_ERROR,,,,,,,,,,,,,,,,,,,,,,,,,,,,,,,,,,,,,,,,,,,,,,,,,,,,,,,,,,
2026-08-17,FAVORABLE,24287.650390625,24102.5209375,11.329999923706055,IOC,Insufficient clean feature history,DATA_ERROR,,,,,,,,,,,,,,,,,,,,,,,,,,,,,,,,,,,,,,,,,,,,,,,,,,,,,,,,,,
2026-08-17,FAVORABLE,24287.650390625,24102.5209375,11.329999923706055,HAVELLS,Insufficient clean feature history,DATA_ERROR,,,,,,,,,,,,,,,,,,,,,,,,,,,,,,,,,,,,,,,,,,,,,,,,,,,,,,,,,,
2026-08-18,FAVORABLE,24154.900390625,24123.1589453125,11.390000343322754,RELIANCE,Insufficient clean feature history,DATA_ERROR,,,,,,,,,,,,,,,,,,,,,,,,,,,,,,,,,,,,,,,,,,,,,,,,,,,,,,,,,,
2026-08-18,FAVORABLE,24154.900390625,24123.1589453125,11.390000343322754,HDFCBANK,Insufficient clean feature history,DATA_ERROR,,,,,,,,,,,,,,,,,,,,,,,,,,,,,,,,,,,,,,,,,,,,,,,,,,,,,,,,,,
2026-08-18,FAVORABLE,24154.900390625,24123.1589453125,11.390000343322754,ICICIBANK,Insufficient clean feature history,DATA_ERROR,,,,,,,,,,,,,,,,,,,,,,,,,,,,,,,,,,,,,,,,,,,,,,,,,,,,,,,,,,
2026-08-18,FAVORABLE,24154.900390625,24123.1589453125,11.390000343322754,BHARTIARTL,Insufficient clean feature history,DATA_ERROR,,,,,,,,,,,,,,,,,,,,,,,,,,,,,,,,,,,,,,,,,,,,,,,,,,,,,,,,,,
2026-08-18,FAVORABLE,24154.900390625,24123.1589453125,11.390000343322754,TCS,Insufficient clean feature history,DATA_ERROR,,,,,,,,,,,,,,,,,,,,,,,,,,,,,,,,,,,,,,,,,,,,,,,,,,,,,,,,,,
2026-08-18,FAVORABLE,24154.900390625,24123.1589453125,11.390000343322754,INFY,Insufficient clean feature history,DATA_ERROR,,,,,,,,,,,,,,,,,,,,,,,,,,,,,,,,,,,,,,,,,,,,,,,,,,,,,,,,,,
2026-08-18,FAVORABLE,24154.900390625,24123.1589453125,11.390000343322754,ITC,Insufficient clean feature history,DATA_ERROR,,,,,,,,,,,,,,,,,,,,,,,,,,,,,,,,,,,,,,,,,,,,,,,,,,,,,,,,,,
2026-08-18,FAVORABLE,24154.900390625,24123.1589453125,11.390000343322754,SBIN,Insufficient clean feature history,DATA_ERROR,,,,,,,,,,,,,,,,,,,,,,,,,,,,,,,,,,,,,,,,,,,,,,,,,,,,,,,,,,
2026-08-18,FAVORABLE,24154.900390625,24123.1589453125,11.390000343322754,LT,Insufficient clean feature history,DATA_ERROR,,,,,,,,,,,,,,,,,,,,,,,,,,,,,,,,,,,,,,,,,,,,,,,,,,,,,,,,,,
2026-08-18,FAVORABLE,24154.900390625,24123.1589453125,11.390000343322754,AXISBANK,Insufficient clean feature history,DATA_ERROR,,,,,,,,,,,,,,,,,,,,,,,,,,,,,,,,,,,,,,,,,,,,,,,,,,,,,,,,,,
2026-08-18,FAVORABLE,24154.900390625,24123.1589453125,11.390000343322754,KOTAKBANK,Insufficient clean feature history,DATA_ERROR,,,,,,,,,,,,,,,,,,,,,,,,,,,,,,,,,,,,,,,,,,,,,,,,,,,,,,,,,,
2026-08-18,FAVORABLE,24154.900390625,24123.1589453125,11.390000343322754,M&M,Insufficient clean feature history,DATA_ERROR,,,,,,,,,,,,,,,,,,,,,,,,,,,,,,,,,,,,,,,,,,,,,,,,,,,,,,,,,,
2026-08-18,FAVORABLE,24154.900390625,24123.1589453125,11.390000343322754,HINDUNILVR,Insufficient clean feature history,DATA_ERROR,,,,,,,,,,,,,,,,,,,,,,,,,,,,,,,,,,,,,,,,,,,,,,,,,,,,,,,,,,
2026-08-18,FAVORABLE,24154.900390625,24123.1589453125,11.390000343322754,BAJFINANCE,Insufficient clean feature history,DATA_ERROR,,,,,,,,,,,,,,,,,,,,,,,,,,,,,,,,,,,,,,,,,,,,,,,,,,,,,,,,,,
2026-08-18,FAVORABLE,24154.900390625,24123.1589453125,11.390000343322754,MARUTI,Insufficient clean feature history,DATA_ERROR,,,,,,,,,,,,,,,,,,,,,,,,,,,,,,,,,,,,,,,,,,,,,,,,,,,,,,,,,,
2026-08-18,FAVORABLE,24154.900390625,24123.1589453125,11.390000343322754,SUNPHARMA,Insufficient clean feature history,DATA_ERROR,,,,,,,,,,,,,,,,,,,,,,,,,,,,,,,,,,,,,,,,,,,,,,,,,,,,,,,,,,
2026-08-18,FAVORABLE,24154.900390625,24123.1589453125,11.390000343322754,HCLTECH,Insufficient clean feature history,DATA_ERROR,,,,,,,,,,,,,,,,,,,,,,,,,,,,,,,,,,,,,,,,,,,,,,,,,,,,,,,,,,
2026-08-18,FAVORABLE,24154.900390625,24123.1589453125,11.390000343322754,NTPC,Insufficient clean feature history,DATA_ERROR,,,,,,,,,,,,,,,,,,,,,,,,,,,,,,,,,,,,,,,,,,,,,,,,,,,,,,,,,,
2026-08-18,FAVORABLE,24154.900390625,24123.1589453125,11.390000343322754,TITAN,Insufficient clean feature history,DATA_ERROR,,,,,,,,,,,,,,,,,,,,,,,,,,,,,,,,,,,,,,,,,,,,,,,,,,,,,,,,,,
2026-08-18,FAVORABLE,24154.900390625,24123.1589453125,11.390000343322754,ADANIENT,Insufficient clean feature history,DATA_ERROR,,,,,,,,,,,,,,,,,,,,,,,,,,,,,,,,,,,,,,,,,,,,,,,,,,,,,,,,,,
2026-08-18,FAVORABLE,24154.900390625,24123.1589453125,11.390000343322754,ULTRACEMCO,Insufficient clean feature history,DATA_ERROR,,,,,,,,,,,,,,,,,,,,,,,,,,,,,,,,,,,,,,,,,,,,,,,,,,,,,,,,,,
2026-08-18,FAVORABLE,24154.900390625,24123.1589453125,11.390000343322754,ONGC,Insufficient clean feature history,DATA_ERROR,,,,,,,,,,,,,,,,,,,,,,,,,,,,,,,,,,,,,,,,,,,,,,,,,,,,,,,,,,
2026-08-18,FAVORABLE,24154.900390625,24123.1589453125,11.390000343322754,POWERGRID,Insufficient clean feature history,DATA_ERROR,,,,,,,,,,,,,,,,,,,,,,,,,,,,,,,,,,,,,,,,,,,,,,,,,,,,,,,,,,
2026-08-18,FAVORABLE,24154.900390625,24123.1589453125,11.390000343322754,TATASTEEL,Insufficient clean feature history,DATA_ERROR,,,,,,,,,,,,,,,,,,,,,,,,,,,,,,,,,,,,,,,,,,,,,,,,,,,,,,,,,,
2026-08-18,FAVORABLE,24154.900390625,24123.1589453125,11.390000343322754,JSWSTEEL,Insufficient clean feature history,DATA_ERROR,,,,,,,,,,,,,,,,,,,,,,,,,,,,,,,,,,,,,,,,,,,,,,,,,,,,,,,,,,
2026-08-18,FAVORABLE,24154.900390625,24123.1589453125,11.390000343322754,COALINDIA,Insufficient clean feature history,DATA_ERROR,,,,,,,,,,,,,,,,,,,,,,,,,,,,,,,,,,,,,,,,,,,,,,,,,,,,,,,,,,
2026-08-18,FAVORABLE,24154.900390625,24123.1589453125,11.390000343322754,ADANIPORTS,Insufficient clean feature history,DATA_ERROR,,,,,,,,,,,,,,,,,,,,,,,,,,,,,,,,,,,,,,,,,,,,,,,,,,,,,,,,,,
2026-08-18,FAVORABLE,24154.900390625,24123.1589453125,11.390000343322754,BAJAJFINSV,Insufficient clean feature history,DATA_ERROR,,,,,,,,,,,,,,,,,,,,,,,,,,,,,,,,,,,,,,,,,,,,,,,,,,,,,,,,,,
2026-08-18,FAVORABLE,24154.900390625,24123.1589453125,11.390000343322754,WIPRO,Insufficient clean feature history,DATA_ERROR,,,,,,,,,,,,,,,,,,,,,,,,,,,,,,,,,,,,,,,,,,,,,,,,,,,,,,,,,,
2026-08-18,FAVORABLE,24154.900390625,24123.1589453125,11.390000343322754,NESTLEIND,Insufficient clean feature history,DATA_ERROR,,,,,,,,,,,,,,,,,,,,,,,,,,,,,,,,,,,,,,,,,,,,,,,,,,,,,,,,,,
2026-08-18,FAVORABLE,24154.900390625,24123.1589453125,11.390000343322754,TECHM,Insufficient clean feature history,DATA_ERROR,,,,,,,,,,,,,,,,,,,,,,,,,,,,,,,,,,,,,,,,,,,,,,,,,,,,,,,,,,
2026-08-18,FAVORABLE,24154.900390625,24123.1589453125,11.390000343322754,ASIANPAINT,Insufficient clean feature history,DATA_ERROR,,,,,,,,,,,,,,,,,,,,,,,,,,,,,,,,,,,,,,,,,,,,,,,,,,,,,,,,,,
2026-08-18,FAVORABLE,24154.900390625,24123.1589453125,11.390000343322754,BEL,Insufficient clean feature history,DATA_ERROR,,,,,,,,,,,,,,,,,,,,,,,,,,,,,,,,,,,,,,,,,,,,,,,,,,,,,,,,,,
2026-08-18,FAVORABLE,24154.900390625,24123.1589453125,11.390000343322754,TRENT,Insufficient clean feature history,DATA_ERROR,,,,,,,,,,,,,,,,,,,,,,,,,,,,,,,,,,,,,,,,,,,,,,,,,,,,,,,,,,
2026-08-18,FAVORABLE,24154.900390625,24123.1589453125,11.390000343322754,GRASIM,Insufficient clean feature history,DATA_ERROR,,,,,,,,,,,,,,,,,,,,,,,,,,,,,,,,,,,,,,,,,,,,,,,,,,,,,,,,,,
2026-08-18,FAVORABLE,24154.900390625,24123.1589453125,11.390000343322754,HINDALCO,Insufficient clean feature history,DATA_ERROR,,,,,,,,,,,,,,,,,,,,,,,,,,,,,,,,,,,,,,,,,,,,,,,,,,,,,,,,,,
2026-08-18,FAVORABLE,24154.900390625,24123.1589453125,11.390000343322754,EICHERMOT,Insufficient clean feature history,DATA_ERROR,,,,,,,,,,,,,,,,,,,,,,,,,,,,,,,,,,,,,,,,,,,,,,,,,,,,,,,,,,
2026-08-18,FAVORABLE,24154.900390625,24123.1589453125,11.390000343322754,SHRIRAMFIN,Insufficient clean feature history,DATA_ERROR,,,,,,,,,,,,,,,,,,,,,,,,,,,,,,,,,,,,,,,,,,,,,,,,,,,,,,,,,,
2026-08-18,FAVORABLE,24154.900390625,24123.1589453125,11.390000343322754,VEDL,Insufficient clean feature history,DATA_ERROR,,,,,,,,,,,,,,,,,,,,,,,,,,,,,,,,,,,,,,,,,,,,,,,,,,,,,,,,,,
2026-08-18,FAVORABLE,24154.900390625,24123.1589453125,11.390000343322754,CIPLA,Insufficient clean feature history,DATA_ERROR,,,,,,,,,,,,,,,,,,,,,,,,,,,,,,,,,,,,,,,,,,,,,,,,,,,,,,,,,,
2026-08-18,FAVORABLE,24154.900390625,24123.1589453125,11.390000343322754,DRREDDY,Insufficient clean feature history,DATA_ERROR,,,,,,,,,,,,,,,,,,,,,,,,,,,,,,,,,,,,,,,,,,,,,,,,,,,,,,,,,,
2026-08-18,FAVORABLE,24154.900390625,24123.1589453125,11.390000343322754,DIVISLAB,Insufficient clean feature history,DATA_ERROR,,,,,,,,,,,,,,,,,,,,,,,,,,,,,,,,,,,,,,,,,,,,,,,,,,,,,,,,,,
2026-08-18,FAVORABLE,24154.900390625,24123.1589453125,11.390000343322754,APOLLOHOSP,Insufficient clean feature history,DATA_ERROR,,,,,,,,,,,,,,,,,,,,,,,,,,,,,,,,,,,,,,,,,,,,,,,,,,,,,,,,,,
2026-08-18,FAVORABLE,24154.900390625,24123.1589453125,11.390000343322754,BRITANNIA,Insufficient clean feature history,DATA_ERROR,,,,,,,,,,,,,,,,,,,,,,,,,,,,,,,,,,,,,,,,,,,,,,,,,,,,,,,,,,
2026-08-18,FAVORABLE,24154.900390625,24123.1589453125,11.390000343322754,HEROMOTOCO,Insufficient clean feature history,DATA_ERROR,,,,,,,,,,,,,,,,,,,,,,,,,,,,,,,,,,,,,,,,,,,,,,,,,,,,,,,,,,
2026-08-18,FAVORABLE,24154.900390625,24123.1589453125,11.390000343322754,BAJAJ-AUTO,Insufficient clean feature history,DATA_ERROR,,,,,,,,,,,,,,,,,,,,,,,,,,,,,,,,,,,,,,,,,,,,,,,,,,,,,,,,,,
2026-08-18,FAVORABLE,24154.900390625,24123.1589453125,11.390000343322754,INDUSINDBK,Insufficient clean feature history,DATA_ERROR,,,,,,,,,,,,,,,,,,,,,,,,,,,,,,,,,,,,,,,,,,,,,,,,,,,,,,,,,,
2026-08-18,FAVORABLE,24154.900390625,24123.1589453125,11.390000343322754,SBILIFE,Insufficient clean feature history,DATA_ERROR,,,,,,,,,,,,,,,,,,,,,,,,,,,,,,,,,,,,,,,,,,,,,,,,,,,,,,,,,,
2026-08-18,FAVORABLE,24154.900390625,24123.1589453125,11.390000343322754,HDFCLIFE,Insufficient clean feature history,DATA_ERROR,,,,,,,,,,,,,,,,,,,,,,,,,,,,,,,,,,,,,,,,,,,,,,,,,,,,,,,,,,
2026-08-18,FAVORABLE,24154.900390625,24123.1589453125,11.390000343322754,TATAELXSI,Insufficient clean feature history,DATA_ERROR,,,,,,,,,,,,,,,,,,,,,,,,,,,,,,,,,,,,,,,,,,,,,,,,,,,,,,,,,,
2026-08-18,FAVORABLE,24154.900390625,24123.1589453125,11.390000343322754,AUROPHARMA,Insufficient clean feature history,DATA_ERROR,,,,,,,,,,,,,,,,,,,,,,,,,,,,,,,,,,,,,,,,,,,,,,,,,,,,,,,,,,
2026-08-18,FAVORABLE,24154.900390625,24123.1589453125,11.390000343322754,BOSCHLTD,Insufficient clean feature history,DATA_ERROR,,,,,,,,,,,,,,,,,,,,,,,,,,,,,,,,,,,,,,,,,,,,,,,,,,,,,,,,,,
2026-08-18,FAVORABLE,24154.900390625,24123.1589453125,11.390000343322754,DLF,Insufficient clean feature history,DATA_ERROR,,,,,,,,,,,,,,,,,,,,,,,,,,,,,,,,,,,,,,,,,,,,,,,,,,,,,,,,,,
2026-08-18,FAVORABLE,24154.900390625,24123.1589453125,11.390000343322754,NAUKRI,Insufficient clean feature history,DATA_ERROR,,,,,,,,,,,,,,,,,,,,,,,,,,,,,,,,,,,,,,,,,,,,,,,,,,,,,,,,,,
2026-08-18,FAVORABLE,24154.900390625,24123.1589453125,11.390000343322754,SAIL,Insufficient clean feature history,DATA_ERROR,,,,,,,,,,,,,,,,,,,,,,,,,,,,,,,,,,,,,,,,,,,,,,,,,,,,,,,,,,
2026-08-18,FAVORABLE,24154.900390625,24123.1589453125,11.390000343322754,ABB,Insufficient clean feature history,DATA_ERROR,,,,,,,,,,,,,,,,,,,,,,,,,,,,,,,,,,,,,,,,,,,,,,,,,,,,,,,,,,
2026-08-18,FAVORABLE,24154.900390625,24123.1589453125,11.390000343322754,GODREJCP,Insufficient clean feature history,DATA_ERROR,,,,,,,,,,,,,,,,,,,,,,,,,,,,,,,,,,,,,,,,,,,,,,,,,,,,,,,,,,
2026-08-18,FAVORABLE,24154.900390625,24123.1589453125,11.390000343322754,PIDILITIND,Insufficient clean feature history,DATA_ERROR,,,,,,,,,,,,,,,,,,,,,,,,,,,,,,,,,,,,,,,,,,,,,,,,,,,,,,,,,,
2026-08-18,FAVORABLE,24154.900390625,24123.1589453125,11.390000343322754,SIEMENS,Insufficient clean feature history,DATA_ERROR,,,,,,,,,,,,,,,,,,,,,,,,,,,,,,,,,,,,,,,,,,,,,,,,,,,,,,,,,,
2026-08-18,FAVORABLE,24154.900390625,24123.1589453125,11.390000343322754,AMBUJACEM,Insufficient clean feature history,DATA_ERROR,,,,,,,,,,,,,,,,,,,,,,,,,,,,,,,,,,,,,,,,,,,,,,,,,,,,,,,,,,
2026-08-18,FAVORABLE,24154.900390625,24123.1589453125,11.390000343322754,ACC,Insufficient clean feature history,DATA_ERROR,,,,,,,,,,,,,,,,,,,,,,,,,,,,,,,,,,,,,,,,,,,,,,,,,,,,,,,,,,
2026-08-18,FAVORABLE,24154.900390625,24123.1589453125,11.390000343322754,BPCL,Insufficient clean feature history,DATA_ERROR,,,,,,,,,,,,,,,,,,,,,,,,,,,,,,,,,,,,,,,,,,,,,,,,,,,,,,,,,,
2026-08-18,FAVORABLE,24154.900390625,24123.1589453125,11.390000343322754,IOC,Insufficient clean feature history,DATA_ERROR,,,,,,,,,,,,,,,,,,,,,,,,,,,,,,,,,,,,,,,,,,,,,,,,,,,,,,,,,,
2026-08-18,FAVORABLE,24154.900390625,24123.1589453125,11.390000343322754,HAVELLS,Insufficient clean feature history,DATA_ERROR,,,,,,,,,,,,,,,,,,,,,,,,,,,,,,,,,,,,,,,,,,,,,,,,,,,,,,,,,,
2026-08-19,MIXED,24078.30078125,24139.88296875,11.319999694824219,RELIANCE,Insufficient clean feature history,DATA_ERROR,,,,,,,,,,,,,,,,,,,,,,,,,,,,,,,,,,,,,,,,,,,,,,,,,,,,,,,,,,
2026-08-19,MIXED,24078.30078125,24139.88296875,11.319999694824219,HDFCBANK,Insufficient clean feature history,DATA_ERROR,,,,,,,,,,,,,,,,,,,,,,,,,,,,,,,,,,,,,,,,,,,,,,,,,,,,,,,,,,
2026-08-19,MIXED,24078.30078125,24139.88296875,11.319999694824219,ICICIBANK,Insufficient clean feature history,DATA_ERROR,,,,,,,,,,,,,,,,,,,,,,,,,,,,,,,,,,,,,,,,,,,,,,,,,,,,,,,,,,
2026-08-19,MIXED,24078.30078125,24139.88296875,11.319999694824219,BHARTIARTL,Insufficient clean feature history,DATA_ERROR,,,,,,,,,,,,,,,,,,,,,,,,,,,,,,,,,,,,,,,,,,,,,,,,,,,,,,,,,,
2026-08-19,MIXED,24078.30078125,24139.88296875,11.319999694824219,TCS,Insufficient clean feature history,DATA_ERROR,,,,,,,,,,,,,,,,,,,,,,,,,,,,,,,,,,,,,,,,,,,,,,,,,,,,,,,,,,
2026-08-19,MIXED,24078.30078125,24139.88296875,11.319999694824219,INFY,Insufficient clean feature history,DATA_ERROR,,,,,,,,,,,,,,,,,,,,,,,,,,,,,,,,,,,,,,,,,,,,,,,,,,,,,,,,,,
2026-08-19,MIXED,24078.30078125,24139.88296875,11.319999694824219,ITC,Insufficient clean feature history,DATA_ERROR,,,,,,,,,,,,,,,,,,,,,,,,,,,,,,,,,,,,,,,,,,,,,,,,,,,,,,,,,,
2026-08-19,MIXED,24078.30078125,24139.88296875,11.319999694824219,SBIN,Insufficient clean feature history,DATA_ERROR,,,,,,,,,,,,,,,,,,,,,,,,,,,,,,,,,,,,,,,,,,,,,,,,,,,,,,,,,,
2026-08-19,MIXED,24078.30078125,24139.88296875,11.319999694824219,LT,Insufficient clean feature history,DATA_ERROR,,,,,,,,,,,,,,,,,,,,,,,,,,,,,,,,,,,,,,,,,,,,,,,,,,,,,,,,,,
2026-08-19,MIXED,24078.30078125,24139.88296875,11.319999694824219,AXISBANK,Insufficient clean feature history,DATA_ERROR,,,,,,,,,,,,,,,,,,,,,,,,,,,,,,,,,,,,,,,,,,,,,,,,,,,,,,,,,,
2026-08-19,MIXED,24078.30078125,24139.88296875,11.319999694824219,KOTAKBANK,Insufficient clean feature history,DATA_ERROR,,,,,,,,,,,,,,,,,,,,,,,,,,,,,,,,,,,,,,,,,,,,,,,,,,,,,,,,,,
2026-08-19,MIXED,24078.30078125,24139.88296875,11.319999694824219,M&M,Insufficient clean feature history,DATA_ERROR,,,,,,,,,,,,,,,,,,,,,,,,,,,,,,,,,,,,,,,,,,,,,,,,,,,,,,,,,,
2026-08-19,MIXED,24078.30078125,24139.88296875,11.319999694824219,HINDUNILVR,Insufficient clean feature history,DATA_ERROR,,,,,,,,,,,,,,,,,,,,,,,,,,,,,,,,,,,,,,,,,,,,,,,,,,,,,,,,,,
2026-08-19,MIXED,24078.30078125,24139.88296875,11.319999694824219,BAJFINANCE,Insufficient clean feature history,DATA_ERROR,,,,,,,,,,,,,,,,,,,,,,,,,,,,,,,,,,,,,,,,,,,,,,,,,,,,,,,,,,
2026-08-19,MIXED,24078.30078125,24139.88296875,11.319999694824219,MARUTI,Insufficient clean feature history,DATA_ERROR,,,,,,,,,,,,,,,,,,,,,,,,,,,,,,,,,,,,,,,,,,,,,,,,,,,,,,,,,,
2026-08-19,MIXED,24078.30078125,24139.88296875,11.319999694824219,SUNPHARMA,Insufficient clean feature history,DATA_ERROR,,,,,,,,,,,,,,,,,,,,,,,,,,,,,,,,,,,,,,,,,,,,,,,,,,,,,,,,,,
2026-08-19,MIXED,24078.30078125,24139.88296875,11.319999694824219,HCLTECH,Insufficient clean feature history,DATA_ERROR,,,,,,,,,,,,,,,,,,,,,,,,,,,,,,,,,,,,,,,,,,,,,,,,,,,,,,,,,,
2026-08-19,MIXED,24078.30078125,24139.88296875,11.319999694824219,NTPC,Insufficient clean feature history,DATA_ERROR,,,,,,,,,,,,,,,,,,,,,,,,,,,,,,,,,,,,,,,,,,,,,,,,,,,,,,,,,,
2026-08-19,MIXED,24078.30078125,24139.88296875,11.319999694824219,TITAN,Insufficient clean feature history,DATA_ERROR,,,,,,,,,,,,,,,,,,,,,,,,,,,,,,,,,,,,,,,,,,,,,,,,,,,,,,,,,,
2026-08-19,MIXED,24078.30078125,24139.88296875,11.319999694824219,ADANIENT,Insufficient clean feature history,DATA_ERROR,,,,,,,,,,,,,,,,,,,,,,,,,,,,,,,,,,,,,,,,,,,,,,,,,,,,,,,,,,
2026-08-19,MIXED,24078.30078125,24139.88296875,11.319999694824219,ULTRACEMCO,Insufficient clean feature history,DATA_ERROR,,,,,,,,,,,,,,,,,,,,,,,,,,,,,,,,,,,,,,,,,,,,,,,,,,,,,,,,,,
2026-08-19,MIXED,24078.30078125,24139.88296875,11.319999694824219,ONGC,Insufficient clean feature history,DATA_ERROR,,,,,,,,,,,,,,,,,,,,,,,,,,,,,,,,,,,,,,,,,,,,,,,,,,,,,,,,,,
2026-08-19,MIXED,24078.30078125,24139.88296875,11.319999694824219,POWERGRID,Insufficient clean feature history,DATA_ERROR,,,,,,,,,,,,,,,,,,,,,,,,,,,,,,,,,,,,,,,,,,,,,,,,,,,,,,,,,,
2026-08-19,MIXED,24078.30078125,24139.88296875,11.319999694824219,TATASTEEL,Insufficient clean feature history,DATA_ERROR,,,,,,,,,,,,,,,,,,,,,,,,,,,,,,,,,,,,,,,,,,,,,,,,,,,,,,,,,,
2026-08-19,MIXED,24078.30078125,24139.88296875,11.319999694824219,JSWSTEEL,Insufficient clean feature history,DATA_ERROR,,,,,,,,,,,,,,,,,,,,,,,,,,,,,,,,,,,,,,,,,,,,,,,,,,,,,,,,,,
2026-08-19,MIXED,24078.30078125,24139.88296875,11.319999694824219,COALINDIA,Insufficient clean feature history,DATA_ERROR,,,,,,,,,,,,,,,,,,,,,,,,,,,,,,,,,,,,,,,,,,,,,,,,,,,,,,,,,,
2026-08-19,MIXED,24078.30078125,24139.88296875,11.319999694824219,ADANIPORTS,Insufficient clean feature history,DATA_ERROR,,,,,,,,,,,,,,,,,,,,,,,,,,,,,,,,,,,,,,,,,,,,,,,,,,,,,,,,,,
2026-08-19,MIXED,24078.30078125,24139.88296875,11.319999694824219,BAJAJFINSV,Insufficient clean feature history,DATA_ERROR,,,,,,,,,,,,,,,,,,,,,,,,,,,,,,,,,,,,,,,,,,,,,,,,,,,,,,,,,,
2026-08-19,MIXED,24078.30078125,24139.88296875,11.319999694824219,WIPRO,Insufficient clean feature history,DATA_ERROR,,,,,,,,,,,,,,,,,,,,,,,,,,,,,,,,,,,,,,,,,,,,,,,,,,,,,,,,,,
2026-08-19,MIXED,24078.30078125,24139.88296875,11.319999694824219,NESTLEIND,Insufficient clean feature history,DATA_ERROR,,,,,,,,,,,,,,,,,,,,,,,,,,,,,,,,,,,,,,,,,,,,,,,,,,,,,,,,,,
2026-08-19,MIXED,24078.30078125,24139.88296875,11.319999694824219,TECHM,Insufficient clean feature history,DATA_ERROR,,,,,,,,,,,,,,,,,,,,,,,,,,,,,,,,,,,,,,,,,,,,,,,,,,,,,,,,,,
2026-08-19,MIXED,24078.30078125,24139.88296875,11.319999694824219,ASIANPAINT,Insufficient clean feature history,DATA_ERROR,,,,,,,,,,,,,,,,,,,,,,,,,,,,,,,,,,,,,,,,,,,,,,,,,,,,,,,,,,
2026-08-19,MIXED,24078.30078125,24139.88296875,11.319999694824219,BEL,Insufficient clean feature history,DATA_ERROR,,,,,,,,,,,,,,,,,,,,,,,,,,,,,,,,,,,,,,,,,,,,,,,,,,,,,,,,,,
2026-08-19,MIXED,24078.30078125,24139.88296875,11.319999694824219,TRENT,Insufficient clean feature history,DATA_ERROR,,,,,,,,,,,,,,,,,,,,,,,,,,,,,,,,,,,,,,,,,,,,,,,,,,,,,,,,,,
2026-08-19,MIXED,24078.30078125,24139.88296875,11.319999694824219,GRASIM,Insufficient clean feature history,DATA_ERROR,,,,,,,,,,,,,,,,,,,,,,,,,,,,,,,,,,,,,,,,,,,,,,,,,,,,,,,,,,
2026-08-19,MIXED,24078.30078125,24139.88296875,11.319999694824219,HINDALCO,Insufficient clean feature history,DATA_ERROR,,,,,,,,,,,,,,,,,,,,,,,,,,,,,,,,,,,,,,,,,,,,,,,,,,,,,,,,,,
2026-08-19,MIXED,24078.30078125,24139.88296875,11.319999694824219,EICHERMOT,Insufficient clean feature history,DATA_ERROR,,,,,,,,,,,,,,,,,,,,,,,,,,,,,,,,,,,,,,,,,,,,,,,,,,,,,,,,,,
2026-08-19,MIXED,24078.30078125,24139.88296875,11.319999694824219,SHRIRAMFIN,Insufficient clean feature history,DATA_ERROR,,,,,,,,,,,,,,,,,,,,,,,,,,,,,,,,,,,,,,,,,,,,,,,,,,,,,,,,,,
2026-08-19,MIXED,24078.30078125,24139.88296875,11.319999694824219,VEDL,Insufficient clean feature history,DATA_ERROR,,,,,,,,,,,,,,,,,,,,,,,,,,,,,,,,,,,,,,,,,,,,,,,,,,,,,,,,,,
2026-08-19,MIXED,24078.30078125,24139.88296875,11.319999694824219,CIPLA,Insufficient clean feature history,DATA_ERROR,,,,,,,,,,,,,,,,,,,,,,,,,,,,,,,,,,,,,,,,,,,,,,,,,,,,,,,,,,
2026-08-19,MIXED,24078.30078125,24139.88296875,11.319999694824219,DRREDDY,Insufficient clean feature history,DATA_ERROR,,,,,,,,,,,,,,,,,,,,,,,,,,,,,,,,,,,,,,,,,,,,,,,,,,,,,,,,,,
2026-08-19,MIXED,24078.30078125,24139.88296875,11.319999694824219,DIVISLAB,Insufficient clean feature history,DATA_ERROR,,,,,,,,,,,,,,,,,,,,,,,,,,,,,,,,,,,,,,,,,,,,,,,,,,,,,,,,,,
2026-08-19,MIXED,24078.30078125,24139.88296875,11.319999694824219,APOLLOHOSP,Insufficient clean feature history,DATA_ERROR,,,,,,,,,,,,,,,,,,,,,,,,,,,,,,,,,,,,,,,,,,,,,,,,,,,,,,,,,,
2026-08-19,MIXED,24078.30078125,24139.88296875,11.319999694824219,BRITANNIA,Insufficient clean feature history,DATA_ERROR,,,,,,,,,,,,,,,,,,,,,,,,,,,,,,,,,,,,,,,,,,,,,,,,,,,,,,,,,,
2026-08-19,MIXED,24078.30078125,24139.88296875,11.319999694824219,HEROMOTOCO,Insufficient clean feature history,DATA_ERROR,,,,,,,,,,,,,,,,,,,,,,,,,,,,,,,,,,,,,,,,,,,,,,,,,,,,,,,,,,
2026-08-19,MIXED,24078.30078125,24139.88296875,11.319999694824219,BAJAJ-AUTO,Insufficient clean feature history,DATA_ERROR,,,,,,,,,,,,,,,,,,,,,,,,,,,,,,,,,,,,,,,,,,,,,,,,,,,,,,,,,,
2026-08-19,MIXED,24078.30078125,24139.88296875,11.319999694824219,INDUSINDBK,Insufficient clean feature history,DATA_ERROR,,,,,,,,,,,,,,,,,,,,,,,,,,,,,,,,,,,,,,,,,,,,,,,,,,,,,,,,,,
2026-08-19,MIXED,24078.30078125,24139.88296875,11.319999694824219,SBILIFE,Insufficient clean feature history,DATA_ERROR,,,,,,,,,,,,,,,,,,,,,,,,,,,,,,,,,,,,,,,,,,,,,,,,,,,,,,,,,,
2026-08-19,MIXED,24078.30078125,24139.88296875,11.319999694824219,HDFCLIFE,Insufficient clean feature history,DATA_ERROR,,,,,,,,,,,,,,,,,,,,,,,,,,,,,,,,,,,,,,,,,,,,,,,,,,,,,,,,,,
2026-08-19,MIXED,24078.30078125,24139.88296875,11.319999694824219,TATAELXSI,Insufficient clean feature history,DATA_ERROR,,,,,,,,,,,,,,,,,,,,,,,,,,,,,,,,,,,,,,,,,,,,,,,,,,,,,,,,,,
2026-08-19,MIXED,24078.30078125,24139.88296875,11.319999694824219,AUROPHARMA,Insufficient clean feature history,DATA_ERROR,,,,,,,,,,,,,,,,,,,,,,,,,,,,,,,,,,,,,,,,,,,,,,,,,,,,,,,,,,
2026-08-19,MIXED,24078.30078125,24139.88296875,11.319999694824219,BOSCHLTD,Insufficient clean feature history,DATA_ERROR,,,,,,,,,,,,,,,,,,,,,,,,,,,,,,,,,,,,,,,,,,,,,,,,,,,,,,,,,,
2026-08-19,MIXED,24078.30078125,24139.88296875,11.319999694824219,DLF,Insufficient clean feature history,DATA_ERROR,,,,,,,,,,,,,,,,,,,,,,,,,,,,,,,,,,,,,,,,,,,,,,,,,,,,,,,,,,
2026-08-19,MIXED,24078.30078125,24139.88296875,11.319999694824219,NAUKRI,Insufficient clean feature history,DATA_ERROR,,,,,,,,,,,,,,,,,,,,,,,,,,,,,,,,,,,,,,,,,,,,,,,,,,,,,,,,,,
2026-08-19,MIXED,24078.30078125,24139.88296875,11.319999694824219,SAIL,Insufficient clean feature history,DATA_ERROR,,,,,,,,,,,,,,,,,,,,,,,,,,,,,,,,,,,,,,,,,,,,,,,,,,,,,,,,,,
2026-08-19,MIXED,24078.30078125,24139.88296875,11.319999694824219,ABB,Insufficient clean feature history,DATA_ERROR,,,,,,,,,,,,,,,,,,,,,,,,,,,,,,,,,,,,,,,,,,,,,,,,,,,,,,,,,,
2026-08-19,MIXED,24078.30078125,24139.88296875,11.319999694824219,GODREJCP,Insufficient clean feature history,DATA_ERROR,,,,,,,,,,,,,,,,,,,,,,,,,,,,,,,,,,,,,,,,,,,,,,,,,,,,,,,,,,
2026-08-19,MIXED,24078.30078125,24139.88296875,11.319999694824219,PIDILITIND,Insufficient clean feature history,DATA_ERROR,,,,,,,,,,,,,,,,,,,,,,,,,,,,,,,,,,,,,,,,,,,,,,,,,,,,,,,,,,
2026-08-19,MIXED,24078.30078125,24139.88296875,11.319999694824219,SIEMENS,Insufficient clean feature history,DATA_ERROR,,,,,,,,,,,,,,,,,,,,,,,,,,,,,,,,,,,,,,,,,,,,,,,,,,,,,,,,,,
2026-08-19,MIXED,24078.30078125,24139.88296875,11.319999694824219,AMBUJACEM,Insufficient clean feature history,DATA_ERROR,,,,,,,,,,,,,,,,,,,,,,,,,,,,,,,,,,,,,,,,,,,,,,,,,,,,,,,,,,
2026-08-19,MIXED,24078.30078125,24139.88296875,11.319999694824219,ACC,Insufficient clean feature history,DATA_ERROR,,,,,,,,,,,,,,,,,,,,,,,,,,,,,,,,,,,,,,,,,,,,,,,,,,,,,,,,,,
2026-08-19,MIXED,24078.30078125,24139.88296875,11.319999694824219,BPCL,Insufficient clean feature history,DATA_ERROR,,,,,,,,,,,,,,,,,,,,,,,,,,,,,,,,,,,,,,,,,,,,,,,,,,,,,,,,,,
2026-08-19,MIXED,24078.30078125,24139.88296875,11.319999694824219,IOC,Insufficient clean feature history,DATA_ERROR,,,,,,,,,,,,,,,,,,,,,,,,,,,,,,,,,,,,,,,,,,,,,,,,,,,,,,,,,,
2026-08-19,MIXED,24078.30078125,24139.88296875,11.319999694824219,HAVELLS,Insufficient clean feature history,DATA_ERROR,,,,,,,,,,,,,,,,,,,,,,,,,,,,,,,,,,,,,,,,,,,,,,,,,,,,,,,,,,
2026-08-20,FAVORABLE,24231.849609375,24160.2209765625,10.760000228881836,RELIANCE,Insufficient clean feature history,DATA_ERROR,,,,,,,,,,,,,,,,,,,,,,,,,,,,,,,,,,,,,,,,,,,,,,,,,,,,,,,,,,
2026-08-20,FAVORABLE,24231.849609375,24160.2209765625,10.760000228881836,HDFCBANK,Insufficient clean feature history,DATA_ERROR,,,,,,,,,,,,,,,,,,,,,,,,,,,,,,,,,,,,,,,,,,,,,,,,,,,,,,,,,,
2026-08-20,FAVORABLE,24231.849609375,24160.2209765625,10.760000228881836,ICICIBANK,Insufficient clean feature history,DATA_ERROR,,,,,,,,,,,,,,,,,,,,,,,,,,,,,,,,,,,,,,,,,,,,,,,,,,,,,,,,,,
2026-08-20,FAVORABLE,24231.849609375,24160.2209765625,10.760000228881836,BHARTIARTL,Insufficient clean feature history,DATA_ERROR,,,,,,,,,,,,,,,,,,,,,,,,,,,,,,,,,,,,,,,,,,,,,,,,,,,,,,,,,,
2026-08-20,FAVORABLE,24231.849609375,24160.2209765625,10.760000228881836,TCS,Insufficient clean feature history,DATA_ERROR,,,,,,,,,,,,,,,,,,,,,,,,,,,,,,,,,,,,,,,,,,,,,,,,,,,,,,,,,,
2026-08-20,FAVORABLE,24231.849609375,24160.2209765625,10.760000228881836,INFY,Insufficient clean feature history,DATA_ERROR,,,,,,,,,,,,,,,,,,,,,,,,,,,,,,,,,,,,,,,,,,,,,,,,,,,,,,,,,,
2026-08-20,FAVORABLE,24231.849609375,24160.2209765625,10.760000228881836,ITC,Insufficient clean feature history,DATA_ERROR,,,,,,,,,,,,,,,,,,,,,,,,,,,,,,,,,,,,,,,,,,,,,,,,,,,,,,,,,,
2026-08-20,FAVORABLE,24231.849609375,24160.2209765625,10.760000228881836,SBIN,Insufficient clean feature history,DATA_ERROR,,,,,,,,,,,,,,,,,,,,,,,,,,,,,,,,,,,,,,,,,,,,,,,,,,,,,,,,,,
2026-08-20,FAVORABLE,24231.849609375,24160.2209765625,10.760000228881836,LT,Insufficient clean feature history,DATA_ERROR,,,,,,,,,,,,,,,,,,,,,,,,,,,,,,,,,,,,,,,,,,,,,,,,,,,,,,,,,,
2026-08-20,FAVORABLE,24231.849609375,24160.2209765625,10.760000228881836,AXISBANK,Insufficient clean feature history,DATA_ERROR,,,,,,,,,,,,,,,,,,,,,,,,,,,,,,,,,,,,,,,,,,,,,,,,,,,,,,,,,,
2026-08-20,FAVORABLE,24231.849609375,24160.2209765625,10.760000228881836,KOTAKBANK,Insufficient clean feature history,DATA_ERROR,,,,,,,,,,,,,,,,,,,,,,,,,,,,,,,,,,,,,,,,,,,,,,,,,,,,,,,,,,
2026-08-20,FAVORABLE,24231.849609375,24160.2209765625,10.760000228881836,M&M,Insufficient clean feature history,DATA_ERROR,,,,,,,,,,,,,,,,,,,,,,,,,,,,,,,,,,,,,,,,,,,,,,,,,,,,,,,,,,
2026-08-20,FAVORABLE,24231.849609375,24160.2209765625,10.760000228881836,HINDUNILVR,Insufficient clean feature history,DATA_ERROR,,,,,,,,,,,,,,,,,,,,,,,,,,,,,,,,,,,,,,,,,,,,,,,,,,,,,,,,,,
2026-08-20,FAVORABLE,24231.849609375,24160.2209765625,10.760000228881836,BAJFINANCE,Insufficient clean feature history,DATA_ERROR,,,,,,,,,,,,,,,,,,,,,,,,,,,,,,,,,,,,,,,,,,,,,,,,,,,,,,,,,,
2026-08-20,FAVORABLE,24231.849609375,24160.2209765625,10.760000228881836,MARUTI,Insufficient clean feature history,DATA_ERROR,,,,,,,,,,,,,,,,,,,,,,,,,,,,,,,,,,,,,,,,,,,,,,,,,,,,,,,,,,
2026-08-20,FAVORABLE,24231.849609375,24160.2209765625,10.760000228881836,SUNPHARMA,Insufficient clean feature history,DATA_ERROR,,,,,,,,,,,,,,,,,,,,,,,,,,,,,,,,,,,,,,,,,,,,,,,,,,,,,,,,,,
2026-08-20,FAVORABLE,24231.849609375,24160.2209765625,10.760000228881836,HCLTECH,Insufficient clean feature history,DATA_ERROR,,,,,,,,,,,,,,,,,,,,,,,,,,,,,,,,,,,,,,,,,,,,,,,,,,,,,,,,,,
2026-08-20,FAVORABLE,24231.849609375,24160.2209765625,10.760000228881836,NTPC,Insufficient clean feature history,DATA_ERROR,,,,,,,,,,,,,,,,,,,,,,,,,,,,,,,,,,,,,,,,,,,,,,,,,,,,,,,,,,
2026-08-20,FAVORABLE,24231.849609375,24160.2209765625,10.760000228881836,TITAN,Insufficient clean feature history,DATA_ERROR,,,,,,,,,,,,,,,,,,,,,,,,,,,,,,,,,,,,,,,,,,,,,,,,,,,,,,,,,,
2026-08-20,FAVORABLE,24231.849609375,24160.2209765625,10.760000228881836,ADANIENT,Insufficient clean feature history,DATA_ERROR,,,,,,,,,,,,,,,,,,,,,,,,,,,,,,,,,,,,,,,,,,,,,,,,,,,,,,,,,,
2026-08-20,FAVORABLE,24231.849609375,24160.2209765625,10.760000228881836,ULTRACEMCO,Insufficient clean feature history,DATA_ERROR,,,,,,,,,,,,,,,,,,,,,,,,,,,,,,,,,,,,,,,,,,,,,,,,,,,,,,,,,,
2026-08-20,FAVORABLE,24231.849609375,24160.2209765625,10.760000228881836,ONGC,Insufficient clean feature history,DATA_ERROR,,,,,,,,,,,,,,,,,,,,,,,,,,,,,,,,,,,,,,,,,,,,,,,,,,,,,,,,,,
2026-08-20,FAVORABLE,24231.849609375,24160.2209765625,10.760000228881836,POWERGRID,Insufficient clean feature history,DATA_ERROR,,,,,,,,,,,,,,,,,,,,,,,,,,,,,,,,,,,,,,,,,,,,,,,,,,,,,,,,,,
2026-08-20,FAVORABLE,24231.849609375,24160.2209765625,10.760000228881836,TATASTEEL,Insufficient clean feature history,DATA_ERROR,,,,,,,,,,,,,,,,,,,,,,,,,,,,,,,,,,,,,,,,,,,,,,,,,,,,,,,,,,
2026-08-20,FAVORABLE,24231.849609375,24160.2209765625,10.760000228881836,JSWSTEEL,Insufficient clean feature history,DATA_ERROR,,,,,,,,,,,,,,,,,,,,,,,,,,,,,,,,,,,,,,,,,,,,,,,,,,,,,,,,,,
2026-08-20,FAVORABLE,24231.849609375,24160.2209765625,10.760000228881836,COALINDIA,Insufficient clean feature history,DATA_ERROR,,,,,,,,,,,,,,,,,,,,,,,,,,,,,,,,,,,,,,,,,,,,,,,,,,,,,,,,,,
2026-08-20,FAVORABLE,24231.849609375,24160.2209765625,10.760000228881836,ADANIPORTS,Insufficient clean feature history,DATA_ERROR,,,,,,,,,,,,,,,,,,,,,,,,,,,,,,,,,,,,,,,,,,,,,,,,,,,,,,,,,,
2026-08-20,FAVORABLE,24231.849609375,24160.2209765625,10.760000228881836,BAJAJFINSV,Insufficient clean feature history,DATA_ERROR,,,,,,,,,,,,,,,,,,,,,,,,,,,,,,,,,,,,,,,,,,,,,,,,,,,,,,,,,,
2026-08-20,FAVORABLE,24231.849609375,24160.2209765625,10.760000228881836,WIPRO,Insufficient clean feature history,DATA_ERROR,,,,,,,,,,,,,,,,,,,,,,,,,,,,,,,,,,,,,,,,,,,,,,,,,,,,,,,,,,
2026-08-20,FAVORABLE,24231.849609375,24160.2209765625,10.760000228881836,NESTLEIND,Insufficient clean feature history,DATA_ERROR,,,,,,,,,,,,,,,,,,,,,,,,,,,,,,,,,,,,,,,,,,,,,,,,,,,,,,,,,,
2026-08-20,FAVORABLE,24231.849609375,24160.2209765625,10.760000228881836,TECHM,Insufficient clean feature history,DATA_ERROR,,,,,,,,,,,,,,,,,,,,,,,,,,,,,,,,,,,,,,,,,,,,,,,,,,,,,,,,,,
2026-08-20,FAVORABLE,24231.849609375,24160.2209765625,10.760000228881836,ASIANPAINT,Insufficient clean feature history,DATA_ERROR,,,,,,,,,,,,,,,,,,,,,,,,,,,,,,,,,,,,,,,,,,,,,,,,,,,,,,,,,,
2026-08-20,FAVORABLE,24231.849609375,24160.2209765625,10.760000228881836,BEL,Insufficient clean feature history,DATA_ERROR,,,,,,,,,,,,,,,,,,,,,,,,,,,,,,,,,,,,,,,,,,,,,,,,,,,,,,,,,,
2026-08-20,FAVORABLE,24231.849609375,24160.2209765625,10.760000228881836,TRENT,Insufficient clean feature history,DATA_ERROR,,,,,,,,,,,,,,,,,,,,,,,,,,,,,,,,,,,,,,,,,,,,,,,,,,,,,,,,,,
2026-08-20,FAVORABLE,24231.849609375,24160.2209765625,10.760000228881836,GRASIM,Insufficient clean feature history,DATA_ERROR,,,,,,,,,,,,,,,,,,,,,,,,,,,,,,,,,,,,,,,,,,,,,,,,,,,,,,,,,,
2026-08-20,FAVORABLE,24231.849609375,24160.2209765625,10.760000228881836,HINDALCO,Insufficient clean feature history,DATA_ERROR,,,,,,,,,,,,,,,,,,,,,,,,,,,,,,,,,,,,,,,,,,,,,,,,,,,,,,,,,,
2026-08-20,FAVORABLE,24231.849609375,24160.2209765625,10.760000228881836,EICHERMOT,Insufficient clean feature history,DATA_ERROR,,,,,,,,,,,,,,,,,,,,,,,,,,,,,,,,,,,,,,,,,,,,,,,,,,,,,,,,,,
2026-08-20,FAVORABLE,24231.849609375,24160.2209765625,10.760000228881836,SHRIRAMFIN,Insufficient clean feature history,DATA_ERROR,,,,,,,,,,,,,,,,,,,,,,,,,,,,,,,,,,,,,,,,,,,,,,,,,,,,,,,,,,
2026-08-20,FAVORABLE,24231.849609375,24160.2209765625,10.760000228881836,VEDL,Insufficient clean feature history,DATA_ERROR,,,,,,,,,,,,,,,,,,,,,,,,,,,,,,,,,,,,,,,,,,,,,,,,,,,,,,,,,,
2026-08-20,FAVORABLE,24231.849609375,24160.2209765625,10.760000228881836,CIPLA,Insufficient clean feature history,DATA_ERROR,,,,,,,,,,,,,,,,,,,,,,,,,,,,,,,,,,,,,,,,,,,,,,,,,,,,,,,,,,
2026-08-20,FAVORABLE,24231.849609375,24160.2209765625,10.760000228881836,DRREDDY,Insufficient clean feature history,DATA_ERROR,,,,,,,,,,,,,,,,,,,,,,,,,,,,,,,,,,,,,,,,,,,,,,,,,,,,,,,,,,
2026-08-20,FAVORABLE,24231.849609375,24160.2209765625,10.760000228881836,DIVISLAB,Insufficient clean feature history,DATA_ERROR,,,,,,,,,,,,,,,,,,,,,,,,,,,,,,,,,,,,,,,,,,,,,,,,,,,,,,,,,,
2026-08-20,FAVORABLE,24231.849609375,24160.2209765625,10.760000228881836,APOLLOHOSP,Insufficient clean feature history,DATA_ERROR,,,,,,,,,,,,,,,,,,,,,,,,,,,,,,,,,,,,,,,,,,,,,,,,,,,,,,,,,,
2026-08-20,FAVORABLE,24231.849609375,24160.2209765625,10.760000228881836,BRITANNIA,Insufficient clean feature history,DATA_ERROR,,,,,,,,,,,,,,,,,,,,,,,,,,,,,,,,,,,,,,,,,,,,,,,,,,,,,,,,,,
2026-08-20,FAVORABLE,24231.849609375,24160.2209765625,10.760000228881836,HEROMOTOCO,Insufficient clean feature history,DATA_ERROR,,,,,,,,,,,,,,,,,,,,,,,,,,,,,,,,,,,,,,,,,,,,,,,,,,,,,,,,,,
2026-08-20,FAVORABLE,24231.849609375,24160.2209765625,10.760000228881836,BAJAJ-AUTO,Insufficient clean feature history,DATA_ERROR,,,,,,,,,,,,,,,,,,,,,,,,,,,,,,,,,,,,,,,,,,,,,,,,,,,,,,,,,,
2026-08-20,FAVORABLE,24231.849609375,24160.2209765625,10.760000228881836,INDUSINDBK,Insufficient clean feature history,DATA_ERROR,,,,,,,,,,,,,,,,,,,,,,,,,,,,,,,,,,,,,,,,,,,,,,,,,,,,,,,,,,
2026-08-20,FAVORABLE,24231.849609375,24160.2209765625,10.760000228881836,SBILIFE,Insufficient clean feature history,DATA_ERROR,,,,,,,,,,,,,,,,,,,,,,,,,,,,,,,,,,,,,,,,,,,,,,,,,,,,,,,,,,
2026-08-20,FAVORABLE,24231.849609375,24160.2209765625,10.760000228881836,HDFCLIFE,Insufficient clean feature history,DATA_ERROR,,,,,,,,,,,,,,,,,,,,,,,,,,,,,,,,,,,,,,,,,,,,,,,,,,,,,,,,,,
2026-08-20,FAVORABLE,24231.849609375,24160.2209765625,10.760000228881836,TATAELXSI,Insufficient clean feature history,DATA_ERROR,,,,,,,,,,,,,,,,,,,,,,,,,,,,,,,,,,,,,,,,,,,,,,,,,,,,,,,,,,
2026-08-20,FAVORABLE,24231.849609375,24160.2209765625,10.760000228881836,AUROPHARMA,Insufficient clean feature history,DATA_ERROR,,,,,,,,,,,,,,,,,,,,,,,,,,,,,,,,,,,,,,,,,,,,,,,,,,,,,,,,,,
2026-08-20,FAVORABLE,24231.849609375,24160.2209765625,10.760000228881836,BOSCHLTD,Insufficient clean feature history,DATA_ERROR,,,,,,,,,,,,,,,,,,,,,,,,,,,,,,,,,,,,,,,,,,,,,,,,,,,,,,,,,,
2026-08-20,FAVORABLE,24231.849609375,24160.2209765625,10.760000228881836,DLF,Insufficient clean feature history,DATA_ERROR,,,,,,,,,,,,,,,,,,,,,,,,,,,,,,,,,,,,,,,,,,,,,,,,,,,,,,,,,,
2026-08-20,FAVORABLE,24231.849609375,24160.2209765625,10.760000228881836,NAUKRI,Insufficient clean feature history,DATA_ERROR,,,,,,,,,,,,,,,,,,,,,,,,,,,,,,,,,,,,,,,,,,,,,,,,,,,,,,,,,,
2026-08-20,FAVORABLE,24231.849609375,24160.2209765625,10.760000228881836,SAIL,Insufficient clean feature history,DATA_ERROR,,,,,,,,,,,,,,,,,,,,,,,,,,,,,,,,,,,,,,,,,,,,,,,,,,,,,,,,,,
2026-08-20,FAVORABLE,24231.849609375,24160.2209765625,10.760000228881836,ABB,Insufficient clean feature history,DATA_ERROR,,,,,,,,,,,,,,,,,,,,,,,,,,,,,,,,,,,,,,,,,,,,,,,,,,,,,,,,,,
2026-08-20,FAVORABLE,24231.849609375,24160.2209765625,10.760000228881836,GODREJCP,Insufficient clean feature history,DATA_ERROR,,,,,,,,,,,,,,,,,,,,,,,,,,,,,,,,,,,,,,,,,,,,,,,,,,,,,,,,,,
2026-08-20,FAVORABLE,24231.849609375,24160.2209765625,10.760000228881836,PIDILITIND,Insufficient clean feature history,DATA_ERROR,,,,,,,,,,,,,,,,,,,,,,,,,,,,,,,,,,,,,,,,,,,,,,,,,,,,,,,,,,
2026-08-20,FAVORABLE,24231.849609375,24160.2209765625,10.760000228881836,SIEMENS,Insufficient clean feature history,DATA_ERROR,,,,,,,,,,,,,,,,,,,,,,,,,,,,,,,,,,,,,,,,,,,,,,,,,,,,,,,,,,
2026-08-20,FAVORABLE,24231.849609375,24160.2209765625,10.760000228881836,AMBUJACEM,Insufficient clean feature history,DATA_ERROR,,,,,,,,,,,,,,,,,,,,,,,,,,,,,,,,,,,,,,,,,,,,,,,,,,,,,,,,,,
2026-08-20,FAVORABLE,24231.849609375,24160.2209765625,10.760000228881836,ACC,Insufficient clean feature history,DATA_ERROR,,,,,,,,,,,,,,,,,,,,,,,,,,,,,,,,,,,,,,,,,,,,,,,,,,,,,,,,,,
2026-08-20,FAVORABLE,24231.849609375,24160.2209765625,10.760000228881836,BPCL,Insufficient clean feature history,DATA_ERROR,,,,,,,,,,,,,,,,,,,,,,,,,,,,,,,,,,,,,,,,,,,,,,,,,,,,,,,,,,
2026-08-20,FAVORABLE,24231.849609375,24160.2209765625,10.760000228881836,IOC,Insufficient clean feature history,DATA_ERROR,,,,,,,,,,,,,,,,,,,,,,,,,,,,,,,,,,,,,,,,,,,,,,,,,,,,,,,,,,
2026-08-20,FAVORABLE,24231.849609375,24160.2209765625,10.760000228881836,HAVELLS,Insufficient clean feature history,DATA_ERROR,,,,,,,,,,,,,,,,,,,,,,,,,,,,,,,,,,,,,,,,,,,,,,,,,,,,,,,,,,
2026-08-21,FAVORABLE,24252.0,24182.028984375,11.199999809265137,RELIANCE,Insufficient clean feature history,DATA_ERROR,,,,,,,,,,,,,,,,,,,,,,,,,,,,,,,,,,,,,,,,,,,,,,,,,,,,,,,,,,
2026-08-21,FAVORABLE,24252.0,24182.028984375,11.199999809265137,HDFCBANK,Insufficient clean feature history,DATA_ERROR,,,,,,,,,,,,,,,,,,,,,,,,,,,,,,,,,,,,,,,,,,,,,,,,,,,,,,,,,,
2026-08-21,FAVORABLE,24252.0,24182.028984375,11.199999809265137,ICICIBANK,Insufficient clean feature history,DATA_ERROR,,,,,,,,,,,,,,,,,,,,,,,,,,,,,,,,,,,,,,,,,,,,,,,,,,,,,,,,,,
2026-08-21,FAVORABLE,24252.0,24182.028984375,11.199999809265137,BHARTIARTL,Insufficient clean feature history,DATA_ERROR,,,,,,,,,,,,,,,,,,,,,,,,,,,,,,,,,,,,,,,,,,,,,,,,,,,,,,,,,,
2026-08-21,FAVORABLE,24252.0,24182.028984375,11.199999809265137,TCS,Insufficient clean feature history,DATA_ERROR,,,,,,,,,,,,,,,,,,,,,,,,,,,,,,,,,,,,,,,,,,,,,,,,,,,,,,,,,,
2026-08-21,FAVORABLE,24252.0,24182.028984375,11.199999809265137,INFY,Insufficient clean feature history,DATA_ERROR,,,,,,,,,,,,,,,,,,,,,,,,,,,,,,,,,,,,,,,,,,,,,,,,,,,,,,,,,,
2026-08-21,FAVORABLE,24252.0,24182.028984375,11.199999809265137,ITC,Insufficient clean feature history,DATA_ERROR,,,,,,,,,,,,,,,,,,,,,,,,,,,,,,,,,,,,,,,,,,,,,,,,,,,,,,,,,,
2026-08-21,FAVORABLE,24252.0,24182.028984375,11.199999809265137,SBIN,Insufficient clean feature history,DATA_ERROR,,,,,,,,,,,,,,,,,,,,,,,,,,,,,,,,,,,,,,,,,,,,,,,,,,,,,,,,,,
2026-08-21,FAVORABLE,24252.0,24182.028984375,11.199999809265137,LT,Insufficient clean feature history,DATA_ERROR,,,,,,,,,,,,,,,,,,,,,,,,,,,,,,,,,,,,,,,,,,,,,,,,,,,,,,,,,,
2026-08-21,FAVORABLE,24252.0,24182.028984375,11.199999809265137,AXISBANK,Insufficient clean feature history,DATA_ERROR,,,,,,,,,,,,,,,,,,,,,,,,,,,,,,,,,,,,,,,,,,,,,,,,,,,,,,,,,,
2026-08-21,FAVORABLE,24252.0,24182.028984375,11.199999809265137,KOTAKBANK,Insufficient clean feature history,DATA_ERROR,,,,,,,,,,,,,,,,,,,,,,,,,,,,,,,,,,,,,,,,,,,,,,,,,,,,,,,,,,
2026-08-21,FAVORABLE,24252.0,24182.028984375,11.199999809265137,M&M,Insufficient clean feature history,DATA_ERROR,,,,,,,,,,,,,,,,,,,,,,,,,,,,,,,,,,,,,,,,,,,,,,,,,,,,,,,,,,
2026-08-21,FAVORABLE,24252.0,24182.028984375,11.199999809265137,HINDUNILVR,Insufficient clean feature history,DATA_ERROR,,,,,,,,,,,,,,,,,,,,,,,,,,,,,,,,,,,,,,,,,,,,,,,,,,,,,,,,,,
2026-08-21,FAVORABLE,24252.0,24182.028984375,11.199999809265137,BAJFINANCE,Insufficient clean feature history,DATA_ERROR,,,,,,,,,,,,,,,,,,,,,,,,,,,,,,,,,,,,,,,,,,,,,,,,,,,,,,,,,,
2026-08-21,FAVORABLE,24252.0,24182.028984375,11.199999809265137,MARUTI,Insufficient clean feature history,DATA_ERROR,,,,,,,,,,,,,,,,,,,,,,,,,,,,,,,,,,,,,,,,,,,,,,,,,,,,,,,,,,
2026-08-21,FAVORABLE,24252.0,24182.028984375,11.199999809265137,SUNPHARMA,Insufficient clean feature history,DATA_ERROR,,,,,,,,,,,,,,,,,,,,,,,,,,,,,,,,,,,,,,,,,,,,,,,,,,,,,,,,,,
2026-08-21,FAVORABLE,24252.0,24182.028984375,11.199999809265137,HCLTECH,Insufficient clean feature history,DATA_ERROR,,,,,,,,,,,,,,,,,,,,,,,,,,,,,,,,,,,,,,,,,,,,,,,,,,,,,,,,,,
2026-08-21,FAVORABLE,24252.0,24182.028984375,11.199999809265137,NTPC,Insufficient clean feature history,DATA_ERROR,,,,,,,,,,,,,,,,,,,,,,,,,,,,,,,,,,,,,,,,,,,,,,,,,,,,,,,,,,
2026-08-21,FAVORABLE,24252.0,24182.028984375,11.199999809265137,TITAN,Insufficient clean feature history,DATA_ERROR,,,,,,,,,,,,,,,,,,,,,,,,,,,,,,,,,,,,,,,,,,,,,,,,,,,,,,,,,,
2026-08-21,FAVORABLE,24252.0,24182.028984375,11.199999809265137,ADANIENT,Insufficient clean feature history,DATA_ERROR,,,,,,,,,,,,,,,,,,,,,,,,,,,,,,,,,,,,,,,,,,,,,,,,,,,,,,,,,,
2026-08-21,FAVORABLE,24252.0,24182.028984375,11.199999809265137,ULTRACEMCO,Insufficient clean feature history,DATA_ERROR,,,,,,,,,,,,,,,,,,,,,,,,,,,,,,,,,,,,,,,,,,,,,,,,,,,,,,,,,,
2026-08-21,FAVORABLE,24252.0,24182.028984375,11.199999809265137,ONGC,Insufficient clean feature history,DATA_ERROR,,,,,,,,,,,,,,,,,,,,,,,,,,,,,,,,,,,,,,,,,,,,,,,,,,,,,,,,,,
2026-08-21,FAVORABLE,24252.0,24182.028984375,11.199999809265137,POWERGRID,Insufficient clean feature history,DATA_ERROR,,,,,,,,,,,,,,,,,,,,,,,,,,,,,,,,,,,,,,,,,,,,,,,,,,,,,,,,,,
2026-08-21,FAVORABLE,24252.0,24182.028984375,11.199999809265137,TATASTEEL,Insufficient clean feature history,DATA_ERROR,,,,,,,,,,,,,,,,,,,,,,,,,,,,,,,,,,,,,,,,,,,,,,,,,,,,,,,,,,
2026-08-21,FAVORABLE,24252.0,24182.028984375,11.199999809265137,JSWSTEEL,Insufficient clean feature history,DATA_ERROR,,,,,,,,,,,,,,,,,,,,,,,,,,,,,,,,,,,,,,,,,,,,,,,,,,,,,,,,,,
2026-08-21,FAVORABLE,24252.0,24182.028984375,11.199999809265137,COALINDIA,Insufficient clean feature history,DATA_ERROR,,,,,,,,,,,,,,,,,,,,,,,,,,,,,,,,,,,,,,,,,,,,,,,,,,,,,,,,,,
2026-08-21,FAVORABLE,24252.0,24182.028984375,11.199999809265137,ADANIPORTS,Insufficient clean feature history,DATA_ERROR,,,,,,,,,,,,,,,,,,,,,,,,,,,,,,,,,,,,,,,,,,,,,,,,,,,,,,,,,,
2026-08-21,FAVORABLE,24252.0,24182.028984375,11.199999809265137,BAJAJFINSV,Insufficient clean feature history,DATA_ERROR,,,,,,,,,,,,,,,,,,,,,,,,,,,,,,,,,,,,,,,,,,,,,,,,,,,,,,,,,,
2026-08-21,FAVORABLE,24252.0,24182.028984375,11.199999809265137,WIPRO,Insufficient clean feature history,DATA_ERROR,,,,,,,,,,,,,,,,,,,,,,,,,,,,,,,,,,,,,,,,,,,,,,,,,,,,,,,,,,
2026-08-21,FAVORABLE,24252.0,24182.028984375,11.199999809265137,NESTLEIND,Insufficient clean feature history,DATA_ERROR,,,,,,,,,,,,,,,,,,,,,,,,,,,,,,,,,,,,,,,,,,,,,,,,,,,,,,,,,,
2026-08-21,FAVORABLE,24252.0,24182.028984375,11.199999809265137,TECHM,Insufficient clean feature history,DATA_ERROR,,,,,,,,,,,,,,,,,,,,,,,,,,,,,,,,,,,,,,,,,,,,,,,,,,,,,,,,,,
2026-08-21,FAVORABLE,24252.0,24182.028984375,11.199999809265137,ASIANPAINT,Insufficient clean feature history,DATA_ERROR,,,,,,,,,,,,,,,,,,,,,,,,,,,,,,,,,,,,,,,,,,,,,,,,,,,,,,,,,,
2026-08-21,FAVORABLE,24252.0,24182.028984375,11.199999809265137,BEL,Insufficient clean feature history,DATA_ERROR,,,,,,,,,,,,,,,,,,,,,,,,,,,,,,,,,,,,,,,,,,,,,,,,,,,,,,,,,,
2026-08-21,FAVORABLE,24252.0,24182.028984375,11.199999809265137,TRENT,Insufficient clean feature history,DATA_ERROR,,,,,,,,,,,,,,,,,,,,,,,,,,,,,,,,,,,,,,,,,,,,,,,,,,,,,,,,,,
2026-08-21,FAVORABLE,24252.0,24182.028984375,11.199999809265137,GRASIM,Insufficient clean feature history,DATA_ERROR,,,,,,,,,,,,,,,,,,,,,,,,,,,,,,,,,,,,,,,,,,,,,,,,,,,,,,,,,,
2026-08-21,FAVORABLE,24252.0,24182.028984375,11.199999809265137,HINDALCO,Insufficient clean feature history,DATA_ERROR,,,,,,,,,,,,,,,,,,,,,,,,,,,,,,,,,,,,,,,,,,,,,,,,,,,,,,,,,,
2026-08-21,FAVORABLE,24252.0,24182.028984375,11.199999809265137,EICHERMOT,Insufficient clean feature history,DATA_ERROR,,,,,,,,,,,,,,,,,,,,,,,,,,,,,,,,,,,,,,,,,,,,,,,,,,,,,,,,,,
2026-08-21,FAVORABLE,24252.0,24182.028984375,11.199999809265137,SHRIRAMFIN,Insufficient clean feature history,DATA_ERROR,,,,,,,,,,,,,,,,,,,,,,,,,,,,,,,,,,,,,,,,,,,,,,,,,,,,,,,,,,
2026-08-21,FAVORABLE,24252.0,24182.028984375,11.199999809265137,VEDL,Insufficient clean feature history,DATA_ERROR,,,,,,,,,,,,,,,,,,,,,,,,,,,,,,,,,,,,,,,,,,,,,,,,,,,,,,,,,,
2026-08-21,FAVORABLE,24252.0,24182.028984375,11.199999809265137,CIPLA,Insufficient clean feature history,DATA_ERROR,,,,,,,,,,,,,,,,,,,,,,,,,,,,,,,,,,,,,,,,,,,,,,,,,,,,,,,,,,
2026-08-21,FAVORABLE,24252.0,24182.028984375,11.199999809265137,DRREDDY,Insufficient clean feature history,DATA_ERROR,,,,,,,,,,,,,,,,,,,,,,,,,,,,,,,,,,,,,,,,,,,,,,,,,,,,,,,,,,
2026-08-21,FAVORABLE,24252.0,24182.028984375,11.199999809265137,DIVISLAB,Insufficient clean feature history,DATA_ERROR,,,,,,,,,,,,,,,,,,,,,,,,,,,,,,,,,,,,,,,,,,,,,,,,,,,,,,,,,,
2026-08-21,FAVORABLE,24252.0,24182.028984375,11.199999809265137,APOLLOHOSP,Insufficient clean feature history,DATA_ERROR,,,,,,,,,,,,,,,,,,,,,,,,,,,,,,,,,,,,,,,,,,,,,,,,,,,,,,,,,,
2026-08-21,FAVORABLE,24252.0,24182.028984375,11.199999809265137,BRITANNIA,Insufficient clean feature history,DATA_ERROR,,,,,,,,,,,,,,,,,,,,,,,,,,,,,,,,,,,,,,,,,,,,,,,,,,,,,,,,,,
2026-08-21,FAVORABLE,24252.0,24182.028984375,11.199999809265137,HEROMOTOCO,Insufficient clean feature history,DATA_ERROR,,,,,,,,,,,,,,,,,,,,,,,,,,,,,,,,,,,,,,,,,,,,,,,,,,,,,,,,,,
2026-08-21,FAVORABLE,24252.0,24182.028984375,11.199999809265137,BAJAJ-AUTO,Insufficient clean feature history,DATA_ERROR,,,,,,,,,,,,,,,,,,,,,,,,,,,,,,,,,,,,,,,,,,,,,,,,,,,,,,,,,,
2026-08-21,FAVORABLE,24252.0,24182.028984375,11.199999809265137,INDUSINDBK,Insufficient clean feature history,DATA_ERROR,,,,,,,,,,,,,,,,,,,,,,,,,,,,,,,,,,,,,,,,,,,,,,,,,,,,,,,,,,
2026-08-21,FAVORABLE,24252.0,24182.028984375,11.199999809265137,SBILIFE,Insufficient clean feature history,DATA_ERROR,,,,,,,,,,,,,,,,,,,,,,,,,,,,,,,,,,,,,,,,,,,,,,,,,,,,,,,,,,
2026-08-21,FAVORABLE,24252.0,24182.028984375,11.199999809265137,HDFCLIFE,Insufficient clean feature history,DATA_ERROR,,,,,,,,,,,,,,,,,,,,,,,,,,,,,,,,,,,,,,,,,,,,,,,,,,,,,,,,,,
2026-08-21,FAVORABLE,24252.0,24182.028984375,11.199999809265137,TATAELXSI,Insufficient clean feature history,DATA_ERROR,,,,,,,,,,,,,,,,,,,,,,,,,,,,,,,,,,,,,,,,,,,,,,,,,,,,,,,,,,
2026-08-21,FAVORABLE,24252.0,24182.028984375,11.199999809265137,AUROPHARMA,Insufficient clean feature history,DATA_ERROR,,,,,,,,,,,,,,,,,,,,,,,,,,,,,,,,,,,,,,,,,,,,,,,,,,,,,,,,,,
2026-08-21,FAVORABLE,24252.0,24182.028984375,11.199999809265137,BOSCHLTD,Insufficient clean feature history,DATA_ERROR,,,,,,,,,,,,,,,,,,,,,,,,,,,,,,,,,,,,,,,,,,,,,,,,,,,,,,,,,,
2026-08-21,FAVORABLE,24252.0,24182.028984375,11.199999809265137,DLF,Insufficient clean feature history,DATA_ERROR,,,,,,,,,,,,,,,,,,,,,,,,,,,,,,,,,,,,,,,,,,,,,,,,,,,,,,,,,,
2026-08-21,FAVORABLE,24252.0,24182.028984375,11.199999809265137,NAUKRI,Insufficient clean feature history,DATA_ERROR,,,,,,,,,,,,,,,,,,,,,,,,,,,,,,,,,,,,,,,,,,,,,,,,,,,,,,,,,,
2026-08-21,FAVORABLE,24252.0,24182.028984375,11.199999809265137,SAIL,Insufficient clean feature history,DATA_ERROR,,,,,,,,,,,,,,,,,,,,,,,,,,,,,,,,,,,,,,,,,,,,,,,,,,,,,,,,,,
2026-08-21,FAVORABLE,24252.0,24182.028984375,11.199999809265137,ABB,Insufficient clean feature history,DATA_ERROR,,,,,,,,,,,,,,,,,,,,,,,,,,,,,,,,,,,,,,,,,,,,,,,,,,,,,,,,,,
2026-08-21,FAVORABLE,24252.0,24182.028984375,11.199999809265137,GODREJCP,Insufficient clean feature history,DATA_ERROR,,,,,,,,,,,,,,,,,,,,,,,,,,,,,,,,,,,,,,,,,,,,,,,,,,,,,,,,,,
2026-08-21,FAVORABLE,24252.0,24182.028984375,11.199999809265137,PIDILITIND,Insufficient clean feature history,DATA_ERROR,,,,,,,,,,,,,,,,,,,,,,,,,,,,,,,,,,,,,,,,,,,,,,,,,,,,,,,,,,
2026-08-21,FAVORABLE,24252.0,24182.028984375,11.199999809265137,SIEMENS,Insufficient clean feature history,DATA_ERROR,,,,,,,,,,,,,,,,,,,,,,,,,,,,,,,,,,,,,,,,,,,,,,,,,,,,,,,,,,
2026-08-21,FAVORABLE,24252.0,24182.028984375,11.199999809265137,AMBUJACEM,Insufficient clean feature history,DATA_ERROR,,,,,,,,,,,,,,,,,,,,,,,,,,,,,,,,,,,,,,,,,,,,,,,,,,,,,,,,,,
2026-08-21,FAVORABLE,24252.0,24182.028984375,11.199999809265137,ACC,Insufficient clean feature history,DATA_ERROR,,,,,,,,,,,,,,,,,,,,,,,,,,,,,,,,,,,,,,,,,,,,,,,,,,,,,,,,,,
2026-08-21,FAVORABLE,24252.0,24182.028984375,11.199999809265137,BPCL,Insufficient clean feature history,DATA_ERROR,,,,,,,,,,,,,,,,,,,,,,,,,,,,,,,,,,,,,,,,,,,,,,,,,,,,,,,,,,
2026-08-21,FAVORABLE,24252.0,24182.028984375,11.199999809265137,IOC,Insufficient clean feature history,DATA_ERROR,,,,,,,,,,,,,,,,,,,,,,,,,,,,,,,,,,,,,,,,,,,,,,,,,,,,,,,,,,
2026-08-21,FAVORABLE,24252.0,24182.028984375,11.199999809265137,HAVELLS,Insufficient clean feature history,DATA_ERROR,,,,,,,,,,,,,,,,,,,,,,,,,,,,,,,,,,,,,,,,,,,,,,,,,,,,,,,,,,
2026-08-24,FAVORABLE,24219.05078125,24193.9519921875,11.529999732971191,RELIANCE,Insufficient clean feature history,DATA_ERROR,,,,,,,,,,,,,,,,,,,,,,,,,,,,,,,,,,,,,,,,,,,,,,,,,,,,,,,,,,
2026-08-24,FAVORABLE,24219.05078125,24193.9519921875,11.529999732971191,HDFCBANK,Insufficient clean feature history,DATA_ERROR,,,,,,,,,,,,,,,,,,,,,,,,,,,,,,,,,,,,,,,,,,,,,,,,,,,,,,,,,,
2026-08-24,FAVORABLE,24219.05078125,24193.9519921875,11.529999732971191,ICICIBANK,Insufficient clean feature history,DATA_ERROR,,,,,,,,,,,,,,,,,,,,,,,,,,,,,,,,,,,,,,,,,,,,,,,,,,,,,,,,,,
2026-08-24,FAVORABLE,24219.05078125,24193.9519921875,11.529999732971191,BHARTIARTL,Insufficient clean feature history,DATA_ERROR,,,,,,,,,,,,,,,,,,,,,,,,,,,,,,,,,,,,,,,,,,,,,,,,,,,,,,,,,,
2026-08-24,FAVORABLE,24219.05078125,24193.9519921875,11.529999732971191,TCS,Insufficient clean feature history,DATA_ERROR,,,,,,,,,,,,,,,,,,,,,,,,,,,,,,,,,,,,,,,,,,,,,,,,,,,,,,,,,,
2026-08-24,FAVORABLE,24219.05078125,24193.9519921875,11.529999732971191,INFY,Insufficient clean feature history,DATA_ERROR,,,,,,,,,,,,,,,,,,,,,,,,,,,,,,,,,,,,,,,,,,,,,,,,,,,,,,,,,,
2026-08-24,FAVORABLE,24219.05078125,24193.9519921875,11.529999732971191,ITC,Insufficient clean feature history,DATA_ERROR,,,,,,,,,,,,,,,,,,,,,,,,,,,,,,,,,,,,,,,,,,,,,,,,,,,,,,,,,,
2026-08-24,FAVORABLE,24219.05078125,24193.9519921875,11.529999732971191,SBIN,Insufficient clean feature history,DATA_ERROR,,,,,,,,,,,,,,,,,,,,,,,,,,,,,,,,,,,,,,,,,,,,,,,,,,,,,,,,,,
2026-08-24,FAVORABLE,24219.05078125,24193.9519921875,11.529999732971191,LT,Insufficient clean feature history,DATA_ERROR,,,,,,,,,,,,,,,,,,,,,,,,,,,,,,,,,,,,,,,,,,,,,,,,,,,,,,,,,,
2026-08-24,FAVORABLE,24219.05078125,24193.9519921875,11.529999732971191,AXISBANK,Insufficient clean feature history,DATA_ERROR,,,,,,,,,,,,,,,,,,,,,,,,,,,,,,,,,,,,,,,,,,,,,,,,,,,,,,,,,,
2026-08-24,FAVORABLE,24219.05078125,24193.9519921875,11.529999732971191,KOTAKBANK,Insufficient clean feature history,DATA_ERROR,,,,,,,,,,,,,,,,,,,,,,,,,,,,,,,,,,,,,,,,,,,,,,,,,,,,,,,,,,
2026-08-24,FAVORABLE,24219.05078125,24193.9519921875,11.529999732971191,M&M,Insufficient clean feature history,DATA_ERROR,,,,,,,,,,,,,,,,,,,,,,,,,,,,,,,,,,,,,,,,,,,,,,,,,,,,,,,,,,
2026-08-24,FAVORABLE,24219.05078125,24193.9519921875,11.529999732971191,HINDUNILVR,Insufficient clean feature history,DATA_ERROR,,,,,,,,,,,,,,,,,,,,,,,,,,,,,,,,,,,,,,,,,,,,,,,,,,,,,,,,,,
2026-08-24,FAVORABLE,24219.05078125,24193.9519921875,11.529999732971191,BAJFINANCE,Insufficient clean feature history,DATA_ERROR,,,,,,,,,,,,,,,,,,,,,,,,,,,,,,,,,,,,,,,,,,,,,,,,,,,,,,,,,,
2026-08-24,FAVORABLE,24219.05078125,24193.9519921875,11.529999732971191,MARUTI,Insufficient clean feature history,DATA_ERROR,,,,,,,,,,,,,,,,,,,,,,,,,,,,,,,,,,,,,,,,,,,,,,,,,,,,,,,,,,
2026-08-24,FAVORABLE,24219.05078125,24193.9519921875,11.529999732971191,SUNPHARMA,Insufficient clean feature history,DATA_ERROR,,,,,,,,,,,,,,,,,,,,,,,,,,,,,,,,,,,,,,,,,,,,,,,,,,,,,,,,,,
2026-08-24,FAVORABLE,24219.05078125,24193.9519921875,11.529999732971191,HCLTECH,Insufficient clean feature history,DATA_ERROR,,,,,,,,,,,,,,,,,,,,,,,,,,,,,,,,,,,,,,,,,,,,,,,,,,,,,,,,,,
2026-08-24,FAVORABLE,24219.05078125,24193.9519921875,11.529999732971191,NTPC,Insufficient clean feature history,DATA_ERROR,,,,,,,,,,,,,,,,,,,,,,,,,,,,,,,,,,,,,,,,,,,,,,,,,,,,,,,,,,
2026-08-24,FAVORABLE,24219.05078125,24193.9519921875,11.529999732971191,TITAN,Insufficient clean feature history,DATA_ERROR,,,,,,,,,,,,,,,,,,,,,,,,,,,,,,,,,,,,,,,,,,,,,,,,,,,,,,,,,,
2026-08-24,FAVORABLE,24219.05078125,24193.9519921875,11.529999732971191,ADANIENT,Insufficient clean feature history,DATA_ERROR,,,,,,,,,,,,,,,,,,,,,,,,,,,,,,,,,,,,,,,,,,,,,,,,,,,,,,,,,,
2026-08-24,FAVORABLE,24219.05078125,24193.9519921875,11.529999732971191,ULTRACEMCO,Insufficient clean feature history,DATA_ERROR,,,,,,,,,,,,,,,,,,,,,,,,,,,,,,,,,,,,,,,,,,,,,,,,,,,,,,,,,,
2026-08-24,FAVORABLE,24219.05078125,24193.9519921875,11.529999732971191,ONGC,Insufficient clean feature history,DATA_ERROR,,,,,,,,,,,,,,,,,,,,,,,,,,,,,,,,,,,,,,,,,,,,,,,,,,,,,,,,,,
2026-08-24,FAVORABLE,24219.05078125,24193.9519921875,11.529999732971191,POWERGRID,Insufficient clean feature history,DATA_ERROR,,,,,,,,,,,,,,,,,,,,,,,,,,,,,,,,,,,,,,,,,,,,,,,,,,,,,,,,,,
2026-08-24,FAVORABLE,24219.05078125,24193.9519921875,11.529999732971191,TATASTEEL,Insufficient clean feature history,DATA_ERROR,,,,,,,,,,,,,,,,,,,,,,,,,,,,,,,,,,,,,,,,,,,,,,,,,,,,,,,,,,
2026-08-24,FAVORABLE,24219.05078125,24193.9519921875,11.529999732971191,JSWSTEEL,Insufficient clean feature history,DATA_ERROR,,,,,,,,,,,,,,,,,,,,,,,,,,,,,,,,,,,,,,,,,,,,,,,,,,,,,,,,,,
2026-08-24,FAVORABLE,24219.05078125,24193.9519921875,11.529999732971191,COALINDIA,Insufficient clean feature history,DATA_ERROR,,,,,,,,,,,,,,,,,,,,,,,,,,,,,,,,,,,,,,,,,,,,,,,,,,,,,,,,,,
2026-08-24,FAVORABLE,24219.05078125,24193.9519921875,11.529999732971191,ADANIPORTS,Insufficient clean feature history,DATA_ERROR,,,,,,,,,,,,,,,,,,,,,,,,,,,,,,,,,,,,,,,,,,,,,,,,,,,,,,,,,,
2026-08-24,FAVORABLE,24219.05078125,24193.9519921875,11.529999732971191,BAJAJFINSV,Insufficient clean feature history,DATA_ERROR,,,,,,,,,,,,,,,,,,,,,,,,,,,,,,,,,,,,,,,,,,,,,,,,,,,,,,,,,,
2026-08-24,FAVORABLE,24219.05078125,24193.9519921875,11.529999732971191,WIPRO,Insufficient clean feature history,DATA_ERROR,,,,,,,,,,,,,,,,,,,,,,,,,,,,,,,,,,,,,,,,,,,,,,,,,,,,,,,,,,
2026-08-24,FAVORABLE,24219.05078125,24193.9519921875,11.529999732971191,NESTLEIND,Insufficient clean feature history,DATA_ERROR,,,,,,,,,,,,,,,,,,,,,,,,,,,,,,,,,,,,,,,,,,,,,,,,,,,,,,,,,,
2026-08-24,FAVORABLE,24219.05078125,24193.9519921875,11.529999732971191,TECHM,Insufficient clean feature history,DATA_ERROR,,,,,,,,,,,,,,,,,,,,,,,,,,,,,,,,,,,,,,,,,,,,,,,,,,,,,,,,,,
2026-08-24,FAVORABLE,24219.05078125,24193.9519921875,11.529999732971191,ASIANPAINT,Insufficient clean feature history,DATA_ERROR,,,,,,,,,,,,,,,,,,,,,,,,,,,,,,,,,,,,,,,,,,,,,,,,,,,,,,,,,,
2026-08-24,FAVORABLE,24219.05078125,24193.9519921875,11.529999732971191,BEL,Insufficient clean feature history,DATA_ERROR,,,,,,,,,,,,,,,,,,,,,,,,,,,,,,,,,,,,,,,,,,,,,,,,,,,,,,,,,,
2026-08-24,FAVORABLE,24219.05078125,24193.9519921875,11.529999732971191,TRENT,Insufficient clean feature history,DATA_ERROR,,,,,,,,,,,,,,,,,,,,,,,,,,,,,,,,,,,,,,,,,,,,,,,,,,,,,,,,,,
2026-08-24,FAVORABLE,24219.05078125,24193.9519921875,11.529999732971191,GRASIM,Insufficient clean feature history,DATA_ERROR,,,,,,,,,,,,,,,,,,,,,,,,,,,,,,,,,,,,,,,,,,,,,,,,,,,,,,,,,,
2026-08-24,FAVORABLE,24219.05078125,24193.9519921875,11.529999732971191,HINDALCO,Insufficient clean feature history,DATA_ERROR,,,,,,,,,,,,,,,,,,,,,,,,,,,,,,,,,,,,,,,,,,,,,,,,,,,,,,,,,,
2026-08-24,FAVORABLE,24219.05078125,24193.9519921875,11.529999732971191,EICHERMOT,Insufficient clean feature history,DATA_ERROR,,,,,,,,,,,,,,,,,,,,,,,,,,,,,,,,,,,,,,,,,,,,,,,,,,,,,,,,,,
2026-08-24,FAVORABLE,24219.05078125,24193.9519921875,11.529999732971191,SHRIRAMFIN,Insufficient clean feature history,DATA_ERROR,,,,,,,,,,,,,,,,,,,,,,,,,,,,,,,,,,,,,,,,,,,,,,,,,,,,,,,,,,
2026-08-24,FAVORABLE,24219.05078125,24193.9519921875,11.529999732971191,VEDL,Insufficient clean feature history,DATA_ERROR,,,,,,,,,,,,,,,,,,,,,,,,,,,,,,,,,,,,,,,,,,,,,,,,,,,,,,,,,,
2026-08-24,FAVORABLE,24219.05078125,24193.9519921875,11.529999732971191,CIPLA,Insufficient clean feature history,DATA_ERROR,,,,,,,,,,,,,,,,,,,,,,,,,,,,,,,,,,,,,,,,,,,,,,,,,,,,,,,,,,
2026-08-24,FAVORABLE,24219.05078125,24193.9519921875,11.529999732971191,DRREDDY,Insufficient clean feature history,DATA_ERROR,,,,,,,,,,,,,,,,,,,,,,,,,,,,,,,,,,,,,,,,,,,,,,,,,,,,,,,,,,
2026-08-24,FAVORABLE,24219.05078125,24193.9519921875,11.529999732971191,DIVISLAB,Insufficient clean feature history,DATA_ERROR,,,,,,,,,,,,,,,,,,,,,,,,,,,,,,,,,,,,,,,,,,,,,,,,,,,,,,,,,,
2026-08-24,FAVORABLE,24219.05078125,24193.9519921875,11.529999732971191,APOLLOHOSP,Insufficient clean feature history,DATA_ERROR,,,,,,,,,,,,,,,,,,,,,,,,,,,,,,,,,,,,,,,,,,,,,,,,,,,,,,,,,,
2026-08-24,FAVORABLE,24219.05078125,24193.9519921875,11.529999732971191,BRITANNIA,Insufficient clean feature history,DATA_ERROR,,,,,,,,,,,,,,,,,,,,,,,,,,,,,,,,,,,,,,,,,,,,,,,,,,,,,,,,,,
2026-08-24,FAVORABLE,24219.05078125,24193.9519921875,11.529999732971191,HEROMOTOCO,Insufficient clean feature history,DATA_ERROR,,,,,,,,,,,,,,,,,,,,,,,,,,,,,,,,,,,,,,,,,,,,,,,,,,,,,,,,,,
2026-08-24,FAVORABLE,24219.05078125,24193.9519921875,11.529999732971191,BAJAJ-AUTO,Insufficient clean feature history,DATA_ERROR,,,,,,,,,,,,,,,,,,,,,,,,,,,,,,,,,,,,,,,,,,,,,,,,,,,,,,,,,,
2026-08-24,FAVORABLE,24219.05078125,24193.9519921875,11.529999732971191,INDUSINDBK,Insufficient clean feature history,DATA_ERROR,,,,,,,,,,,,,,,,,,,,,,,,,,,,,,,,,,,,,,,,,,,,,,,,,,,,,,,,,,
2026-08-24,FAVORABLE,24219.05078125,24193.9519921875,11.529999732971191,SBILIFE,Insufficient clean feature history,DATA_ERROR,,,,,,,,,,,,,,,,,,,,,,,,,,,,,,,,,,,,,,,,,,,,,,,,,,,,,,,,,,
2026-08-24,FAVORABLE,24219.05078125,24193.9519921875,11.529999732971191,HDFCLIFE,Insufficient clean feature history,DATA_ERROR,,,,,,,,,,,,,,,,,,,,,,,,,,,,,,,,,,,,,,,,,,,,,,,,,,,,,,,,,,
2026-08-24,FAVORABLE,24219.05078125,24193.9519921875,11.529999732971191,TATAELXSI,Insufficient clean feature history,DATA_ERROR,,,,,,,,,,,,,,,,,,,,,,,,,,,,,,,,,,,,,,,,,,,,,,,,,,,,,,,,,,
2026-08-24,FAVORABLE,24219.05078125,24193.9519921875,11.529999732971191,AUROPHARMA,Insufficient clean feature history,DATA_ERROR,,,,,,,,,,,,,,,,,,,,,,,,,,,,,,,,,,,,,,,,,,,,,,,,,,,,,,,,,,
2026-08-24,FAVORABLE,24219.05078125,24193.9519921875,11.529999732971191,BOSCHLTD,Insufficient clean feature history,DATA_ERROR,,,,,,,,,,,,,,,,,,,,,,,,,,,,,,,,,,,,,,,,,,,,,,,,,,,,,,,,,,
2026-08-24,FAVORABLE,24219.05078125,24193.9519921875,11.529999732971191,DLF,Insufficient clean feature history,DATA_ERROR,,,,,,,,,,,,,,,,,,,,,,,,,,,,,,,,,,,,,,,,,,,,,,,,,,,,,,,,,,
2026-08-24,FAVORABLE,24219.05078125,24193.9519921875,11.529999732971191,NAUKRI,Insufficient clean feature history,DATA_ERROR,,,,,,,,,,,,,,,,,,,,,,,,,,,,,,,,,,,,,,,,,,,,,,,,,,,,,,,,,,
2026-08-24,FAVORABLE,24219.05078125,24193.9519921875,11.529999732971191,SAIL,Insufficient clean feature history,DATA_ERROR,,,,,,,,,,,,,,,,,,,,,,,,,,,,,,,,,,,,,,,,,,,,,,,,,,,,,,,,,,
2026-08-24,FAVORABLE,24219.05078125,24193.9519921875,11.529999732971191,ABB,Insufficient clean feature history,DATA_ERROR,,,,,,,,,,,,,,,,,,,,,,,,,,,,,,,,,,,,,,,,,,,,,,,,,,,,,,,,,,
2026-08-24,FAVORABLE,24219.05078125,24193.9519921875,11.529999732971191,GODREJCP,Insufficient clean feature history,DATA_ERROR,,,,,,,,,,,,,,,,,,,,,,,,,,,,,,,,,,,,,,,,,,,,,,,,,,,,,,,,,,
2026-08-24,FAVORABLE,24219.05078125,24193.9519921875,11.529999732971191,PIDILITIND,Insufficient clean feature history,DATA_ERROR,,,,,,,,,,,,,,,,,,,,,,,,,,,,,,,,,,,,,,,,,,,,,,,,,,,,,,,,,,
2026-08-24,FAVORABLE,24219.05078125,24193.9519921875,11.529999732971191,SIEMENS,Insufficient clean feature history,DATA_ERROR,,,,,,,,,,,,,,,,,,,,,,,,,,,,,,,,,,,,,,,,,,,,,,,,,,,,,,,,,,
2026-08-24,FAVORABLE,24219.05078125,24193.9519921875,11.529999732971191,AMBUJACEM,Insufficient clean feature history,DATA_ERROR,,,,,,,,,,,,,,,,,,,,,,,,,,,,,,,,,,,,,,,,,,,,,,,,,,,,,,,,,,
2026-08-24,FAVORABLE,24219.05078125,24193.9519921875,11.529999732971191,ACC,Insufficient clean feature history,DATA_ERROR,,,,,,,,,,,,,,,,,,,,,,,,,,,,,,,,,,,,,,,,,,,,,,,,,,,,,,,,,,
2026-08-24,FAVORABLE,24219.05078125,24193.9519921875,11.529999732971191,BPCL,Insufficient clean feature history,DATA_ERROR,,,,,,,,,,,,,,,,,,,,,,,,,,,,,,,,,,,,,,,,,,,,,,,,,,,,,,,,,,
2026-08-24,FAVORABLE,24219.05078125,24193.9519921875,11.529999732971191,IOC,Insufficient clean feature history,DATA_ERROR,,,,,,,,,,,,,,,,,,,,,,,,,,,,,,,,,,,,,,,,,,,,,,,,,,,,,,,,,,
2026-08-24,FAVORABLE,24219.05078125,24193.9519921875,11.529999732971191,HAVELLS,Insufficient clean feature history,DATA_ERROR,,,,,,,,,,,,,,,,,,,,,,,,,,,,,,,,,,,,,,,,,,,,,,,,,,,,,,,,,,
2026-08-25,FAVORABLE,24334.55078125,24203.565,11.079999923706055,RELIANCE,Insufficient clean feature history,DATA_ERROR,,,,,,,,,,,,,,,,,,,,,,,,,,,,,,,,,,,,,,,,,,,,,,,,,,,,,,,,,,
2026-08-25,FAVORABLE,24334.55078125,24203.565,11.079999923706055,HDFCBANK,Insufficient clean feature history,DATA_ERROR,,,,,,,,,,,,,,,,,,,,,,,,,,,,,,,,,,,,,,,,,,,,,,,,,,,,,,,,,,
2026-08-25,FAVORABLE,24334.55078125,24203.565,11.079999923706055,ICICIBANK,Insufficient clean feature history,DATA_ERROR,,,,,,,,,,,,,,,,,,,,,,,,,,,,,,,,,,,,,,,,,,,,,,,,,,,,,,,,,,
2026-08-25,FAVORABLE,24334.55078125,24203.565,11.079999923706055,BHARTIARTL,Insufficient clean feature history,DATA_ERROR,,,,,,,,,,,,,,,,,,,,,,,,,,,,,,,,,,,,,,,,,,,,,,,,,,,,,,,,,,
2026-08-25,FAVORABLE,24334.55078125,24203.565,11.079999923706055,TCS,Insufficient clean feature history,DATA_ERROR,,,,,,,,,,,,,,,,,,,,,,,,,,,,,,,,,,,,,,,,,,,,,,,,,,,,,,,,,,
2026-08-25,FAVORABLE,24334.55078125,24203.565,11.079999923706055,INFY,Insufficient clean feature history,DATA_ERROR,,,,,,,,,,,,,,,,,,,,,,,,,,,,,,,,,,,,,,,,,,,,,,,,,,,,,,,,,,
2026-08-25,FAVORABLE,24334.55078125,24203.565,11.079999923706055,ITC,Insufficient clean feature history,DATA_ERROR,,,,,,,,,,,,,,,,,,,,,,,,,,,,,,,,,,,,,,,,,,,,,,,,,,,,,,,,,,
2026-08-25,FAVORABLE,24334.55078125,24203.565,11.079999923706055,SBIN,Insufficient clean feature history,DATA_ERROR,,,,,,,,,,,,,,,,,,,,,,,,,,,,,,,,,,,,,,,,,,,,,,,,,,,,,,,,,,
2026-08-25,FAVORABLE,24334.55078125,24203.565,11.079999923706055,LT,Insufficient clean feature history,DATA_ERROR,,,,,,,,,,,,,,,,,,,,,,,,,,,,,,,,,,,,,,,,,,,,,,,,,,,,,,,,,,
2026-08-25,FAVORABLE,24334.55078125,24203.565,11.079999923706055,AXISBANK,Insufficient clean feature history,DATA_ERROR,,,,,,,,,,,,,,,,,,,,,,,,,,,,,,,,,,,,,,,,,,,,,,,,,,,,,,,,,,
2026-08-25,FAVORABLE,24334.55078125,24203.565,11.079999923706055,KOTAKBANK,Insufficient clean feature history,DATA_ERROR,,,,,,,,,,,,,,,,,,,,,,,,,,,,,,,,,,,,,,,,,,,,,,,,,,,,,,,,,,
2026-08-25,FAVORABLE,24334.55078125,24203.565,11.079999923706055,M&M,Insufficient clean feature history,DATA_ERROR,,,,,,,,,,,,,,,,,,,,,,,,,,,,,,,,,,,,,,,,,,,,,,,,,,,,,,,,,,
2026-08-25,FAVORABLE,24334.55078125,24203.565,11.079999923706055,HINDUNILVR,Insufficient clean feature history,DATA_ERROR,,,,,,,,,,,,,,,,,,,,,,,,,,,,,,,,,,,,,,,,,,,,,,,,,,,,,,,,,,
2026-08-25,FAVORABLE,24334.55078125,24203.565,11.079999923706055,BAJFINANCE,Insufficient clean feature history,DATA_ERROR,,,,,,,,,,,,,,,,,,,,,,,,,,,,,,,,,,,,,,,,,,,,,,,,,,,,,,,,,,
2026-08-25,FAVORABLE,24334.55078125,24203.565,11.079999923706055,MARUTI,Insufficient clean feature history,DATA_ERROR,,,,,,,,,,,,,,,,,,,,,,,,,,,,,,,,,,,,,,,,,,,,,,,,,,,,,,,,,,
2026-08-25,FAVORABLE,24334.55078125,24203.565,11.079999923706055,SUNPHARMA,Insufficient clean feature history,DATA_ERROR,,,,,,,,,,,,,,,,,,,,,,,,,,,,,,,,,,,,,,,,,,,,,,,,,,,,,,,,,,
2026-08-25,FAVORABLE,24334.55078125,24203.565,11.079999923706055,HCLTECH,Insufficient clean feature history,DATA_ERROR,,,,,,,,,,,,,,,,,,,,,,,,,,,,,,,,,,,,,,,,,,,,,,,,,,,,,,,,,,
2026-08-25,FAVORABLE,24334.55078125,24203.565,11.079999923706055,NTPC,Insufficient clean feature history,DATA_ERROR,,,,,,,,,,,,,,,,,,,,,,,,,,,,,,,,,,,,,,,,,,,,,,,,,,,,,,,,,,
2026-08-25,FAVORABLE,24334.55078125,24203.565,11.079999923706055,TITAN,Insufficient clean feature history,DATA_ERROR,,,,,,,,,,,,,,,,,,,,,,,,,,,,,,,,,,,,,,,,,,,,,,,,,,,,,,,,,,
2026-08-25,FAVORABLE,24334.55078125,24203.565,11.079999923706055,ADANIENT,Insufficient clean feature history,DATA_ERROR,,,,,,,,,,,,,,,,,,,,,,,,,,,,,,,,,,,,,,,,,,,,,,,,,,,,,,,,,,
2026-08-25,FAVORABLE,24334.55078125,24203.565,11.079999923706055,ULTRACEMCO,Insufficient clean feature history,DATA_ERROR,,,,,,,,,,,,,,,,,,,,,,,,,,,,,,,,,,,,,,,,,,,,,,,,,,,,,,,,,,
2026-08-25,FAVORABLE,24334.55078125,24203.565,11.079999923706055,ONGC,Insufficient clean feature history,DATA_ERROR,,,,,,,,,,,,,,,,,,,,,,,,,,,,,,,,,,,,,,,,,,,,,,,,,,,,,,,,,,
2026-08-25,FAVORABLE,24334.55078125,24203.565,11.079999923706055,POWERGRID,Insufficient clean feature history,DATA_ERROR,,,,,,,,,,,,,,,,,,,,,,,,,,,,,,,,,,,,,,,,,,,,,,,,,,,,,,,,,,
2026-08-25,FAVORABLE,24334.55078125,24203.565,11.079999923706055,TATASTEEL,Insufficient clean feature history,DATA_ERROR,,,,,,,,,,,,,,,,,,,,,,,,,,,,,,,,,,,,,,,,,,,,,,,,,,,,,,,,,,
2026-08-25,FAVORABLE,24334.55078125,24203.565,11.079999923706055,JSWSTEEL,Insufficient clean feature history,DATA_ERROR,,,,,,,,,,,,,,,,,,,,,,,,,,,,,,,,,,,,,,,,,,,,,,,,,,,,,,,,,,
2026-08-25,FAVORABLE,24334.55078125,24203.565,11.079999923706055,COALINDIA,Insufficient clean feature history,DATA_ERROR,,,,,,,,,,,,,,,,,,,,,,,,,,,,,,,,,,,,,,,,,,,,,,,,,,,,,,,,,,
2026-08-25,FAVORABLE,24334.55078125,24203.565,11.079999923706055,ADANIPORTS,Insufficient clean feature history,DATA_ERROR,,,,,,,,,,,,,,,,,,,,,,,,,,,,,,,,,,,,,,,,,,,,,,,,,,,,,,,,,,
2026-08-25,FAVORABLE,24334.55078125,24203.565,11.079999923706055,BAJAJFINSV,Insufficient clean feature history,DATA_ERROR,,,,,,,,,,,,,,,,,,,,,,,,,,,,,,,,,,,,,,,,,,,,,,,,,,,,,,,,,,
2026-08-25,FAVORABLE,24334.55078125,24203.565,11.079999923706055,WIPRO,Insufficient clean feature history,DATA_ERROR,,,,,,,,,,,,,,,,,,,,,,,,,,,,,,,,,,,,,,,,,,,,,,,,,,,,,,,,,,
2026-08-25,FAVORABLE,24334.55078125,24203.565,11.079999923706055,NESTLEIND,Insufficient clean feature history,DATA_ERROR,,,,,,,,,,,,,,,,,,,,,,,,,,,,,,,,,,,,,,,,,,,,,,,,,,,,,,,,,,
2026-08-25,FAVORABLE,24334.55078125,24203.565,11.079999923706055,TECHM,Insufficient clean feature history,DATA_ERROR,,,,,,,,,,,,,,,,,,,,,,,,,,,,,,,,,,,,,,,,,,,,,,,,,,,,,,,,,,
2026-08-25,FAVORABLE,24334.55078125,24203.565,11.079999923706055,ASIANPAINT,Insufficient clean feature history,DATA_ERROR,,,,,,,,,,,,,,,,,,,,,,,,,,,,,,,,,,,,,,,,,,,,,,,,,,,,,,,,,,
2026-08-25,FAVORABLE,24334.55078125,24203.565,11.079999923706055,BEL,Insufficient clean feature history,DATA_ERROR,,,,,,,,,,,,,,,,,,,,,,,,,,,,,,,,,,,,,,,,,,,,,,,,,,,,,,,,,,
2026-08-25,FAVORABLE,24334.55078125,24203.565,11.079999923706055,TRENT,Insufficient clean feature history,DATA_ERROR,,,,,,,,,,,,,,,,,,,,,,,,,,,,,,,,,,,,,,,,,,,,,,,,,,,,,,,,,,
2026-08-25,FAVORABLE,24334.55078125,24203.565,11.079999923706055,GRASIM,Insufficient clean feature history,DATA_ERROR,,,,,,,,,,,,,,,,,,,,,,,,,,,,,,,,,,,,,,,,,,,,,,,,,,,,,,,,,,
2026-08-25,FAVORABLE,24334.55078125,24203.565,11.079999923706055,HINDALCO,Insufficient clean feature history,DATA_ERROR,,,,,,,,,,,,,,,,,,,,,,,,,,,,,,,,,,,,,,,,,,,,,,,,,,,,,,,,,,
2026-08-25,FAVORABLE,24334.55078125,24203.565,11.079999923706055,EICHERMOT,Insufficient clean feature history,DATA_ERROR,,,,,,,,,,,,,,,,,,,,,,,,,,,,,,,,,,,,,,,,,,,,,,,,,,,,,,,,,,
2026-08-25,FAVORABLE,24334.55078125,24203.565,11.079999923706055,SHRIRAMFIN,Insufficient clean feature history,DATA_ERROR,,,,,,,,,,,,,,,,,,,,,,,,,,,,,,,,,,,,,,,,,,,,,,,,,,,,,,,,,,
2026-08-25,FAVORABLE,24334.55078125,24203.565,11.079999923706055,VEDL,Insufficient clean feature history,DATA_ERROR,,,,,,,,,,,,,,,,,,,,,,,,,,,,,,,,,,,,,,,,,,,,,,,,,,,,,,,,,,
2026-08-25,FAVORABLE,24334.55078125,24203.565,11.079999923706055,CIPLA,Insufficient clean feature history,DATA_ERROR,,,,,,,,,,,,,,,,,,,,,,,,,,,,,,,,,,,,,,,,,,,,,,,,,,,,,,,,,,
2026-08-25,FAVORABLE,24334.55078125,24203.565,11.079999923706055,DRREDDY,Insufficient clean feature history,DATA_ERROR,,,,,,,,,,,,,,,,,,,,,,,,,,,,,,,,,,,,,,,,,,,,,,,,,,,,,,,,,,
2026-08-25,FAVORABLE,24334.55078125,24203.565,11.079999923706055,DIVISLAB,Insufficient clean feature history,DATA_ERROR,,,,,,,,,,,,,,,,,,,,,,,,,,,,,,,,,,,,,,,,,,,,,,,,,,,,,,,,,,
2026-08-25,FAVORABLE,24334.55078125,24203.565,11.079999923706055,APOLLOHOSP,Insufficient clean feature history,DATA_ERROR,,,,,,,,,,,,,,,,,,,,,,,,,,,,,,,,,,,,,,,,,,,,,,,,,,,,,,,,,,
2026-08-25,FAVORABLE,24334.55078125,24203.565,11.079999923706055,BRITANNIA,Insufficient clean feature history,DATA_ERROR,,,,,,,,,,,,,,,,,,,,,,,,,,,,,,,,,,,,,,,,,,,,,,,,,,,,,,,,,,
2026-08-25,FAVORABLE,24334.55078125,24203.565,11.079999923706055,HEROMOTOCO,Insufficient clean feature history,DATA_ERROR,,,,,,,,,,,,,,,,,,,,,,,,,,,,,,,,,,,,,,,,,,,,,,,,,,,,,,,,,,
2026-08-25,FAVORABLE,24334.55078125,24203.565,11.079999923706055,BAJAJ-AUTO,Insufficient clean feature history,DATA_ERROR,,,,,,,,,,,,,,,,,,,,,,,,,,,,,,,,,,,,,,,,,,,,,,,,,,,,,,,,,,
2026-08-25,FAVORABLE,24334.55078125,24203.565,11.079999923706055,INDUSINDBK,Insufficient clean feature history,DATA_ERROR,,,,,,,,,,,,,,,,,,,,,,,,,,,,,,,,,,,,,,,,,,,,,,,,,,,,,,,,,,
2026-08-25,FAVORABLE,24334.55078125,24203.565,11.079999923706055,SBILIFE,Insufficient clean feature history,DATA_ERROR,,,,,,,,,,,,,,,,,,,,,,,,,,,,,,,,,,,,,,,,,,,,,,,,,,,,,,,,,,
2026-08-25,FAVORABLE,24334.55078125,24203.565,11.079999923706055,HDFCLIFE,Insufficient clean feature history,DATA_ERROR,,,,,,,,,,,,,,,,,,,,,,,,,,,,,,,,,,,,,,,,,,,,,,,,,,,,,,,,,,
2026-08-25,FAVORABLE,24334.55078125,24203.565,11.079999923706055,TATAELXSI,Insufficient clean feature history,DATA_ERROR,,,,,,,,,,,,,,,,,,,,,,,,,,,,,,,,,,,,,,,,,,,,,,,,,,,,,,,,,,
2026-08-25,FAVORABLE,24334.55078125,24203.565,11.079999923706055,AUROPHARMA,Insufficient clean feature history,DATA_ERROR,,,,,,,,,,,,,,,,,,,,,,,,,,,,,,,,,,,,,,,,,,,,,,,,,,,,,,,,,,
2026-08-25,FAVORABLE,24334.55078125,24203.565,11.079999923706055,BOSCHLTD,Insufficient clean feature history,DATA_ERROR,,,,,,,,,,,,,,,,,,,,,,,,,,,,,,,,,,,,,,,,,,,,,,,,,,,,,,,,,,
2026-08-25,FAVORABLE,24334.55078125,24203.565,11.079999923706055,DLF,Insufficient clean feature history,DATA_ERROR,,,,,,,,,,,,,,,,,,,,,,,,,,,,,,,,,,,,,,,,,,,,,,,,,,,,,,,,,,
2026-08-25,FAVORABLE,24334.55078125,24203.565,11.079999923706055,NAUKRI,Insufficient clean feature history,DATA_ERROR,,,,,,,,,,,,,,,,,,,,,,,,,,,,,,,,,,,,,,,,,,,,,,,,,,,,,,,,,,
2026-08-25,FAVORABLE,24334.55078125,24203.565,11.079999923706055,SAIL,Insufficient clean feature history,DATA_ERROR,,,,,,,,,,,,,,,,,,,,,,,,,,,,,,,,,,,,,,,,,,,,,,,,,,,,,,,,,,
2026-08-25,FAVORABLE,24334.55078125,24203.565,11.079999923706055,ABB,Insufficient clean feature history,DATA_ERROR,,,,,,,,,,,,,,,,,,,,,,,,,,,,,,,,,,,,,,,,,,,,,,,,,,,,,,,,,,
2026-08-25,FAVORABLE,24334.55078125,24203.565,11.079999923706055,GODREJCP,Insufficient clean feature history,DATA_ERROR,,,,,,,,,,,,,,,,,,,,,,,,,,,,,,,,,,,,,,,,,,,,,,,,,,,,,,,,,,
2026-08-25,FAVORABLE,24334.55078125,24203.565,11.079999923706055,PIDILITIND,Insufficient clean feature history,DATA_ERROR,,,,,,,,,,,,,,,,,,,,,,,,,,,,,,,,,,,,,,,,,,,,,,,,,,,,,,,,,,
2026-08-25,FAVORABLE,24334.55078125,24203.565,11.079999923706055,SIEMENS,Insufficient clean feature history,DATA_ERROR,,,,,,,,,,,,,,,,,,,,,,,,,,,,,,,,,,,,,,,,,,,,,,,,,,,,,,,,,,
2026-08-25,FAVORABLE,24334.55078125,24203.565,11.079999923706055,AMBUJACEM,Insufficient clean feature history,DATA_ERROR,,,,,,,,,,,,,,,,,,,,,,,,,,,,,,,,,,,,,,,,,,,,,,,,,,,,,,,,,,
2026-08-25,FAVORABLE,24334.55078125,24203.565,11.079999923706055,ACC,Insufficient clean feature history,DATA_ERROR,,,,,,,,,,,,,,,,,,,,,,,,,,,,,,,,,,,,,,,,,,,,,,,,,,,,,,,,,,
2026-08-25,FAVORABLE,24334.55078125,24203.565,11.079999923706055,BPCL,Insufficient clean feature history,DATA_ERROR,,,,,,,,,,,,,,,,,,,,,,,,,,,,,,,,,,,,,,,,,,,,,,,,,,,,,,,,,,
2026-08-25,FAVORABLE,24334.55078125,24203.565,11.079999923706055,IOC,Insufficient clean feature history,DATA_ERROR,,,,,,,,,,,,,,,,,,,,,,,,,,,,,,,,,,,,,,,,,,,,,,,,,,,,,,,,,,
2026-08-25,FAVORABLE,24334.55078125,24203.565,11.079999923706055,HAVELLS,Insufficient clean feature history,DATA_ERROR,,,,,,,,,,,,,,,,,,,,,,,,,,,,,,,,,,,,,,,,,,,,,,,,,,,,,,,,,,
2026-08-26,MIXED,24207.75,24207.9369921875,10.569999694824219,RELIANCE,Insufficient clean feature history,DATA_ERROR,,,,,,,,,,,,,,,,,,,,,,,,,,,,,,,,,,,,,,,,,,,,,,,,,,,,,,,,,,
2026-08-26,MIXED,24207.75,24207.9369921875,10.569999694824219,HDFCBANK,Insufficient clean feature history,DATA_ERROR,,,,,,,,,,,,,,,,,,,,,,,,,,,,,,,,,,,,,,,,,,,,,,,,,,,,,,,,,,
2026-08-26,MIXED,24207.75,24207.9369921875,10.569999694824219,ICICIBANK,Insufficient clean feature history,DATA_ERROR,,,,,,,,,,,,,,,,,,,,,,,,,,,,,,,,,,,,,,,,,,,,,,,,,,,,,,,,,,
2026-08-26,MIXED,24207.75,24207.9369921875,10.569999694824219,BHARTIARTL,Insufficient clean feature history,DATA_ERROR,,,,,,,,,,,,,,,,,,,,,,,,,,,,,,,,,,,,,,,,,,,,,,,,,,,,,,,,,,
2026-08-26,MIXED,24207.75,24207.9369921875,10.569999694824219,TCS,Insufficient clean feature history,DATA_ERROR,,,,,,,,,,,,,,,,,,,,,,,,,,,,,,,,,,,,,,,,,,,,,,,,,,,,,,,,,,
2026-08-26,MIXED,24207.75,24207.9369921875,10.569999694824219,INFY,Insufficient clean feature history,DATA_ERROR,,,,,,,,,,,,,,,,,,,,,,,,,,,,,,,,,,,,,,,,,,,,,,,,,,,,,,,,,,
2026-08-26,MIXED,24207.75,24207.9369921875,10.569999694824219,ITC,Insufficient clean feature history,DATA_ERROR,,,,,,,,,,,,,,,,,,,,,,,,,,,,,,,,,,,,,,,,,,,,,,,,,,,,,,,,,,
2026-08-26,MIXED,24207.75,24207.9369921875,10.569999694824219,SBIN,Insufficient clean feature history,DATA_ERROR,,,,,,,,,,,,,,,,,,,,,,,,,,,,,,,,,,,,,,,,,,,,,,,,,,,,,,,,,,
2026-08-26,MIXED,24207.75,24207.9369921875,10.569999694824219,LT,Insufficient clean feature history,DATA_ERROR,,,,,,,,,,,,,,,,,,,,,,,,,,,,,,,,,,,,,,,,,,,,,,,,,,,,,,,,,,
2026-08-26,MIXED,24207.75,24207.9369921875,10.569999694824219,AXISBANK,Insufficient clean feature history,DATA_ERROR,,,,,,,,,,,,,,,,,,,,,,,,,,,,,,,,,,,,,,,,,,,,,,,,,,,,,,,,,,
2026-08-26,MIXED,24207.75,24207.9369921875,10.569999694824219,KOTAKBANK,Insufficient clean feature history,DATA_ERROR,,,,,,,,,,,,,,,,,,,,,,,,,,,,,,,,,,,,,,,,,,,,,,,,,,,,,,,,,,
2026-08-26,MIXED,24207.75,24207.9369921875,10.569999694824219,M&M,Insufficient clean feature history,DATA_ERROR,,,,,,,,,,,,,,,,,,,,,,,,,,,,,,,,,,,,,,,,,,,,,,,,,,,,,,,,,,
2026-08-26,MIXED,24207.75,24207.9369921875,10.569999694824219,HINDUNILVR,Insufficient clean feature history,DATA_ERROR,,,,,,,,,,,,,,,,,,,,,,,,,,,,,,,,,,,,,,,,,,,,,,,,,,,,,,,,,,
2026-08-26,MIXED,24207.75,24207.9369921875,10.569999694824219,BAJFINANCE,Insufficient clean feature history,DATA_ERROR,,,,,,,,,,,,,,,,,,,,,,,,,,,,,,,,,,,,,,,,,,,,,,,,,,,,,,,,,,
2026-08-26,MIXED,24207.75,24207.9369921875,10.569999694824219,MARUTI,Insufficient clean feature history,DATA_ERROR,,,,,,,,,,,,,,,,,,,,,,,,,,,,,,,,,,,,,,,,,,,,,,,,,,,,,,,,,,
2026-08-26,MIXED,24207.75,24207.9369921875,10.569999694824219,SUNPHARMA,Insufficient clean feature history,DATA_ERROR,,,,,,,,,,,,,,,,,,,,,,,,,,,,,,,,,,,,,,,,,,,,,,,,,,,,,,,,,,
2026-08-26,MIXED,24207.75,24207.9369921875,10.569999694824219,HCLTECH,Insufficient clean feature history,DATA_ERROR,,,,,,,,,,,,,,,,,,,,,,,,,,,,,,,,,,,,,,,,,,,,,,,,,,,,,,,,,,
2026-08-26,MIXED,24207.75,24207.9369921875,10.569999694824219,NTPC,Insufficient clean feature history,DATA_ERROR,,,,,,,,,,,,,,,,,,,,,,,,,,,,,,,,,,,,,,,,,,,,,,,,,,,,,,,,,,
2026-08-26,MIXED,24207.75,24207.9369921875,10.569999694824219,TITAN,Insufficient clean feature history,DATA_ERROR,,,,,,,,,,,,,,,,,,,,,,,,,,,,,,,,,,,,,,,,,,,,,,,,,,,,,,,,,,
2026-08-26,MIXED,24207.75,24207.9369921875,10.569999694824219,ADANIENT,Insufficient clean feature history,DATA_ERROR,,,,,,,,,,,,,,,,,,,,,,,,,,,,,,,,,,,,,,,,,,,,,,,,,,,,,,,,,,
2026-08-26,MIXED,24207.75,24207.9369921875,10.569999694824219,ULTRACEMCO,Insufficient clean feature history,DATA_ERROR,,,,,,,,,,,,,,,,,,,,,,,,,,,,,,,,,,,,,,,,,,,,,,,,,,,,,,,,,,
2026-08-26,MIXED,24207.75,24207.9369921875,10.569999694824219,ONGC,Insufficient clean feature history,DATA_ERROR,,,,,,,,,,,,,,,,,,,,,,,,,,,,,,,,,,,,,,,,,,,,,,,,,,,,,,,,,,
2026-08-26,MIXED,24207.75,24207.9369921875,10.569999694824219,POWERGRID,Insufficient clean feature history,DATA_ERROR,,,,,,,,,,,,,,,,,,,,,,,,,,,,,,,,,,,,,,,,,,,,,,,,,,,,,,,,,,
2026-08-26,MIXED,24207.75,24207.9369921875,10.569999694824219,TATASTEEL,Insufficient clean feature history,DATA_ERROR,,,,,,,,,,,,,,,,,,,,,,,,,,,,,,,,,,,,,,,,,,,,,,,,,,,,,,,,,,
2026-08-26,MIXED,24207.75,24207.9369921875,10.569999694824219,JSWSTEEL,Insufficient clean feature history,DATA_ERROR,,,,,,,,,,,,,,,,,,,,,,,,,,,,,,,,,,,,,,,,,,,,,,,,,,,,,,,,,,
2026-08-26,MIXED,24207.75,24207.9369921875,10.569999694824219,COALINDIA,Insufficient clean feature history,DATA_ERROR,,,,,,,,,,,,,,,,,,,,,,,,,,,,,,,,,,,,,,,,,,,,,,,,,,,,,,,,,,
2026-08-26,MIXED,24207.75,24207.9369921875,10.569999694824219,ADANIPORTS,Insufficient clean feature history,DATA_ERROR,,,,,,,,,,,,,,,,,,,,,,,,,,,,,,,,,,,,,,,,,,,,,,,,,,,,,,,,,,
2026-08-26,MIXED,24207.75,24207.9369921875,10.569999694824219,BAJAJFINSV,Insufficient clean feature history,DATA_ERROR,,,,,,,,,,,,,,,,,,,,,,,,,,,,,,,,,,,,,,,,,,,,,,,,,,,,,,,,,,
2026-08-26,MIXED,24207.75,24207.9369921875,10.569999694824219,WIPRO,Insufficient clean feature history,DATA_ERROR,,,,,,,,,,,,,,,,,,,,,,,,,,,,,,,,,,,,,,,,,,,,,,,,,,,,,,,,,,
2026-08-26,MIXED,24207.75,24207.9369921875,10.569999694824219,NESTLEIND,Insufficient clean feature history,DATA_ERROR,,,,,,,,,,,,,,,,,,,,,,,,,,,,,,,,,,,,,,,,,,,,,,,,,,,,,,,,,,
2026-08-26,MIXED,24207.75,24207.9369921875,10.569999694824219,TECHM,Insufficient clean feature history,DATA_ERROR,,,,,,,,,,,,,,,,,,,,,,,,,,,,,,,,,,,,,,,,,,,,,,,,,,,,,,,,,,
2026-08-26,MIXED,24207.75,24207.9369921875,10.569999694824219,ASIANPAINT,Insufficient clean feature history,DATA_ERROR,,,,,,,,,,,,,,,,,,,,,,,,,,,,,,,,,,,,,,,,,,,,,,,,,,,,,,,,,,
2026-08-26,MIXED,24207.75,24207.9369921875,10.569999694824219,BEL,Insufficient clean feature history,DATA_ERROR,,,,,,,,,,,,,,,,,,,,,,,,,,,,,,,,,,,,,,,,,,,,,,,,,,,,,,,,,,
2026-08-26,MIXED,24207.75,24207.9369921875,10.569999694824219,TRENT,Insufficient clean feature history,DATA_ERROR,,,,,,,,,,,,,,,,,,,,,,,,,,,,,,,,,,,,,,,,,,,,,,,,,,,,,,,,,,
2026-08-26,MIXED,24207.75,24207.9369921875,10.569999694824219,GRASIM,Insufficient clean feature history,DATA_ERROR,,,,,,,,,,,,,,,,,,,,,,,,,,,,,,,,,,,,,,,,,,,,,,,,,,,,,,,,,,
2026-08-26,MIXED,24207.75,24207.9369921875,10.569999694824219,HINDALCO,Insufficient clean feature history,DATA_ERROR,,,,,,,,,,,,,,,,,,,,,,,,,,,,,,,,,,,,,,,,,,,,,,,,,,,,,,,,,,
2026-08-26,MIXED,24207.75,24207.9369921875,10.569999694824219,EICHERMOT,Insufficient clean feature history,DATA_ERROR,,,,,,,,,,,,,,,,,,,,,,,,,,,,,,,,,,,,,,,,,,,,,,,,,,,,,,,,,,
2026-08-26,MIXED,24207.75,24207.9369921875,10.569999694824219,SHRIRAMFIN,Insufficient clean feature history,DATA_ERROR,,,,,,,,,,,,,,,,,,,,,,,,,,,,,,,,,,,,,,,,,,,,,,,,,,,,,,,,,,
2026-08-26,MIXED,24207.75,24207.9369921875,10.569999694824219,VEDL,Insufficient clean feature history,DATA_ERROR,,,,,,,,,,,,,,,,,,,,,,,,,,,,,,,,,,,,,,,,,,,,,,,,,,,,,,,,,,
2026-08-26,MIXED,24207.75,24207.9369921875,10.569999694824219,CIPLA,Insufficient clean feature history,DATA_ERROR,,,,,,,,,,,,,,,,,,,,,,,,,,,,,,,,,,,,,,,,,,,,,,,,,,,,,,,,,,
2026-08-26,MIXED,24207.75,24207.9369921875,10.569999694824219,DRREDDY,Insufficient clean feature history,DATA_ERROR,,,,,,,,,,,,,,,,,,,,,,,,,,,,,,,,,,,,,,,,,,,,,,,,,,,,,,,,,,
2026-08-26,MIXED,24207.75,24207.9369921875,10.569999694824219,DIVISLAB,Insufficient clean feature history,DATA_ERROR,,,,,,,,,,,,,,,,,,,,,,,,,,,,,,,,,,,,,,,,,,,,,,,,,,,,,,,,,,
2026-08-26,MIXED,24207.75,24207.9369921875,10.569999694824219,APOLLOHOSP,Insufficient clean feature history,DATA_ERROR,,,,,,,,,,,,,,,,,,,,,,,,,,,,,,,,,,,,,,,,,,,,,,,,,,,,,,,,,,
2026-08-26,MIXED,24207.75,24207.9369921875,10.569999694824219,BRITANNIA,Insufficient clean feature history,DATA_ERROR,,,,,,,,,,,,,,,,,,,,,,,,,,,,,,,,,,,,,,,,,,,,,,,,,,,,,,,,,,
2026-08-26,MIXED,24207.75,24207.9369921875,10.569999694824219,HEROMOTOCO,Insufficient clean feature history,DATA_ERROR,,,,,,,,,,,,,,,,,,,,,,,,,,,,,,,,,,,,,,,,,,,,,,,,,,,,,,,,,,
2026-08-26,MIXED,24207.75,24207.9369921875,10.569999694824219,BAJAJ-AUTO,Insufficient clean feature history,DATA_ERROR,,,,,,,,,,,,,,,,,,,,,,,,,,,,,,,,,,,,,,,,,,,,,,,,,,,,,,,,,,
2026-08-26,MIXED,24207.75,24207.9369921875,10.569999694824219,INDUSINDBK,Insufficient clean feature history,DATA_ERROR,,,,,,,,,,,,,,,,,,,,,,,,,,,,,,,,,,,,,,,,,,,,,,,,,,,,,,,,,,
2026-08-26,MIXED,24207.75,24207.9369921875,10.569999694824219,SBILIFE,Insufficient clean feature history,DATA_ERROR,,,,,,,,,,,,,,,,,,,,,,,,,,,,,,,,,,,,,,,,,,,,,,,,,,,,,,,,,,
2026-08-26,MIXED,24207.75,24207.9369921875,10.569999694824219,HDFCLIFE,Insufficient clean feature history,DATA_ERROR,,,,,,,,,,,,,,,,,,,,,,,,,,,,,,,,,,,,,,,,,,,,,,,,,,,,,,,,,,
2026-08-26,MIXED,24207.75,24207.9369921875,10.569999694824219,TATAELXSI,Insufficient clean feature history,DATA_ERROR,,,,,,,,,,,,,,,,,,,,,,,,,,,,,,,,,,,,,,,,,,,,,,,,,,,,,,,,,,
2026-08-26,MIXED,24207.75,24207.9369921875,10.569999694824219,AUROPHARMA,Insufficient clean feature history,DATA_ERROR,,,,,,,,,,,,,,,,,,,,,,,,,,,,,,,,,,,,,,,,,,,,,,,,,,,,,,,,,,
2026-08-26,MIXED,24207.75,24207.9369921875,10.569999694824219,BOSCHLTD,Insufficient clean feature history,DATA_ERROR,,,,,,,,,,,,,,,,,,,,,,,,,,,,,,,,,,,,,,,,,,,,,,,,,,,,,,,,,,
2026-08-26,MIXED,24207.75,24207.9369921875,10.569999694824219,DLF,Insufficient clean feature history,DATA_ERROR,,,,,,,,,,,,,,,,,,,,,,,,,,,,,,,,,,,,,,,,,,,,,,,,,,,,,,,,,,
2026-08-26,MIXED,24207.75,24207.9369921875,10.569999694824219,NAUKRI,Insufficient clean feature history,DATA_ERROR,,,,,,,,,,,,,,,,,,,,,,,,,,,,,,,,,,,,,,,,,,,,,,,,,,,,,,,,,,
2026-08-26,MIXED,24207.75,24207.9369921875,10.569999694824219,SAIL,Insufficient clean feature history,DATA_ERROR,,,,,,,,,,,,,,,,,,,,,,,,,,,,,,,,,,,,,,,,,,,,,,,,,,,,,,,,,,
2026-08-26,MIXED,24207.75,24207.9369921875,10.569999694824219,ABB,Insufficient clean feature history,DATA_ERROR,,,,,,,,,,,,,,,,,,,,,,,,,,,,,,,,,,,,,,,,,,,,,,,,,,,,,,,,,,
2026-08-26,MIXED,24207.75,24207.9369921875,10.569999694824219,GODREJCP,Insufficient clean feature history,DATA_ERROR,,,,,,,,,,,,,,,,,,,,,,,,,,,,,,,,,,,,,,,,,,,,,,,,,,,,,,,,,,
2026-08-26,MIXED,24207.75,24207.9369921875,10.569999694824219,PIDILITIND,Insufficient clean feature history,DATA_ERROR,,,,,,,,,,,,,,,,,,,,,,,,,,,,,,,,,,,,,,,,,,,,,,,,,,,,,,,,,,
2026-08-26,MIXED,24207.75,24207.9369921875,10.569999694824219,SIEMENS,Insufficient clean feature history,DATA_ERROR,,,,,,,,,,,,,,,,,,,,,,,,,,,,,,,,,,,,,,,,,,,,,,,,,,,,,,,,,,
2026-08-26,MIXED,24207.75,24207.9369921875,10.569999694824219,AMBUJACEM,Insufficient clean feature history,DATA_ERROR,,,,,,,,,,,,,,,,,,,,,,,,,,,,,,,,,,,,,,,,,,,,,,,,,,,,,,,,,,
2026-08-26,MIXED,24207.75,24207.9369921875,10.569999694824219,ACC,Insufficient clean feature history,DATA_ERROR,,,,,,,,,,,,,,,,,,,,,,,,,,,,,,,,,,,,,,,,,,,,,,,,,,,,,,,,,,
2026-08-26,MIXED,24207.75,24207.9369921875,10.569999694824219,BPCL,Insufficient clean feature history,DATA_ERROR,,,,,,,,,,,,,,,,,,,,,,,,,,,,,,,,,,,,,,,,,,,,,,,,,,,,,,,,,,
2026-08-26,MIXED,24207.75,24207.9369921875,10.569999694824219,IOC,Insufficient clean feature history,DATA_ERROR,,,,,,,,,,,,,,,,,,,,,,,,,,,,,,,,,,,,,,,,,,,,,,,,,,,,,,,,,,
2026-08-26,MIXED,24207.75,24207.9369921875,10.569999694824219,HAVELLS,Insufficient clean feature history,DATA_ERROR,,,,,,,,,,,,,,,,,,,,,,,,,,,,,,,,,,,,,,,,,,,,,,,,,,,,,,,,,,
2026-08-27,MIXED,24090.849609375,24208.04,11.069999694824219,RELIANCE,Insufficient clean feature history,DATA_ERROR,,,,,,,,,,,,,,,,,,,,,,,,,,,,,,,,,,,,,,,,,,,,,,,,,,,,,,,,,,
2026-08-27,MIXED,24090.849609375,24208.04,11.069999694824219,HDFCBANK,Insufficient clean feature history,DATA_ERROR,,,,,,,,,,,,,,,,,,,,,,,,,,,,,,,,,,,,,,,,,,,,,,,,,,,,,,,,,,
2026-08-27,MIXED,24090.849609375,24208.04,11.069999694824219,ICICIBANK,Insufficient clean feature history,DATA_ERROR,,,,,,,,,,,,,,,,,,,,,,,,,,,,,,,,,,,,,,,,,,,,,,,,,,,,,,,,,,
2026-08-27,MIXED,24090.849609375,24208.04,11.069999694824219,BHARTIARTL,Insufficient clean feature history,DATA_ERROR,,,,,,,,,,,,,,,,,,,,,,,,,,,,,,,,,,,,,,,,,,,,,,,,,,,,,,,,,,
2026-08-27,MIXED,24090.849609375,24208.04,11.069999694824219,TCS,Insufficient clean feature history,DATA_ERROR,,,,,,,,,,,,,,,,,,,,,,,,,,,,,,,,,,,,,,,,,,,,,,,,,,,,,,,,,,
2026-08-27,MIXED,24090.849609375,24208.04,11.069999694824219,INFY,Insufficient clean feature history,DATA_ERROR,,,,,,,,,,,,,,,,,,,,,,,,,,,,,,,,,,,,,,,,,,,,,,,,,,,,,,,,,,
2026-08-27,MIXED,24090.849609375,24208.04,11.069999694824219,ITC,Insufficient clean feature history,DATA_ERROR,,,,,,,,,,,,,,,,,,,,,,,,,,,,,,,,,,,,,,,,,,,,,,,,,,,,,,,,,,
2026-08-27,MIXED,24090.849609375,24208.04,11.069999694824219,SBIN,Insufficient clean feature history,DATA_ERROR,,,,,,,,,,,,,,,,,,,,,,,,,,,,,,,,,,,,,,,,,,,,,,,,,,,,,,,,,,
2026-08-27,MIXED,24090.849609375,24208.04,11.069999694824219,LT,Insufficient clean feature history,DATA_ERROR,,,,,,,,,,,,,,,,,,,,,,,,,,,,,,,,,,,,,,,,,,,,,,,,,,,,,,,,,,
2026-08-27,MIXED,24090.849609375,24208.04,11.069999694824219,AXISBANK,Insufficient clean feature history,DATA_ERROR,,,,,,,,,,,,,,,,,,,,,,,,,,,,,,,,,,,,,,,,,,,,,,,,,,,,,,,,,,
2026-08-27,MIXED,24090.849609375,24208.04,11.069999694824219,KOTAKBANK,Insufficient clean feature history,DATA_ERROR,,,,,,,,,,,,,,,,,,,,,,,,,,,,,,,,,,,,,,,,,,,,,,,,,,,,,,,,,,
2026-08-27,MIXED,24090.849609375,24208.04,11.069999694824219,M&M,Insufficient clean feature history,DATA_ERROR,,,,,,,,,,,,,,,,,,,,,,,,,,,,,,,,,,,,,,,,,,,,,,,,,,,,,,,,,,
2026-08-27,MIXED,24090.849609375,24208.04,11.069999694824219,HINDUNILVR,Insufficient clean feature history,DATA_ERROR,,,,,,,,,,,,,,,,,,,,,,,,,,,,,,,,,,,,,,,,,,,,,,,,,,,,,,,,,,
2026-08-27,MIXED,24090.849609375,24208.04,11.069999694824219,BAJFINANCE,Insufficient clean feature history,DATA_ERROR,,,,,,,,,,,,,,,,,,,,,,,,,,,,,,,,,,,,,,,,,,,,,,,,,,,,,,,,,,
2026-08-27,MIXED,24090.849609375,24208.04,11.069999694824219,MARUTI,Insufficient clean feature history,DATA_ERROR,,,,,,,,,,,,,,,,,,,,,,,,,,,,,,,,,,,,,,,,,,,,,,,,,,,,,,,,,,
2026-08-27,MIXED,24090.849609375,24208.04,11.069999694824219,SUNPHARMA,Insufficient clean feature history,DATA_ERROR,,,,,,,,,,,,,,,,,,,,,,,,,,,,,,,,,,,,,,,,,,,,,,,,,,,,,,,,,,
2026-08-27,MIXED,24090.849609375,24208.04,11.069999694824219,HCLTECH,Insufficient clean feature history,DATA_ERROR,,,,,,,,,,,,,,,,,,,,,,,,,,,,,,,,,,,,,,,,,,,,,,,,,,,,,,,,,,
2026-08-27,MIXED,24090.849609375,24208.04,11.069999694824219,NTPC,Insufficient clean feature history,DATA_ERROR,,,,,,,,,,,,,,,,,,,,,,,,,,,,,,,,,,,,,,,,,,,,,,,,,,,,,,,,,,
2026-08-27,MIXED,24090.849609375,24208.04,11.069999694824219,TITAN,Insufficient clean feature history,DATA_ERROR,,,,,,,,,,,,,,,,,,,,,,,,,,,,,,,,,,,,,,,,,,,,,,,,,,,,,,,,,,
2026-08-27,MIXED,24090.849609375,24208.04,11.069999694824219,ADANIENT,Insufficient clean feature history,DATA_ERROR,,,,,,,,,,,,,,,,,,,,,,,,,,,,,,,,,,,,,,,,,,,,,,,,,,,,,,,,,,
2026-08-27,MIXED,24090.849609375,24208.04,11.069999694824219,ULTRACEMCO,Insufficient clean feature history,DATA_ERROR,,,,,,,,,,,,,,,,,,,,,,,,,,,,,,,,,,,,,,,,,,,,,,,,,,,,,,,,,,
2026-08-27,MIXED,24090.849609375,24208.04,11.069999694824219,ONGC,Insufficient clean feature history,DATA_ERROR,,,,,,,,,,,,,,,,,,,,,,,,,,,,,,,,,,,,,,,,,,,,,,,,,,,,,,,,,,
2026-08-27,MIXED,24090.849609375,24208.04,11.069999694824219,POWERGRID,Insufficient clean feature history,DATA_ERROR,,,,,,,,,,,,,,,,,,,,,,,,,,,,,,,,,,,,,,,,,,,,,,,,,,,,,,,,,,
2026-08-27,MIXED,24090.849609375,24208.04,11.069999694824219,TATASTEEL,Insufficient clean feature history,DATA_ERROR,,,,,,,,,,,,,,,,,,,,,,,,,,,,,,,,,,,,,,,,,,,,,,,,,,,,,,,,,,
2026-08-27,MIXED,24090.849609375,24208.04,11.069999694824219,JSWSTEEL,Insufficient clean feature history,DATA_ERROR,,,,,,,,,,,,,,,,,,,,,,,,,,,,,,,,,,,,,,,,,,,,,,,,,,,,,,,,,,
2026-08-27,MIXED,24090.849609375,24208.04,11.069999694824219,COALINDIA,Insufficient clean feature history,DATA_ERROR,,,,,,,,,,,,,,,,,,,,,,,,,,,,,,,,,,,,,,,,,,,,,,,,,,,,,,,,,,
2026-08-27,MIXED,24090.849609375,24208.04,11.069999694824219,ADANIPORTS,Insufficient clean feature history,DATA_ERROR,,,,,,,,,,,,,,,,,,,,,,,,,,,,,,,,,,,,,,,,,,,,,,,,,,,,,,,,,,
2026-08-27,MIXED,24090.849609375,24208.04,11.069999694824219,BAJAJFINSV,Insufficient clean feature history,DATA_ERROR,,,,,,,,,,,,,,,,,,,,,,,,,,,,,,,,,,,,,,,,,,,,,,,,,,,,,,,,,,
2026-08-27,MIXED,24090.849609375,24208.04,11.069999694824219,WIPRO,Insufficient clean feature history,DATA_ERROR,,,,,,,,,,,,,,,,,,,,,,,,,,,,,,,,,,,,,,,,,,,,,,,,,,,,,,,,,,
2026-08-27,MIXED,24090.849609375,24208.04,11.069999694824219,NESTLEIND,Insufficient clean feature history,DATA_ERROR,,,,,,,,,,,,,,,,,,,,,,,,,,,,,,,,,,,,,,,,,,,,,,,,,,,,,,,,,,
2026-08-27,MIXED,24090.849609375,24208.04,11.069999694824219,TECHM,Insufficient clean feature history,DATA_ERROR,,,,,,,,,,,,,,,,,,,,,,,,,,,,,,,,,,,,,,,,,,,,,,,,,,,,,,,,,,
2026-08-27,MIXED,24090.849609375,24208.04,11.069999694824219,ASIANPAINT,Insufficient clean feature history,DATA_ERROR,,,,,,,,,,,,,,,,,,,,,,,,,,,,,,,,,,,,,,,,,,,,,,,,,,,,,,,,,,
2026-08-27,MIXED,24090.849609375,24208.04,11.069999694824219,BEL,Insufficient clean feature history,DATA_ERROR,,,,,,,,,,,,,,,,,,,,,,,,,,,,,,,,,,,,,,,,,,,,,,,,,,,,,,,,,,
2026-08-27,MIXED,24090.849609375,24208.04,11.069999694824219,TRENT,Insufficient clean feature history,DATA_ERROR,,,,,,,,,,,,,,,,,,,,,,,,,,,,,,,,,,,,,,,,,,,,,,,,,,,,,,,,,,
2026-08-27,MIXED,24090.849609375,24208.04,11.069999694824219,GRASIM,Insufficient clean feature history,DATA_ERROR,,,,,,,,,,,,,,,,,,,,,,,,,,,,,,,,,,,,,,,,,,,,,,,,,,,,,,,,,,
2026-08-27,MIXED,24090.849609375,24208.04,11.069999694824219,HINDALCO,Insufficient clean feature history,DATA_ERROR,,,,,,,,,,,,,,,,,,,,,,,,,,,,,,,,,,,,,,,,,,,,,,,,,,,,,,,,,,
2026-08-27,MIXED,24090.849609375,24208.04,11.069999694824219,EICHERMOT,Insufficient clean feature history,DATA_ERROR,,,,,,,,,,,,,,,,,,,,,,,,,,,,,,,,,,,,,,,,,,,,,,,,,,,,,,,,,,
2026-08-27,MIXED,24090.849609375,24208.04,11.069999694824219,SHRIRAMFIN,Insufficient clean feature history,DATA_ERROR,,,,,,,,,,,,,,,,,,,,,,,,,,,,,,,,,,,,,,,,,,,,,,,,,,,,,,,,,,
2026-08-27,MIXED,24090.849609375,24208.04,11.069999694824219,VEDL,Insufficient clean feature history,DATA_ERROR,,,,,,,,,,,,,,,,,,,,,,,,,,,,,,,,,,,,,,,,,,,,,,,,,,,,,,,,,,
2026-08-27,MIXED,24090.849609375,24208.04,11.069999694824219,CIPLA,Insufficient clean feature history,DATA_ERROR,,,,,,,,,,,,,,,,,,,,,,,,,,,,,,,,,,,,,,,,,,,,,,,,,,,,,,,,,,
2026-08-27,MIXED,24090.849609375,24208.04,11.069999694824219,DRREDDY,Insufficient clean feature history,DATA_ERROR,,,,,,,,,,,,,,,,,,,,,,,,,,,,,,,,,,,,,,,,,,,,,,,,,,,,,,,,,,
2026-08-27,MIXED,24090.849609375,24208.04,11.069999694824219,DIVISLAB,Insufficient clean feature history,DATA_ERROR,,,,,,,,,,,,,,,,,,,,,,,,,,,,,,,,,,,,,,,,,,,,,,,,,,,,,,,,,,
2026-08-27,MIXED,24090.849609375,24208.04,11.069999694824219,APOLLOHOSP,Insufficient clean feature history,DATA_ERROR,,,,,,,,,,,,,,,,,,,,,,,,,,,,,,,,,,,,,,,,,,,,,,,,,,,,,,,,,,
2026-08-27,MIXED,24090.849609375,24208.04,11.069999694824219,BRITANNIA,Insufficient clean feature history,DATA_ERROR,,,,,,,,,,,,,,,,,,,,,,,,,,,,,,,,,,,,,,,,,,,,,,,,,,,,,,,,,,
2026-08-27,MIXED,24090.849609375,24208.04,11.069999694824219,HEROMOTOCO,Insufficient clean feature history,DATA_ERROR,,,,,,,,,,,,,,,,,,,,,,,,,,,,,,,,,,,,,,,,,,,,,,,,,,,,,,,,,,
2026-08-27,MIXED,24090.849609375,24208.04,11.069999694824219,BAJAJ-AUTO,Insufficient clean feature history,DATA_ERROR,,,,,,,,,,,,,,,,,,,,,,,,,,,,,,,,,,,,,,,,,,,,,,,,,,,,,,,,,,
2026-08-27,MIXED,24090.849609375,24208.04,11.069999694824219,INDUSINDBK,Insufficient clean feature history,DATA_ERROR,,,,,,,,,,,,,,,,,,,,,,,,,,,,,,,,,,,,,,,,,,,,,,,,,,,,,,,,,,
2026-08-27,MIXED,24090.849609375,24208.04,11.069999694824219,SBILIFE,Insufficient clean feature history,DATA_ERROR,,,,,,,,,,,,,,,,,,,,,,,,,,,,,,,,,,,,,,,,,,,,,,,,,,,,,,,,,,
2026-08-27,MIXED,24090.849609375,24208.04,11.069999694824219,HDFCLIFE,Insufficient clean feature history,DATA_ERROR,,,,,,,,,,,,,,,,,,,,,,,,,,,,,,,,,,,,,,,,,,,,,,,,,,,,,,,,,,
2026-08-27,MIXED,24090.849609375,24208.04,11.069999694824219,TATAELXSI,Insufficient clean feature history,DATA_ERROR,,,,,,,,,,,,,,,,,,,,,,,,,,,,,,,,,,,,,,,,,,,,,,,,,,,,,,,,,,
2026-08-27,MIXED,24090.849609375,24208.04,11.069999694824219,AUROPHARMA,Insufficient clean feature history,DATA_ERROR,,,,,,,,,,,,,,,,,,,,,,,,,,,,,,,,,,,,,,,,,,,,,,,,,,,,,,,,,,
2026-08-27,MIXED,24090.849609375,24208.04,11.069999694824219,BOSCHLTD,Insufficient clean feature history,DATA_ERROR,,,,,,,,,,,,,,,,,,,,,,,,,,,,,,,,,,,,,,,,,,,,,,,,,,,,,,,,,,
2026-08-27,MIXED,24090.849609375,24208.04,11.069999694824219,DLF,Insufficient clean feature history,DATA_ERROR,,,,,,,,,,,,,,,,,,,,,,,,,,,,,,,,,,,,,,,,,,,,,,,,,,,,,,,,,,
2026-08-27,MIXED,24090.849609375,24208.04,11.069999694824219,NAUKRI,Insufficient clean feature history,DATA_ERROR,,,,,,,,,,,,,,,,,,,,,,,,,,,,,,,,,,,,,,,,,,,,,,,,,,,,,,,,,,
2026-08-27,MIXED,24090.849609375,24208.04,11.069999694824219,SAIL,Insufficient clean feature history,DATA_ERROR,,,,,,,,,,,,,,,,,,,,,,,,,,,,,,,,,,,,,,,,,,,,,,,,,,,,,,,,,,
2026-08-27,MIXED,24090.849609375,24208.04,11.069999694824219,ABB,Insufficient clean feature history,DATA_ERROR,,,,,,,,,,,,,,,,,,,,,,,,,,,,,,,,,,,,,,,,,,,,,,,,,,,,,,,,,,
2026-08-27,MIXED,24090.849609375,24208.04,11.069999694824219,GODREJCP,Insufficient clean feature history,DATA_ERROR,,,,,,,,,,,,,,,,,,,,,,,,,,,,,,,,,,,,,,,,,,,,,,,,,,,,,,,,,,
2026-08-27,MIXED,24090.849609375,24208.04,11.069999694824219,PIDILITIND,Insufficient clean feature history,DATA_ERROR,,,,,,,,,,,,,,,,,,,,,,,,,,,,,,,,,,,,,,,,,,,,,,,,,,,,,,,,,,
2026-08-27,MIXED,24090.849609375,24208.04,11.069999694824219,SIEMENS,Insufficient clean feature history,DATA_ERROR,,,,,,,,,,,,,,,,,,,,,,,,,,,,,,,,,,,,,,,,,,,,,,,,,,,,,,,,,,
2026-08-27,MIXED,24090.849609375,24208.04,11.069999694824219,AMBUJACEM,Insufficient clean feature history,DATA_ERROR,,,,,,,,,,,,,,,,,,,,,,,,,,,,,,,,,,,,,,,,,,,,,,,,,,,,,,,,,,
2026-08-27,MIXED,24090.849609375,24208.04,11.069999694824219,ACC,Insufficient clean feature history,DATA_ERROR,,,,,,,,,,,,,,,,,,,,,,,,,,,,,,,,,,,,,,,,,,,,,,,,,,,,,,,,,,
2026-08-27,MIXED,24090.849609375,24208.04,11.069999694824219,BPCL,Insufficient clean feature history,DATA_ERROR,,,,,,,,,,,,,,,,,,,,,,,,,,,,,,,,,,,,,,,,,,,,,,,,,,,,,,,,,,
2026-08-27,MIXED,24090.849609375,24208.04,11.069999694824219,IOC,Insufficient clean feature history,DATA_ERROR,,,,,,,,,,,,,,,,,,,,,,,,,,,,,,,,,,,,,,,,,,,,,,,,,,,,,,,,,,
2026-08-27,MIXED,24090.849609375,24208.04,11.069999694824219,HAVELLS,Insufficient clean feature history,DATA_ERROR,,,,,,,,,,,,,,,,,,,,,,,,,,,,,,,,,,,,,,,,,,,,,,,,,,,,,,,,,,
2026-08-28,MIXED,24175.650390625,24208.1930078125,10.680000305175781,RELIANCE,,REJECT,1287.0,42.91003214080525,0.6845774720160611,0.014873378548991881,-0.013303158907367219,0.6475870650695342,0.004241091790021413,0.004569611413199004,0.5979659624491893,0.007934398459156748,0.00486371900614313,0.6062699480137708,0.006376024835733644,0.004328027427809467,20.0,0.8371793317352051,0.19264225719357908,1258.2869427111712,1297.2115708169347,1302.444,0.3556420590888318,0.5378737570383572,False,"rr1,rr2",True,True,True,True,False,False,True,True,True,True,False,"rr1,rr2",True,True,True,True,False,False,True,True,True,True,False,"rr1,rr2",True,True,True,True,False,False,True,True,True,True
2026-08-28,MIXED,24175.650390625,24208.1930078125,10.680000305175781,HDFCBANK,,REJECT,720.2999877929688,38.4515817146342,0.6549294913410245,0.014414788032159282,-0.057254500073498305,0.461679901387688,0.0010731493423947675,0.0,0.3599485798096149,-0.001906877496453328,-0.002739731168570403,0.25723447419404616,-0.006324702835912227,-0.004103967168262668,20.0,0.8561128841732621,-0.28199933256476134,704.7255303275649,724.6217877197265,728.9435876464844,0.27749280746105914,0.5549856149221256,False,"p3,p5,er3,er5,rr1,rr2,trend",False,False,False,False,False,False,True,False,True,True,False,"p3,p5,er3,er5,rr1,rr2,trend",False,False,False,False,False,False,True,False,True,True,False,"p3,p5,er3,er5,rr1,rr2,trend",False,False,False,False,False,False,True,False,True,True
2026-08-28,MIXED,24175.650390625,24208.1930078125,10.680000305175781,ICICIBANK,,REJECT,1422.800048828125,51.403897640675126,0.937341378732606,0.014630823929828419,0.008940664992596714,0.4472872762888381,-0.0003106489749592071,-0.0015753923991488339,0.4587784778591762,-0.0009085828024858549,-0.0021025778373239268,0.40619479333296876,-0.004755190484036952,-0.01127266500561197,20.0,0.863155966616564,-0.059996178884335505,1391.5749433254916,1431.3368491210938,1439.8736494140626,0.2733954026912364,0.5467908053824728,False,"p3,p5,er3,er5,rr1,rr2",False,False,False,False,False,False,True,True,True,True,False,"p3,p5,er3,er5,rr1,rr2",False,False,False,False,False,False,True,True,True,True,False,"p3,p5,er3,er5,rr1,rr2",False,False,False,False,False,False,True,True,True,True
2026-08-28,MIXED,24175.650390625,24208.1930078125,10.680000305175781,BHARTIARTL,,REJECT,1882.4000244140625,41.299989132122015,0.9387033246996905,0.01754935560722962,-0.014744149774223891,0.5970775203605132,0.00403022190473984,0.00424676631923071,0.4399011520452662,0.0011665024470804467,-0.0037247953388209742,0.3886480087110424,-0.001211056862930365,-0.009366087146093827,20.0,0.8330431854171428,-0.07725306028546892,1832.8476632788124,1893.6944245605468,1904.9888247070312,0.22792859689686615,0.4558571937937323,False,"p3,p5,er3,er5,rr1,rr2",False,False,False,False,False,False,True,True,True,True,False,"p3,p5,er5,rr1,rr2",False,False,True,False,False,False,True,True,True,True,False,"p3,p5,er5,rr1,rr2",False,False,True,False,False,False,True,True,True,True
2026-08-28,MIXED,24175.650390625,24208.1930078125,10.680000305175781,TCS,,REJECT,2342.0,53.63606535227036,1.4778931238620139,0.025103311013137244,0.04455948065130588,0.6415794829461057,0.004375657781755304,0.006846852684937232,0.5001999588392855,0.004815374497498811,0.0009195505176330387,0.44239866141557777,0.0006057064029527445,-0.003382756603317272,20.0,0.8110316572806552,0.1699417955188604,2253.812068410849,2356.052,2370.104,0.1593415306015503,0.3186830612030954,False,"p3,p5,er5,rr1,rr2",False,False,True,False,False,False,True,True,True,True,False,"p3,p5,er5,rr1,rr2",False,False,True,False,False,False,True,True,True,True,False,"p3,p5,er5,rr1,rr2",False,False,True,False,False,False,True,True,True,True
2026-08-28,MIXED,24175.650390625,24208.1930078125,10.680000305175781,INFY,,REJECT,1144.0,53.02036940041407,1.2002217511006117,0.023665576645441933,0.03898368758399906,0.4998708988730904,-0.003520199374458635,0.0002407166488259671,0.5437246528219207,-0.008927274040366575,0.0028594294484498572,0.4917965020353074,-0.015926667422520257,-0.00040778808240243825,20.0,0.840598049479995,-0.14462010369021022,1103.3898704764215,1150.864,1157.728,0.16902186918696602,0.33804373837393203,False,"p5,er3,er5,rr1,rr2",True,False,False,False,False,False,True,True,True,True,False,"p5,er3,er5,rr1,rr2",True,False,False,False,False,False,True,True,True,True,False,"p5,er3,er5,rr1,rr2",True,False,False,False,False,False,True,True,True,True
2026-08-28,MIXED,24175.650390625,24208.1930078125,10.680000305175781,ITC,,REJECT,266.0,32.82303426615117,1.1154031233560988,0.015753725626324988,-0.054843922835192904,0.2538755880361655,-0.0041127444478452815,-0.005115814894357418,0.25615258589007023,-0.006898931977172723,-0.007037184290557719,0.3053609361534282,-0.005628817106349741,-0.0095146772495881,20.0,0.8328791716570664,-0.37749667030092793,259.71426347509635,267.596,269.192,0.25390819256848607,0.5078163851369721,False,"p3,p5,er3,er5,rr1,rr2,trend",False,False,False,False,False,False,True,False,True,True,False,"p3,p5,er3,er5,rr1,rr2,trend",False,False,False,False,False,False,True,False,True,True,False,"p3,p5,er3,er5,rr1,rr2,trend",False,False,False,False,False,False,True,False,True,True
2026-08-28,MIXED,24175.650390625,24208.1930078125,10.680000305175781,SBIN,,REJECT,1047.5,49.38883579594817,0.5039600839215453,0.016264885457529465,0.004461829391136707,0.6046018220541911,0.0025895055083664043,0.0005424348252262012,0.7131776518548647,0.007467805498072126,0.0062293404138102915,0.7560632246952671,0.014888890612492526,0.011045557846786958,20.0,0.8614185344658042,0.3241514761282219,1021.9437987248568,1055.3225262592305,1063.0961129165858,0.306091119529526,0.6102672595459273,False,"rr1,rr2",True,True,True,True,False,False,True,True,True,True,False,"rr1,rr2",True,True,True,True,False,False,True,True,True,True,False,"rr1,rr2",True,True,True,True,False,False,True,True,True,True
2026-08-28,MIXED,24175.650390625,24208.1930078125,10.680000305175781,LT,,REJECT,4045.800048828125,52.390500680840006,0.6401603601859807,0.01354554439598349,0.011155261435779051,0.5613590289796611,0.001799170759894578,0.0015079706424597772,0.6664955664835719,0.00488117011723618,0.004171979810781101,0.7128466068107764,0.006028978926558607,0.006728072779589311,20.0,0.8568122267375936,0.2731603454404045,3963.5962025601148,4070.074849121094,4094.3496494140627,0.2953000546206246,0.5906001092412492,False,"rr1,rr2",True,True,True,True,False,False,True,True,True,True,False,"rr1,rr2",True,True,True,True,False,False,True,True,True,True,False,"rr1,rr2",True,True,True,True,False,False,True,True,True,True
2026-08-28,MIXED,24175.650390625,24208.1930078125,10.680000305175781,AXISBANK,,REJECT,1265.0,54.94974920976308,0.6776557283573866,0.015832673603710566,-0.012396435229623637,0.49394512129767976,0.00218001895993869,0.00033199233304997966,0.546611874871526,0.0055397770865365445,0.00481871370621445,0.6025388841575806,0.0030822924292939553,0.003401887457105013,20.0,0.8300470396224228,0.12413340735242141,1234.9575018369592,1272.59,1280.18,0.25264210581986035,0.5052842116397283,False,"er5,rr1,rr2",True,True,True,False,False,False,True,True,True,True,False,"rr1,rr2",True,True,True,True,False,False,True,True,True,True,False,"rr1,rr2",True,True,True,True,False,False,True,True,True,True
2026-08-28,MIXED,24175.650390625,24208.1930078125,10.680000305175781,KOTAKBANK,,REJECT,423.70001220703125,74.16225999283645,1.613532640083395,0.01797743349270397,0.07910204539714605,0.505279909396941,-0.0010518937085224707,9.072385647224124e-05,0.3074857847047786,-0.005891318900749478,-0.006423753024866308,0.23990237768141062,-0.00801570575098596,-0.010669749359624947,20.0,0.7468187123276668,-0.18674589707726763,412.2744540215666,426.24221228027346,428.7844123535156,0.22250117079411913,0.4450023415882333,False,"p3,p5,er3,er5,rr1,rr2",False,False,False,False,False,False,True,True,True,True,False,"p3,p5,er3,er5,rr1,rr2",False,False,False,False,False,False,True,True,True,True,False,"p3,p5,er3,er5,rr1,rr2",False,False,False,False,False,False,True,True,True,True
2026-08-28,MIXED,24175.650390625,24208.1930078125,10.680000305175781,M&M,,REJECT,3334.0,47.276583740442604,0.9776835539105557,0.019004947080279725,0.022799492929904686,0.6461844651827817,0.0036248348147932107,0.004147748320943778,0.6060157197043781,0.007764061575878476,0.0032888777567505745,0.49978997264240815,0.005671122703750365,0.00033406884042497254,20.0,0.8485584648375828,0.26741570215866506,3238.956259651521,3359.8853812939788,3374.008,0.2723523000996144,0.4209430295284051,False,"p5,rr1,rr2",True,False,True,True,False,False,True,True,True,True,False,"p5,rr1,rr2",True,False,True,True,False,False,True,True,True,True,False,"p5,rr1,rr2",True,False,True,True,False,False,True,True,True,True
2026-08-28,MIXED,24175.650390625,24208.1930078125,10.680000305175781,HINDUNILVR,,REJECT,2010.4000244140625,37.467000180971226,0.858789475786258,0.015460611458926656,-0.047433120699975184,0.5563905033603898,0.0025302425219962277,0.0024294513389711003,0.7040988345356658,0.006810383642215281,0.0024537139647263784,0.7092751809628375,0.01080669102699153,0.006279319345497525,20.0,0.8619297387071149,0.2140960126526359,1963.7770039323389,2024.0916198546413,2034.5248247070313,0.29366598944283195,0.5174439588791925,False,"rr1,rr2,trend",True,True,True,True,False,False,True,False,True,True,False,"rr1,rr2,trend",True,True,True,True,False,False,True,False,True,True,False,"rr1,rr2,trend",True,True,True,True,False,False,True,False,True,True
2026-08-28,MIXED,24175.650390625,24208.1930078125,10.680000305175781,BAJFINANCE,,REJECT,1079.9000244140625,50.31273144812621,0.7825039864343624,0.020741823975214686,0.02344825171895315,0.49883931276374077,0.0026806254758635524,0.00035014838071345533,0.49549640033438846,-0.0036503361235743987,-0.0011861226226312915,0.289412202072795,-0.008635133692383903,-0.009635438570222865,20.0,0.8524321621418719,-0.1195814004587629,1046.3013800882227,1086.3794245605468,1092.8588247070313,0.19284707096057332,0.3856941419211534,False,"p3,p5,er3,er5,rr1,rr2",False,False,False,False,False,False,True,True,True,True,False,"p3,p5,er3,er5,rr1,rr2",False,False,False,False,False,False,True,True,True,True,False,"p3,p5,er3,er5,rr1,rr2",False,False,False,False,False,False,True,True,True,True
2026-08-28,MIXED,24175.650390625,24208.1930078125,10.680000305175781,MARUTI,,REJECT,13376.0,38.02224579355986,0.8774727328262811,0.01632086808008334,-0.025526876709933366,0.633854600836528,0.0035269085980596825,0.003841128321167564,0.48787445106150656,-0.005896992459374503,-0.0009157272614063738,0.43205889497262073,-0.0032224759494300418,-0.001787918306418057,20.0,0.8337987033859348,-0.21967408894340018,13048.538102841208,13456.256,13536.512,0.2450850028547962,0.49017000570959796,False,"p3,p5,er3,er5,rr1,rr2,trend",False,False,False,False,False,False,True,False,True,True,False,"p3,p5,er3,er5,rr1,rr2,trend",False,False,False,False,False,False,True,False,True,True,False,"p3,p5,er3,er5,rr1,rr2",False,False,False,False,False,False,True,True,True,True
2026-08-28,MIXED,24175.650390625,24208.1930078125,10.680000305175781,SUNPHARMA,Insufficient clean feature history,DATA_ERROR,,,,,,,,,,,,,,,,,,,,,,,,,,,,,,,,,,,,,,,,,,,,,,,,,,,,,,,,,,
2026-08-28,MIXED,24175.650390625,24208.1930078125,10.680000305175781,HCLTECH,,REJECT,1316.0999755859375,52.9755713692932,1.8291703271036068,0.023765187242611972,0.06042760605765429,0.5487308274858828,-0.0032859413480246635,0.0006573879850495512,0.656442292082657,-0.005094613018994682,0.003043335726655161,0.6050503398058524,-0.009548562763207287,0.010416289875705864,20.0,0.8189088590351445,0.009165058848294397,1269.1839320612423,1323.9965754394532,1331.8931752929689,0.16831342245130182,0.33662684490260364,False,"er3,er5,rr1,rr2",True,True,False,False,False,False,True,True,True,True,False,"er3,er5,rr1,rr2",True,True,False,False,False,False,True,True,True,True,False,"er3,er5,rr1,rr2",True,True,False,False,False,False,True,True,True,True
2026-08-28,MIXED,24175.650390625,24208.1930078125,10.680000305175781,NTPC,,REJECT,330.04998779296875,33.47800727325135,0.876461456647937,0.018189969209796254,-0.04741705107552108,0.5886301363270351,0.0012846179714526126,0.0019591358316373153,0.7573814979822877,0.006643863746309492,0.008512208179491054,0.5827605518493922,0.0034189621086847515,0.005400924958231412,20.0,0.8398050244965047,0.1476858691872101,321.0445891194971,332.85944199870096,334.0105876464844,0.3119744397333992,0.43980283351395616,False,"er5,rr1,rr2,trend",True,True,True,False,False,False,True,False,True,True,False,"rr1,rr2,trend",True,True,True,True,False,False,True,False,True,True,False,"rr1,rr2,trend",True,True,True,True,False,False,True,False,True,True
2026-08-28,MIXED,24175.650390625,24208.1930078125,10.680000305175781,TITAN,,REJECT,5169.2001953125,71.92795532765099,0.6380554058203087,0.015055432828135635,0.08591825208384685,0.7903012277348819,0.0053938963160108065,0.00315570957495237,0.7530012399104027,0.012868837606876574,0.009968806205201797,0.9047450600439122,0.017868348474878136,0.016855671931880534,20.0,0.8760988270394234,0.5550612310468457,5052.46337583893,5235.721793183411,5261.565265738752,0.5698424727596084,0.7912248324288454,False,"rr1,rr2",True,True,True,True,False,False,True,True,True,True,False,"rr1,rr2",True,True,True,True,False,False,True,True,True,True,False,"rr1,rr2",True,True,True,True,False,False,True,True,True,True
2026-08-28,MIXED,24175.650390625,24208.1930078125,10.680000305175781,ADANIENT,,REJECT,3168.5,66.52445857173974,0.483437333754235,0.02004184227850326,0.03169486284088974,0.2487138893961633,-0.005860338131574517,-0.001941228086762281,0.14647733073997712,-0.018771886727702317,-0.01522408973409628,0.1969455636514447,-0.015233097368389008,-0.02163791927349412,20.0,0.8020939868850433,-0.43054440439936187,3073.2461341108433,3187.511,3206.522,0.19958245077551331,0.39916490155102663,False,"p3,p5,er3,er5,rr1,rr2",False,False,False,False,False,False,True,True,True,True,False,"p3,p5,er3,er5,rr1,rr2",False,False,False,False,False,False,True,True,True,True,False,"p3,p5,er3,er5,rr1,rr2",False,False,False,False,False,False,True,True,True,True
2026-08-28,MIXED,24175.650390625,24208.1930078125,10.680000305175781,ULTRACEMCO,,REJECT,11589.0,47.20248279625189,1.0891730457184887,0.016335947980713573,0.0012087818639481274,0.3995531018178248,-0.0011392636517036905,-0.0006898074972973567,0.2506087638757956,-0.0034122814052651605,-0.0052725430480931035,0.45293127105715014,-0.0011097549907820668,-0.008990713094950809,20.0,0.8496333626066394,-0.1565867674796429,11305.024048277266,11658.534,11728.068,0.2448587620823987,0.4897175241647974,False,"p3,p5,er3,er5,rr1,rr2",False,False,False,False,False,False,True,True,True,True,False,"p3,p5,er3,er5,rr1,rr2",False,False,False,False,False,False,True,True,True,True,False,"p3,p5,er3,er5,rr1,rr2",False,False,False,False,False,False,True,True,True,True
2026-08-28,MIXED,24175.650390625,24208.1930078125,10.680000305175781,ONGC,,REJECT,232.25,32.6309437774549,0.6203014007357214,0.01611232381412861,-0.03565001250610211,0.5123718977613855,-0.0009749463959199038,-0.0004957625126330023,0.45617574038802744,-0.003018661850873051,-0.001064249384510274,0.31253036019061514,-0.006413466147119227,-0.007779220252633168,20.0,0.8578482494479776,-0.24814206612553208,226.63686919125294,233.6435,235.037,0.24825717544805276,0.4965143508961106,False,"p3,p5,er3,er5,rr1,rr2,trend",False,False,False,False,False,False,True,False,True,True,False,"p3,p5,er3,er5,rr1,rr2,trend",False,False,False,False,False,False,True,False,True,True,False,"p3,p5,er3,er5,rr1,rr2,trend",False,False,False,False,False,False,True,False,True,True
2026-08-28,MIXED,24175.650390625,24208.1930078125,10.680000305175781,POWERGRID,,REJECT,266.04998779296875,39.05900199705383,0.6092353250957904,0.01834118401472581,-0.04882273728616038,0.45442106232812685,-0.0002487687952014533,-0.0010353593476639666,0.35444006746565154,0.00042968615499744324,-0.003993496526100204,0.4376514235519418,0.00030353680385376695,-0.0005623351087494788,20.0,0.8544851459020564,-0.14095972842505833,258.73048011812915,267.64628771972656,269.24258764648437,0.21808842857628263,0.43617685715256527,False,"p3,p5,er3,er5,rr1,rr2,trend",False,False,False,False,False,False,True,False,True,True,False,"p3,p5,er3,er5,rr1,rr2,trend",False,False,False,False,False,False,True,False,True,True,False,"p3,p5,er5,rr1,rr2,trend",False,False,True,False,False,False,True,False,True,True
2026-08-28,MIXED,24175.650390625,24208.1930078125,10.680000305175781,TATASTEEL,,REJECT,186.5,48.7749734660302,1.5867581077288428,0.020647343552145245,-0.005819028925644121,0.5460383022951539,0.0024609801492454534,0.0008289620968330302,0.49528611788464283,0.004448037562253825,0.00379491280293881,0.49681154371661074,0.010808408026560558,0.0033584218031229573,20.0,0.8132499580497345,0.1361511973539814,180.72390564128736,187.619,188.738,0.19372952214883818,0.38745904429767636,False,"p3,p5,rr1,rr2",False,False,True,True,False,False,True,True,True,True,False,"p3,p5,rr1,rr2",False,False,True,True,False,False,True,True,True,True,False,"p3,p5,rr1,rr2",False,False,True,True,False,False,True,True,True,True
2026-08-28,MIXED,24175.650390625,24208.1930078125,10.680000305175781,JSWSTEEL,Insufficient clean feature history,DATA_ERROR,,,,,,,,,,,,,,,,,,,,,,,,,,,,,,,,,,,,,,,,,,,,,,,,,,,,,,,,,,
2026-08-28,MIXED,24175.650390625,24208.1930078125,10.680000305175781,COALINDIA,,REJECT,401.0,35.627915374617444,5.0731461673647615,0.015478099095895951,-0.04166329661711854,0.569678534138821,-0.0003227736235075,0.00046800827001380885,0.3774187241990118,-0.004212171945229912,-0.0041866873950900385,0.2824970980979909,-0.0059868959314755155,-0.005052584100663227,20.0,0.6944183420212465,-0.30263825709843933,391.68992339381856,403.406,405.812,0.25842966731364364,0.5168593346272873,False,"p3,p5,er3,er5,rr1,rr2,trend",False,False,False,False,False,False,True,False,True,True,False,"p3,p5,er3,er5,rr1,rr2,trend",False,False,False,False,False,False,True,False,True,True,False,"p3,p5,er3,er5,rr1,rr2,trend",False,False,False,False,False,False,True,False,True,True
2026-08-28,MIXED,24175.650390625,24208.1930078125,10.680000305175781,ADANIPORTS,,REJECT,1707.5,48.60797197498814,1.8600674246526392,0.01758748447509243,-0.029181962193861488,0.3471411323293033,-0.005953588886128996,-0.0033805440019948896,0.3967929739719411,-0.00392022833628145,-0.008794833367446742,0.44267455452131743,0.0017459155354158937,-0.0028216798444080093,20.0,0.8033271181698407,-0.18184306261051048,1662.4540553881695,1717.7450000000001,1727.99,0.22743445804685075,0.45486891609369645,False,"p3,p5,er3,er5,rr1,rr2,trend",False,False,False,False,False,False,True,False,True,True,False,"p3,p5,er3,er5,rr1,rr2,trend",False,False,False,False,False,False,True,False,True,True,False,"p3,p5,er3,rr1,rr2",False,False,False,True,False,False,True,True,True,True
2026-08-28,MIXED,24175.650390625,24208.1930078125,10.680000305175781,BAJAJFINSV,,REJECT,2002.0,53.64777169811003,0.42519286613498614,0.017539499491910228,0.03859238775985574,0.547841535195867,0.0006212933041481967,0.001192934166241999,0.4466963870647916,-0.008109514590987925,-0.004744819260258992,0.30218093641892624,-0.00704674087758907,-0.003030043403135285,20.0,0.841311347267363,-0.20441736985162542,1949.3288830257936,2014.012,2026.0240000000001,0.2280566786894296,0.4561133573788635,False,"p3,p5,er3,er5,rr1,rr2",False,False,False,False,False,False,True,True,True,True,False,"p3,p5,er3,er5,rr1,rr2",False,False,False,False,False,False,True,True,True,True,False,"p3,p5,er3,er5,rr1,rr2",False,False,False,False,False,False,True,True,True,True
2026-08-28,MIXED,24175.650390625,24208.1930078125,10.680000305175781,WIPRO,,REJECT,180.9499969482422,50.603909292556885,1.8246185559786472,0.018911454528166186,0.017355312324625727,0.39914661256994904,-0.007982618385685274,-0.003178352420881325,0.40467126766023365,-0.020071414876642584,-0.00601840819493088,0.30241841090907307,-0.02802898821100186,-0.011861357172244735,20.0,0.8357977132839298,-0.3515912404939697,175.81695548950444,182.03569692993165,183.1213969116211,0.21151202272900393,0.42302404545800787,False,"p3,p5,er3,er5,rr1,rr2",False,False,False,False,False,False,True,True,True,True,False,"p3,p5,er3,er5,rr1,rr2",False,False,False,False,False,False,True,True,True,True,False,"p3,p5,er3,er5,rr1,rr2",False,False,False,False,False,False,True,True,True,True
2026-08-28,MIXED,24175.650390625,24208.1930078125,10.680000305175781,NESTLEIND,,REJECT,1454.5999755859375,43.89451875897243,0.2564829876625097,0.020267870925508344,-0.004457582809637262,0.6158323339945745,0.0036008599831949617,0.003778383971879462,0.8459139659814838,0.011342305887439697,0.009907967787747496,0.7665291702687791,0.014505169457333347,0.010309916616978776,20.0,0.8247851180222294,0.3711721008080581,1410.3775087558024,1471.0984934528956,1475.6991947244444,0.37307999868780006,0.4771153816351326,False,"rr1,rr2",True,True,True,True,False,False,True,True,True,True,False,"rr1,rr2",True,True,True,True,False,False,True,True,True,True,False,"rr1,rr2",True,True,True,True,False,False,True,True,True,True
2026-08-28,MIXED,24175.650390625,24208.1930078125,10.680000305175781,TECHM,,REJECT,1640.9000244140625,61.510275096848396,1.3109704884947786,0.022736201821917358,0.06586040631112167,0.8506418127548881,0.008841299632044393,0.008970076643877056,0.6498889649034557,0.009691817272896731,0.014292261257312089,0.6549329581797224,0.008574717677678931,0.00537042745329519,20.0,0.8269251481175428,0.3915603859826365,1584.9382732270617,1664.3521962601178,1674.3383094376786,0.41907501728614505,0.5975203476367159,False,"rr1,rr2",True,True,True,True,False,False,True,True,True,True,False,"rr1,rr2",True,True,True,True,False,False,True,True,True,True,False,"rr1,rr2",True,True,True,True,False,False,True,True,True,True
2026-08-28,MIXED,24175.650390625,24208.1930078125,10.680000305175781,ASIANPAINT,,REJECT,2608.699951171875,35.12609110736666,0.7256643396394958,0.01804568301606105,-0.03054453013607228,0.5035562423125006,0.0048773068417913784,0.00015152439926613415,0.6478486871333001,0.01145689924036031,0.006967875667661438,0.6511473655454622,0.010402301162607866,0.0077792405278998,20.0,0.8428541972143953,0.24016277364090516,2538.0862925675824,2638.587563660784,2640.0043505859376,0.42325540242000725,0.44331932423282744,False,"rr1,rr2,trend",True,True,True,True,False,False,True,False,True,True,False,"rr1,rr2,trend",True,True,True,True,False,False,True,False,True,True,False,"rr1,rr2,trend",True,True,True,True,False,False,True,False,True,True
2026-08-28,MIXED,24175.650390625,24208.1930078125,10.680000305175781,BEL,,REJECT,411.8999938964844,55.50600365111632,0.7914960543753308,0.01611753053032626,0.011298986271058853,0.3706884830605858,-0.002691162168640941,-0.005775373805505635,0.4009177839402296,-0.0019162607734937581,-0.005995213399310584,0.4491102860951013,-0.006943542683696524,-0.005346623226536229,20.0,0.8427820905980905,-0.09441247217161564,401.9417778058827,414.3713938598633,416.8427938232422,0.2481769767690994,0.49635395353819306,False,"p3,p5,er3,er5,rr1,rr2",False,False,False,False,False,False,True,True,True,True,False,"p3,p5,er3,er5,rr1,rr2",False,False,False,False,False,False,True,True,True,True,False,"p3,p5,er3,er5,rr1,rr2",False,False,False,False,False,False,True,True,True,True
2026-08-28,MIXED,24175.650390625,24208.1930078125,10.680000305175781,TRENT,,REJECT,2898.0,41.593279890099915,0.4659186825845379,0.020287956196124907,-0.039204949244272425,0.44616207865193025,-0.0011017504287656565,-0.003910871894112544,0.14044724688272686,-0.014085770244187508,-0.01115335118905958,0.09528771867832232,-0.026143163462494512,-0.02055404165489172,20.0,0.8866311821095227,-0.6423625519595914,2809.808254415445,2915.388,2932.776,0.1971613089722658,0.3943226179445316,False,"p3,p5,er3,er5,rr1,rr2,trend",False,False,False,False,False,False,True,False,True,True,False,"p3,p5,er3,er5,rr1,rr2,trend",False,False,False,False,False,False,True,False,True,True,False,"p3,p5,er3,er5,rr1,rr2,trend",False,False,False,False,False,False,True,False,True,True
2026-08-28,MIXED,24175.650390625,24208.1930078125,10.680000305175781,GRASIM,Insufficient clean feature history,DATA_ERROR,,,,,,,,,,,,,,,,,,,,,,,,,,,,,,,,,,,,,,,,,,,,,,,,,,,,,,,,,,
2026-08-28,MIXED,24175.650390625,24208.1930078125,10.680000305175781,HINDALCO,,REJECT,1037.4000244140625,53.52055666378675,0.36339176120809574,0.02309772725894079,0.04612731471988463,0.646868670748323,0.004974602228213923,0.008173392020298875,0.6432881898036382,0.007751984139818439,0.01458796329293377,0.7062543774280867,0.0027279628053497405,0.007844772569629122,20.0,0.8529958052003395,0.2960434786008317,1001.4576501805607,1052.5335778903034,1058.8487793576453,0.42105046756023473,0.5967539819222752,False,"er5,rr1,rr2",True,True,True,False,False,False,True,True,True,True,False,"rr1,rr2",True,True,True,True,False,False,True,True,True,True,False,"rr1,rr2",True,True,True,True,False,False,True,True,True,True
2026-08-28,MIXED,24175.650390625,24208.1930078125,10.680000305175781,EICHERMOT,,REJECT,8059.0,60.93546104831037,0.8894764062046157,0.01557377105749307,0.04937015704305647,0.4973639276095122,-0.00016414068099914576,-3.9434390688208865e-05,0.5565732144770785,-0.0008173370977865862,0.0021278491652708675,0.3667278705073675,-0.007561298470949022,-0.005101229200060564,20.0,0.8555960022092245,0.006015757247905179,7870.736468571495,8107.354,8155.7080000000005,0.256842095933822,0.513684191867644,False,"p5,er3,er5,rr1,rr2",True,False,False,False,False,False,True,True,True,True,False,"p5,er3,er5,rr1,rr2",True,False,False,False,False,False,True,True,True,True,False,"p5,er3,er5,rr1,rr2",True,False,False,False,False,False,True,True,True,True
2026-08-28,MIXED,24175.650390625,24208.1930078125,10.680000305175781,SHRIRAMFIN,,REJECT,1086.9000244140625,47.53295723306668,0.5615962568628187,0.024799504977399394,0.018054624737394498,0.6985680397496535,0.0036356390286891517,0.0053931355216859655,0.6568742143447686,0.012764684710875678,0.01014309295816973,0.651839106653756,0.01656698228173587,0.010139557088396534,20.0,0.8129879435114717,0.3719029505693514,1046.4681505659744,1100.773960537951,1104.9066778605486,0.34314353512320944,0.44535787567356516,False,"rr1,rr2",True,True,True,True,False,False,True,True,True,True,False,"rr1,rr2",True,True,True,True,False,False,True,True,True,True,False,"rr1,rr2",True,True,True,True,False,False,True,True,True,True
2026-08-28,MIXED,24175.650390625,24208.1930078125,10.680000305175781,VEDL,,REJECT,287.95001220703125,59.62219861709096,1.397373379598893,0.028216227842979422,0.05663137492525672,0.6964800605197118,0.011053463530697128,0.011048150228021414,0.5594569994325942,0.013119137632051189,0.009694739580744516,0.40348300141122817,0.0076850413072723,-0.00807300427834784,20.0,0.847427404526839,0.3171360926907377,275.7627174792978,291.7276680483261,293.4780340566161,0.3099667256506412,0.4535889196972687,False,"p5,rr1,rr2",True,False,True,True,False,False,True,True,True,True,False,"p5,rr1,rr2",True,False,True,True,False,False,True,True,True,True,False,"p5,rr1,rr2",True,False,True,True,False,False,True,True,True,True
2026-08-28,MIXED,24175.650390625,24208.1930078125,10.680000305175781,CIPLA,,REJECT,1423.5,45.49968779582749,0.5002725202444556,0.01638861312131808,-0.012870475285366667,0.5038451403286456,-0.001730142785027454,0.00039367082342339765,0.24556475592086754,-0.006078573894738815,-0.005051607158481186,0.19645722878986413,-0.005537111519770082,-0.005170913278871314,20.0,0.8603721769342891,-0.3816883902442413,1388.5062138327055,1432.041,1440.582,0.24407190348503738,0.48814380697008125,False,"p3,p5,er3,er5,rr1,rr2",False,False,False,False,False,False,True,True,True,True,False,"p3,p5,er3,er5,rr1,rr2",False,False,False,False,False,False,True,True,True,True,False,"p3,p5,er3,er5,rr1,rr2",False,False,False,False,False,False,True,True,True,True
2026-08-28,MIXED,24175.650390625,24208.1930078125,10.680000305175781,DRREDDY,,REJECT,1178.0,44.88422731280721,0.3949911467012816,0.018471673520254688,-0.03971115993800567,0.5034170253324187,0.00507064174943657,0.0008419706943602612,0.8977804222475629,0.020918425818100467,0.014270369970052155,0.7513429620873786,0.02608281865863921,0.019036376325886173,20.0,0.848830043432395,0.378812071495624,1145.36055288971,1202.6419056137224,1208.7255603798772,0.7549731320649067,0.9413627711294972,False,"rr1,rr2,trend",True,True,True,True,False,False,True,False,True,True,False,"rr1,rr2,trend",True,True,True,True,False,False,True,False,True,True,False,"rr1,rr2,trend",True,True,True,True,False,False,True,False,True,True
2026-08-28,MIXED,24175.650390625,24208.1930078125,10.680000305175781,DIVISLAB,Insufficient clean feature history,DATA_ERROR,,,,,,,,,,,,,,,,,,,,,,,,,,,,,,,,,,,,,,,,,,,,,,,,,,,,,,,,,,
2026-08-28,MIXED,24175.650390625,24208.1930078125,10.680000305175781,APOLLOHOSP,Insufficient clean feature history,DATA_ERROR,,,,,,,,,,,,,,,,,,,,,,,,,,,,,,,,,,,,,,,,,,,,,,,,,,,,,,,,,,
2026-08-28,MIXED,24175.650390625,24208.1930078125,10.680000305175781,BRITANNIA,,REJECT,5308.5,43.063109036984955,0.7270112121590002,0.01928727559280287,-0.0075346484837888195,0.6146760649898748,0.003028618855994303,0.002913616175533873,0.6473040747701948,0.00864621550568344,0.003988214053471717,0.5633878658564672,0.006006582866013228,0.0010985435118333609,20.0,0.846877473174183,0.2189060872493666,5154.920246273409,5354.398435011921,5372.202,0.29885732916092034,0.4147812355097616,False,"rr1,rr2",True,True,True,True,False,False,True,True,True,True,False,"rr1,rr2",True,True,True,True,False,False,True,True,True,True,False,"rr1,rr2",True,True,True,True,False,False,True,True,True,True
2026-08-28,MIXED,24175.650390625,24208.1930078125,10.680000305175781,HEROMOTOCO,,REJECT,5600.0,54.888435849171785,0.634681337463913,0.020181044327488986,0.07046820271312093,0.2914473246807618,-0.0042953782292086936,-0.001569730246728518,0.285448633153231,-0.013525610441968415,-0.013728324870777409,0.23755693485249754,-0.01845829004212596,-0.03160942445275988,20.0,0.8364385652088874,-0.3158049021005845,5430.4792276490925,5633.6,5667.2,0.19820579822777393,0.3964115964555425,False,"p3,p5,er3,er5,rr1,rr2",False,False,False,False,False,False,True,True,True,True,False,"p3,p5,er3,er5,rr1,rr2",False,False,False,False,False,False,True,True,True,True,False,"p3,p5,er3,er5,rr1,rr2",False,False,False,False,False,False,True,True,True,True
2026-08-28,MIXED,24175.650390625,24208.1930078125,10.680000305175781,BAJAJ-AUTO,,REJECT,11910.0,64.43245194563866,1.1512117620522435,0.017062566679538208,0.0898289947585722,0.5468754593590082,0.0034099048832123033,0.0028768038705651033,0.4990626092143703,0.002457114982970268,6.595654618790636e-05,0.5471456094442413,0.002839681549428721,0.0016057984475457143,20.0,0.8224752953688652,0.18033728340990413,11605.17724627005,11981.460000000001,12052.92,0.23443131828442554,0.4688626365688451,False,"p3,er5,rr1,rr2",False,True,True,False,False,False,True,True,True,True,False,"p3,rr1,rr2",False,True,True,True,False,False,True,True,True,True,False,"p3,rr1,rr2",False,True,True,True,False,False,True,True,True,True
2026-08-28,MIXED,24175.650390625,24208.1930078125,10.680000305175781,INDUSINDBK,,REJECT,994.0,43.627967276667746,1.016160051586129,0.018372484061362597,-0.004174582233380519,0.8497900870696219,0.011026143930224788,0.011027470002546336,0.7432438239516045,0.018654361838888956,0.017259900255106042,0.7887648395227468,0.025870299470001128,0.021694431620846166,20.0,0.795402331145983,0.4509805738783296,966.6066262645083,1012.5424356678557,1019.7150776731811,0.6768949252801072,0.9387335025427663,False,"rr1,rr2",True,True,True,True,False,False,True,True,True,True,False,"rr1,rr2",True,True,True,True,False,False,True,True,True,True,False,"rr1,rr2",True,True,True,True,False,False,True,True,True,True
2026-08-28,MIXED,24175.650390625,24208.1930078125,10.680000305175781,SBILIFE,Insufficient clean feature history,DATA_ERROR,,,,,,,,,,,,,,,,,,,,,,,,,,,,,,,,,,,,,,,,,,,,,,,,,,,,,,,,,,
2026-08-28,MIXED,24175.650390625,24208.1930078125,10.680000305175781,HDFCLIFE,,REJECT,548.0,49.38925817025769,0.6754709976438832,0.01801753965470222,-0.017190206335749747,0.444829773153636,-0.0035424679761288463,-0.0025673549572630128,0.4020318124607314,0.000568701788665257,-0.00692805399584151,0.49827590496463225,-0.0002653214146016571,-0.002849191797809847,20.0,0.8482468017629796,-0.0722058963494373,533.1895824038348,551.288,554.576,0.2220058940708982,0.4440117881417964,False,"p3,p5,er3,er5,rr1,rr2",False,False,False,False,False,False,True,True,True,True,False,"p3,p5,er3,er5,rr1,rr2",False,False,False,False,False,False,True,True,True,True,False,"p3,p5,er5,rr1,rr2",False,False,True,False,False,False,True,True,True,True
2026-08-28,MIXED,24175.650390625,24208.1930078125,10.680000305175781,TATAELXSI,,REJECT,3685.0,48.833647462207516,1.5789977509407498,0.023297475230045613,-0.005364283420180138,0.46205490368502017,-0.0012940133757471124,-0.0055975428373722935,0.3502841159448979,-0.0075229346725569565,-0.009381021803057998,0.25230567814922983,-0.013097559270486326,-0.0190914955815778,20.0,0.8322785074310638,-0.3380758635990206,3556.223205665923,3707.11,3729.2200000000003,0.171692424200603,0.343384848401206,False,"p3,p5,er3,er5,rr1,rr2",False,False,False,False,False,False,True,True,True,True,False,"p3,p5,er3,er5,rr1,rr2",False,False,False,False,False,False,True,True,True,True,False,"p3,p5,er3,er5,rr1,rr2",False,False,False,False,False,False,True,True,True,True
2026-08-28,MIXED,24175.650390625,24208.1930078125,10.680000305175781,AUROPHARMA,Insufficient clean feature history,DATA_ERROR,,,,,,,,,,,,,,,,,,,,,,,,,,,,,,,,,,,,,,,,,,,,,,,,,,,,,,,,,,
2026-08-28,MIXED,24175.650390625,24208.1930078125,10.680000305175781,BOSCHLTD,Insufficient clean feature history,DATA_ERROR,,,,,,,,,,,,,,,,,,,,,,,,,,,,,,,,,,,,,,,,,,,,,,,,,,,,,,,,,,
2026-08-28,MIXED,24175.650390625,24208.1930078125,10.680000305175781,DLF,,REJECT,679.7999877929688,57.91002747820526,0.33808426581379597,0.02260957390847063,0.041518213006497495,0.5954441985703048,0.0021312354121133387,0.004974457437826207,0.3971843624639865,0.004746772779038103,-0.0044760918856520115,0.49343296651917573,0.005414755049333611,0.0003552555424695125,20.0,0.8438662633455891,0.14373742706582135,656.7450056924949,683.8787877197266,687.9575876464844,0.1769162044447651,0.3538324088895302,False,"p3,p5,rr1,rr2",False,False,True,True,False,False,True,True,True,True,False,"p3,p5,rr1,rr2",False,False,True,True,False,False,True,True,True,True,False,"p3,p5,rr1,rr2",False,False,True,True,False,False,True,True,True,True
2026-08-28,MIXED,24175.650390625,24208.1930078125,10.680000305175781,NAUKRI,,REJECT,1354.0,63.60555167408126,0.9522368103219391,0.025713614132668906,0.1259575393304515,0.4438071713073651,0.0039602649916850195,-0.0007717423574059579,0.5133799984180003,0.010931366428043196,-0.0009080229426280395,0.6187068647294826,0.024627007342109205,0.005285797915913326,20.0,0.8200192553319963,0.41969523297369105,1301.7756496965494,1368.8010701435705,1387.3449679412158,0.2834131982029195,0.6384946437335123,False,"p3,rr1,rr2",False,True,True,True,False,False,True,True,True,True,False,"p3,rr1,rr2",False,True,True,True,False,False,True,True,True,True,False,"p3,rr1,rr2",False,True,True,True,False,False,True,True,True,True
2026-08-28,MIXED,24175.650390625,24208.1930078125,10.680000305175781,SAIL,,REJECT,200.0,74.57559785746824,1.9553302083790622,0.03348379989683312,0.16847410577244215,0.5401107801012383,-0.0008042728986317138,0.0007864145527710642,0.4900023353283109,-0.003087720210239301,0.0011131753503456632,0.39983538897871856,-0.004305866391932872,-0.007719486962622424,20.0,0.7357765325305989,-0.019711134362604826,190.0,201.2,202.4,0.11999999999999886,0.24000000000000057,False,"p3,p5,er3,er5,rr1,rr2",False,False,False,False,False,False,True,True,True,True,False,"p3,p5,er3,er5,rr1,rr2",False,False,False,False,False,False,True,True,True,True,False,"p3,p5,er3,er5,rr1,rr2",False,False,False,False,False,False,True,True,True,True
2026-08-28,MIXED,24175.650390625,24208.1930078125,10.680000305175781,ABB,Insufficient clean feature history,DATA_ERROR,,,,,,,,,,,,,,,,,,,,,,,,,,,,,,,,,,,,,,,,,,,,,,,,,,,,,,,,,,
2026-08-28,MIXED,24175.650390625,24208.1930078125,10.680000305175781,GODREJCP,,REJECT,915.0,30.99107004639302,0.3553961005528725,0.024559224438519024,-0.10353174321635239,0.502848461552628,-3.9908538501534635e-05,0.0008049943614130695,0.6022822269228709,0.009260092793550258,0.012083443049565656,0.5549404645712738,0.010121536582247487,0.004842967059417003,20.0,0.8072586199344981,0.12039870906808528,881.2924644581326,926.0563503903525,931.6126884926946,0.3280082691485887,0.49284791147250523,False,"rr1,rr2,trend",True,True,True,True,False,False,True,False,True,True,False,"rr1,rr2,trend",True,True,True,True,False,False,True,False,True,True,False,"rr1,rr2,trend",True,True,True,True,False,False,True,False,True,True
2026-08-28,MIXED,24175.650390625,24208.1930078125,10.680000305175781,PIDILITIND,Insufficient clean feature history,DATA_ERROR,,,,,,,,,,,,,,,,,,,,,,,,,,,,,,,,,,,,,,,,,,,,,,,,,,,,,,,,,,
2026-08-28,MIXED,24175.650390625,24208.1930078125,10.680000305175781,SIEMENS,Insufficient clean feature history,DATA_ERROR,,,,,,,,,,,,,,,,,,,,,,,,,,,,,,,,,,,,,,,,,,,,,,,,,,,,,,,,,,
2026-08-28,MIXED,24175.650390625,24208.1930078125,10.680000305175781,AMBUJACEM,,REJECT,412.04998779296875,42.783065119355335,0.7620290150453595,0.02172515280732582,-0.03441022241823166,0.5935663449254509,-0.0003526276207931509,0.0014323878774158416,0.34356360482096093,-0.006574835501261334,-0.007368211510750677,0.3918285764783632,-0.012159105131497719,-0.0053088912263648536,20.0,0.8612300816214951,-0.35238998176934355,398.6222143693803,414.5222877197266,416.9945876464844,0.18411838275545908,0.36823676551091394,False,"p3,p5,er3,er5,rr1,rr2,trend",False,False,False,False,False,False,True,False,True,True,False,"p3,p5,er3,er5,rr1,rr2,trend",False,False,False,False,False,False,True,False,True,True,False,"p3,p5,er3,er5,rr1,rr2,trend",False,False,False,False,False,False,True,False,True,True
2026-08-28,MIXED,24175.650390625,24208.1930078125,10.680000305175781,ACC,,REJECT,1306.4000244140625,42.418988285987254,0.4357523745793173,0.018161281466379776,-0.031326173166590254,0.30502528820010233,-0.0024421828833522917,-0.004068828378057776,0.36093019549477556,0.0012281573490835055,-0.004468843416112589,0.40667020992856817,-0.005920031676104616,-0.00762622104111782,20.0,0.8552763204218857,-0.2017147382333028,1270.8111765874587,1314.238424560547,1322.0768247070312,0.22024877525326889,0.44049755050653133,False,"p3,p5,er3,er5,rr1,rr2,trend",False,False,False,False,False,False,True,False,True,True,False,"p3,p5,er5,rr1,rr2,trend",False,False,True,False,False,False,True,False,True,True,False,"p3,p5,er5,rr1,rr2,trend",False,False,True,False,False,False,True,False,True,True
2026-08-28,MIXED,24175.650390625,24208.1930078125,10.680000305175781,BPCL,,REJECT,319.25,55.32217918347517,0.9762874115235672,0.02070140734966795,0.017698551231537296,0.6460798057878059,0.0014734250729227225,0.0046696425164238775,0.5021719240588147,0.001995676104540035,0.0020356393910054837,0.6511821435313778,0.007600666331332748,0.007597573725883211,20.0,0.8514890140481661,0.18523560861757987,309.3366135554278,321.1655,323.081,0.193223578109253,0.386447156218506,False,"p3,er3,rr1,rr2",False,True,False,True,False,False,True,True,True,True,False,"p3,rr1,rr2",False,True,True,True,False,False,True,True,True,True,False,"p3,rr1,rr2",False,True,True,True,False,False,True,True,True,True
2026-08-28,MIXED,24175.650390625,24208.1930078125,10.680000305175781,IOC,,REJECT,137.10000610351562,44.32443395068363,0.4924454937061651,0.016516628709056708,-0.01764144008010926,0.5533893925950177,0.0002340641981795859,0.001545858980633974,0.5999107563512486,0.008165476335636919,0.002008949662497206,0.7547146622394945,0.01554790895477425,0.01954142279395832,20.0,0.8383782557378572,0.23312153669001642,133.70336125828385,138.21949295896957,139.7791352878387,0.3295860787522377,0.788757525852032,False,"rr1,rr2",True,True,True,True,False,False,True,True,True,True,False,"rr1,rr2",True,True,True,True,False,False,True,True,True,True,False,"rr1,rr2",True,True,True,True,False,False,True,True,True,True
2026-08-28,MIXED,24175.650390625,24208.1930078125,10.680000305175781,HAVELLS,,REJECT,1222.9000244140625,37.05468008295461,2.1341663168702203,0.022347580279335057,-0.005437587459072968,0.6865089902559962,0.004791439666356775,0.005987346501481028,0.6011488645819705,0.006220399490952569,0.006758483183952446,0.5569643855660243,-0.004349366573988884,0.004031258424919804,20.0,0.7840912564756439,0.10505016680202861,1181.9067397102715,1231.16497366472,1237.5748247070312,0.20161715047667808,0.3579805911872099,False,"er5,rr1,rr2",True,True,True,False,False,False,True,True,True,True,False,"er5,rr1,rr2",True,True,True,False,False,False,True,True,True,True,False,"er5,rr1,rr2",True,True,True,False,False,False,True,True,True,True
