signal_date,symbol,regime,nifty,sma50,vix,price,rsi,trend,atr_pct,vol_ratio,ret3,ret5,p3,p5,er3,er5,median3,median5,quality,analogues,nearest_distance,stop,target1,target2,rr1,rr2,STRICT_V6_3_2_STYLE_trade,STRICT_V6_3_2_STYLE_failed,STRICT_V6_3_2_STYLE_p3,STRICT_V6_3_2_STYLE_p5,STRICT_V6_3_2_STYLE_er3,STRICT_V6_3_2_STYLE_er5,STRICT_V6_3_2_STYLE_rr1,STRICT_V6_3_2_STYLE_rr2,STRICT_V6_3_2_STYLE_quality,STRICT_V6_3_2_STYLE_trend,STRICT_V6_3_2_STYLE_rsi,STRICT_V6_3_2_STYLE_regime,BALANCED_trade,BALANCED_failed,BALANCED_p3,BALANCED_p5,BALANCED_er3,BALANCED_er5,BALANCED_rr1,BALANCED_rr2,BALANCED_quality,BALANCED_trend,BALANCED_rsi,BALANCED_regime,MODERATE_trade,MODERATE_failed,MODERATE_p3,MODERATE_p5,MODERATE_er3,MODERATE_er5,MODERATE_rr1,MODERATE_rr2,MODERATE_quality,MODERATE_trend,MODERATE_rsi,MODERATE_regime,classification,entry_date_1d,exit_date_1d,entry_1d,exit_1d,gross_return_1d,net_return_1d,entry_date_3d,exit_date_3d,entry_3d,exit_3d,gross_return_3d,net_return_3d,entry_date_5d,exit_date_5d,entry_5d,exit_5d,gross_return_5d,net_return_5d
2026-08-10,ADANIENT,UNFAVORABLE,24583.80078125,,12.25,3010.0,44.75924499320916,-0.013321834252521425,0.020813944218675842,0.7581444245824752,-0.013114754098360604,-0.01890482398956972,0.23255150642388173,0.09477653617085244,-0.019214059942582497,-0.028364948057621856,-0.01359959431186808,-0.022279577810890017,0.5282627087156577,30,0.27595765093830993,2916.025041852679,3010.0,3010.0,0.0,0.0,False,"p3,p5,er3,er5,rr1,rr2,regime",False,False,False,False,False,False,True,True,True,False,False,"p3,p5,er3,er5,rr1,rr2,regime",False,False,False,False,False,False,True,True,True,False,False,"p3,p5,er3,er5,rr1,rr2,regime",False,False,False,False,False,False,True,True,True,False,REJECT,2026-08-11,2026-08-11,3062.0,2995.5,-0.02171783148269102,-0.02321783148269102,2026-08-11,2026-08-13,3062.0,2964.89990234375,-0.03171133169701179,-0.03321133169701179,2026-08-11,2026-08-17,3062.0,3007.300048828125,-0.017864125137777576,-0.019364125137777577
2026-08-10,ADANIPORTS,UNFAVORABLE,24583.80078125,,12.25,1681.0,33.28026154903033,-0.06266442083433754,0.022461119044188727,1.0019653969200237,-0.011176470588235343,-0.011757789535567276,0.4885802676902718,0.6557085437222263,0.0013154773302022436,0.003158332538289243,0.0030827817955375036,0.007041534523397841,0.4,30,0.16803358263722482,1624.3642883300781,1683.21131739207,1686.3091569968644,0.039044576767353914,0.09374221388453076,False,"p3,er3,er5,rr1,rr2,trend,regime",False,True,False,False,False,False,True,False,True,False,False,"p3,rr1,rr2,trend,regime",False,True,True,True,False,False,True,False,True,False,False,"p3,rr1,rr2,trend,regime",False,True,True,True,False,False,True,False,True,False,REJECT,2026-08-11,2026-08-11,1700.0,1668.199951171875,-0.018705911075367676,-0.020205911075367677,2026-08-11,2026-08-13,1700.0,1658.0,-0.024705882352941133,-0.026205882352941134,2026-08-11,2026-08-17,1700.0,1691.0,-0.0052941176470587825,-0.006794117647058782
2026-08-10,APOLLOHOSP,UNFAVORABLE,24583.80078125,,12.25,8901.6376953125,53.66247514766794,0.02457158220191502,0.015544852715318877,1.5868433336370724,0.0002245087389971534,0.010430899379216374,0.7178416609947249,0.7185584892276682,0.010546034394673505,0.003976372693982856,0.011108854281030367,0.011647930438470344,0.4,30,0.40403408671102725,8694.075724964356,8995.514672616187,8937.033924375868,0.45228409205321823,0.17053330628919103,False,"er5,rr1,rr2,regime",True,True,True,False,False,False,True,True,True,False,False,"rr1,rr2,regime",True,True,True,True,False,False,True,True,True,False,False,"rr1,rr2,regime",True,True,True,True,False,False,True,True,True,False,REJECT,2026-08-11,2026-08-11,8971.556014433105,8740.3251953125,-0.025773769761745835,-0.027273769761745836,2026-08-11,2026-08-13,8971.556014433105,8590.0,-0.0425295248471137,-0.0440295248471137,2026-08-11,2026-08-17,8971.556014433105,8825.5,-0.016279897734365778,-0.01777989773436578
2026-08-10,ASIANPAINT,UNFAVORABLE,24583.80078125,,12.25,2750.0,55.67901630883225,0.019742508281143767,0.022667524857954546,0.9541562293507547,-0.0036231884057971175,-0.02135231316725983,0.2756431865741693,0.5242614430252238,-0.0054076112894588845,-0.000901367503191774,-0.004744369354340194,-0.002594485473690067,0.4,30,0.30047497782637855,2656.4964599609375,2750.0,2750.0,0.0,0.0,False,"p3,p5,er3,er5,rr1,rr2,regime",False,False,False,False,False,False,True,True,True,False,False,"p3,er3,er5,rr1,rr2,regime",False,True,False,False,False,False,True,True,True,False,False,"p3,er3,er5,rr1,rr2,regime",False,True,False,False,False,False,True,True,True,False,REJECT,2026-08-11,2026-08-11,2742.10009765625,2735.5,-0.002406949936616609,-0.003906949936616609,2026-08-11,2026-08-13,2742.10009765625,2755.5,0.004886729829886027,0.0033867298298860273,2026-08-11,2026-08-17,2742.10009765625,2687.5,-0.019911781376222626,-0.021411781376222627
2026-08-10,AXISBANK,UNFAVORABLE,24583.80078125,,12.25,1247.300048828125,43.24429319628279,-0.041497657150450284,0.016280890138065236,0.45197597507846976,-0.0052635580647839575,-0.01941820060681998,0.5635620157159449,0.7080294953771162,0.006171452093085213,0.0073834338014969495,0.008064501567506932,0.009075341031871798,0.4,30,0.4385127780586292,1216.839316231864,1254.9977013251705,1256.5094061692512,0.25270739870486103,0.3023353857962228,False,"rr1,rr2,trend,regime",True,True,True,True,False,False,True,False,True,False,False,"rr1,rr2,trend,regime",True,True,True,True,False,False,True,False,True,False,False,"rr1,rr2,trend,regime",True,True,True,True,False,False,True,False,True,False,REJECT,2026-08-11,2026-08-11,1242.0,1229.800048828125,-0.009822827030495196,-0.011322827030495195,2026-08-11,2026-08-13,1242.0,1221.800048828125,-0.016264050863023405,-0.017764050863023406,2026-08-11,2026-08-17,1242.0,1227.300048828125,-0.011835709478160261,-0.01333570947816026
2026-08-10,BAJAJ-AUTO,UNFAVORABLE,24583.80078125,,12.25,11677.0,67.34649940867999,0.1138009446848125,0.023599505743892142,0.4237596877779717,-0.010423728813559352,-0.015097840755735503,0.413242632174764,0.32074085479288167,-0.0020129258742805287,0.00018472601192748224,-0.004999879306140875,-0.009294337633106609,0.4,30,0.529970470526618,11263.642857142857,11677.0,11679.157045641277,0.0,0.005218358212870758,False,"p3,p5,er3,er5,rr1,rr2,regime",False,False,False,False,False,False,True,True,True,False,False,"p3,p5,er3,er5,rr1,rr2,regime",False,False,False,False,False,False,True,True,True,False,False,"p3,p5,er3,er5,rr1,rr2,regime",False,False,False,False,False,False,True,True,True,False,REJECT,2026-08-11,2026-08-11,11734.0,11717.0,-0.0014487813192431975,-0.0029487813192431976,2026-08-11,2026-08-13,11734.0,11661.0,-0.006221237429691495,-0.007721237429691495,2026-08-11,2026-08-17,11734.0,11663.0,-0.00605079256860408,-0.007550792568604079
2026-08-10,BAJFINANCE,UNFAVORABLE,24583.80078125,,12.25,1102.199951171875,57.29695971070866,0.09817478133212898,0.031022376963533358,0.6933145429227856,-0.048843713558252566,-0.044059018931591476,0.6860551778882866,0.714785710036285,0.005160720769836312,0.01655639429379451,0.00528931535050392,0.012659653707149277,0.4002903282685919,30,0.6666200215526552,1050.910657610212,1107.8880973524003,1120.4484081540777,0.1109031882782068,0.3557946642463171,False,"rr1,rr2,regime",True,True,True,True,False,False,True,True,True,False,False,"rr1,rr2,regime",True,True,True,True,False,False,True,True,True,False,False,"rr1,rr2,regime",True,True,True,True,False,False,True,True,True,False,REJECT,2026-08-11,2026-08-11,1098.0,1093.300048828125,-0.004280465548155754,-0.005780465548155754,2026-08-11,2026-08-13,1098.0,1090.800048828125,-0.006557332579121167,-0.008057332579121166,2026-08-11,2026-08-17,1098.0,1089.300048828125,-0.007923452797700348,-0.009423452797700347
2026-08-10,BAJAJFINSV,UNFAVORABLE,24583.80078125,,12.25,2021.300048828125,60.827908558131554,0.0953560715230446,0.02463406989405435,0.5982558067740658,-0.031016275729566112,-0.035639289681238084,0.38966888756095536,0.44772667565224905,-0.00403391222778708,-0.00028757815265170923,-0.006144857262885828,-0.004541005197338188,0.4,30,0.5320963716641677,1946.6107788085938,2021.300048828125,2021.300048828125,0.0,0.0,False,"p3,p5,er3,er5,rr1,rr2,regime",False,False,False,False,False,False,True,True,True,False,False,"p3,p5,er3,er5,rr1,rr2,regime",False,False,False,False,False,False,True,True,True,False,False,"p3,p5,er3,er5,rr1,rr2,regime",False,False,False,False,False,False,True,True,True,False,REJECT,2026-08-11,2026-08-11,2014.0,2032.0,0.008937437934458892,0.007437437934458892,2026-08-11,2026-08-13,2014.0,2025.0,0.005461767626613767,0.0039617676266137675,2026-08-11,2026-08-17,2014.0,2005.0,-0.004468718967229446,-0.0059687189672294454
2026-08-10,BEL,UNFAVORABLE,24583.80078125,,12.25,403.80181884765625,52.18066894907036,-0.009482612902524945,0.017373564164365227,0.6348011156776476,0.03679484602766214,0.031110574281806747,0.35046634618264816,0.3364560910536134,-0.003122801382422158,-0.00897904250809739,-0.01328921822578677,-0.010290387494425624,0.4,30,0.28540230352575746,393.27860363350055,403.80181884765625,403.80181884765625,0.0,0.0,False,"p3,p5,er3,er5,rr1,rr2,regime",False,False,False,False,False,False,True,True,True,False,False,"p3,p5,er3,er5,rr1,rr2,regime",False,False,False,False,False,False,True,True,True,False,False,"p3,p5,er3,er5,rr1,rr2,regime",False,False,False,False,False,False,True,True,True,False,REJECT,2026-08-11,2026-08-11,404.7006119983069,405.2998046875,0.0014805826120065646,-1.941738799343543e-05,2026-08-11,2026-08-13,404.7006119983069,410.5,0.014330069759611153,0.012830069759611153,2026-08-11,2026-08-17,404.7006119983069,412.45001220703125,0.019148476624386124,0.017648476624386122
2026-08-10,BHARTIARTL,UNFAVORABLE,24583.80078125,,12.25,1943.0,55.67336907046872,0.03610789392471325,0.01704309506813279,0.6344589538499465,-0.01769464105156726,-0.013955848769347856,0.6081111897113411,0.6992401052118854,0.009788670263851936,0.014950573603581688,0.0031695962024159696,0.005874632580340378,0.4,30,0.24213172893208257,1893.327899423927,1962.019386322664,1972.0489645117593,0.3828987721897493,0.5848144969683879,False,"rr1,rr2,regime",True,True,True,True,False,False,True,True,True,False,False,"rr1,rr2,regime",True,True,True,True,False,False,True,True,True,False,False,"rr1,rr2,regime",True,True,True,True,False,False,True,True,True,False,REJECT,2026-08-11,2026-08-11,1934.800048828125,1915.199951171875,-0.010130296238167524,-0.011630296238167524,2026-08-11,2026-08-13,1934.800048828125,1939.0999755859375,0.0022224140217574906,0.0007224140217574906,2026-08-11,2026-08-17,1934.800048828125,1969.300048828125,0.01783129994280075,0.016331299942800748
2026-08-10,BPCL,UNFAVORABLE,24583.80078125,,12.25,318.5,52.47225154868159,0.029551521206140574,0.022605962725491983,0.46244567297137995,-0.023754789272030674,-0.034702263322987204,0.44123375818280003,0.4345898207637335,0.0006985342679972355,0.0017005209051232219,-0.002366848556211665,-0.0036719645256875766,0.4,30,0.2723724630828677,307.70000130789623,318.72248316435713,319.04161590828176,0.020600295490757224,0.05014962721039483,False,"p3,p5,er3,er5,rr1,rr2,regime",False,False,False,False,False,False,True,True,True,False,False,"p3,p5,er3,er5,rr1,rr2,regime",False,False,False,False,False,False,True,True,True,False,False,"p3,p5,rr1,rr2,regime",False,False,True,True,False,False,True,True,True,False,REJECT,2026-08-11,2026-08-11,316.95001220703125,317.79998779296875,0.002681733879796422,0.0011817338797964218,2026-08-11,2026-08-13,316.95001220703125,315.0,-0.006152428243976549,-0.007652428243976548,2026-08-11,2026-08-17,316.95001220703125,316.6499938964844,-0.0009465792679979046,-0.0024465792679979046
2026-08-10,BRITANNIA,UNFAVORABLE,24583.80078125,,12.25,5623.5,68.02428808130846,0.07332551328905335,0.02181733630625193,1.006920823061153,0.03373161764705879,0.016723919725185388,0.3938446236561396,0.4540635333612371,-0.004750912951452668,-0.000833835660731235,-0.0018693120493711302,-0.0018693722827550219,0.4,30,0.44545836174257775,5439.465313922688,5623.5,5623.5,0.0,0.0,False,"p3,p5,er3,er5,rr1,rr2,regime",False,False,False,False,False,False,True,True,True,False,False,"p3,p5,er3,er5,rr1,rr2,regime",False,False,False,False,False,False,True,True,True,False,False,"p3,p5,er3,er5,rr1,rr2,regime",False,False,False,False,False,False,True,True,True,False,REJECT,2026-08-11,2026-08-11,5650.0,5598.0,-0.00920353982300881,-0.01070353982300881,2026-08-11,2026-08-13,5650.0,5615.0,-0.006194690265486691,-0.0076946902654866905,2026-08-11,2026-08-17,5650.0,5521.0,-0.022831858407079686,-0.024331858407079687
2026-08-10,CIPLA,UNFAVORABLE,24583.80078125,,12.25,1467.699951171875,57.4230914613746,0.02996634087530259,0.02132588236940767,0.4786594782418846,0.006100837706236373,-0.004544270978868226,0.5094938406202579,0.5051145642436324,-0.00045943369425118365,0.002237375955100673,0.0011016587820688595,0.0028072270159454904,0.4,30,0.4517634204164114,1420.74995640346,1467.699951171875,1470.9837477519293,0.0,0.06994242696409014,False,"p3,p5,er3,er5,rr1,rr2,regime",False,False,False,False,False,False,True,True,True,False,False,"p3,p5,er3,rr1,rr2,regime",False,False,False,True,False,False,True,True,True,False,False,"p3,p5,er3,rr1,rr2,regime",False,False,False,True,False,False,True,True,True,False,REJECT,2026-08-11,2026-08-11,1466.0999755859375,1463.0,-0.002114436694331534,-0.003614436694331534,2026-08-11,2026-08-13,1466.0999755859375,1458.800048828125,-0.0049791466334995205,-0.00647914663349952,2026-08-11,2026-08-17,1466.0999755859375,1431.5,-0.02360001102387943,-0.02510001102387943
2026-08-10,COALINDIA,UNFAVORABLE,24583.80078125,,12.25,411.0,36.352825127614224,-0.0479042959829421,0.014887455322348144,0.9276530008669414,-0.010830324909747335,-0.012019230769230727,0.37566074479160305,0.3200495609918408,-0.007518614286421693,-0.008668541873443968,-0.005124415523276138,-0.004134091713181964,0.4434117807353329,30,0.20900115921006754,401.8218837937724,411.0,411.0,0.0,0.0,False,"p3,p5,er3,er5,rr1,rr2,trend,regime",False,False,False,False,False,False,True,False,True,False,False,"p3,p5,er3,er5,rr1,rr2,trend,regime",False,False,False,False,False,False,True,False,True,False,False,"p3,p5,er3,er5,rr1,rr2,trend,regime",False,False,False,False,False,False,True,False,True,False,REJECT,2026-08-11,2026-08-11,411.0,412.6000061035156,0.0038929588893323874,0.0023929588893323874,2026-08-11,2026-08-13,411.0,410.5,-0.0012165450121655041,-0.002716545012165504,2026-08-11,2026-08-17,411.0,408.45001220703125,-0.006204349861237857,-0.007704349861237856
2026-08-10,DRREDDY,UNFAVORABLE,24583.80078125,,12.25,1158.800048828125,35.725800967244794,-0.07164758611903788,0.021795981744532712,0.816912220838127,-0.01462580881962161,-0.017966060315148358,0.6638722564172994,0.7005329000908384,0.01122865250950803,0.01876936116097033,0.01492376068614465,0.031166124929167593,0.4,30,0.45020652179329873,1120.914271763393,1171.811811904417,1180.54998545793,0.34344717422741433,0.5740923986498362,False,"rr1,rr2,trend,regime",True,True,True,True,False,False,True,False,True,False,False,"rr1,rr2,trend,regime",True,True,True,True,False,False,True,False,True,False,False,"rr1,rr2,trend,regime",True,True,True,True,False,False,True,False,True,False,REJECT,2026-08-11,2026-08-11,1159.0999755859375,1205.0,0.039599711311234964,0.03809971131123496,2026-08-11,2026-08-13,1159.0999755859375,1206.0,0.04046244966087076,0.03896244966087076,2026-08-11,2026-08-17,1159.0999755859375,1192.0,0.028384112765968528,0.026884112765968526
2026-08-10,EICHERMOT,UNFAVORABLE,24583.80078125,,12.25,7975.0,64.67577839368539,0.07009390376699143,0.01973529016905714,0.6791837445838866,-0.0014399298816752948,-0.009316770186335366,0.6508679762338867,0.5086629776259719,0.0037386708131884297,-0.0016421948910879415,0.009317898799586333,0.011769775212883471,0.4,30,0.346910847552247,7738.916591352654,8004.8158997351775,7975.0,0.12629392258443514,0.0,False,"p5,er5,rr1,rr2,regime",True,False,True,False,False,False,True,True,True,False,False,"p5,er5,rr1,rr2,regime",True,False,True,False,False,False,True,True,True,False,False,"p5,er5,rr1,rr2,regime",True,False,True,False,False,False,True,True,True,False,REJECT,2026-08-11,2026-08-11,7955.0,8000.0,0.0056568196103079504,0.004156819610307951,2026-08-11,2026-08-13,7955.0,8100.0,0.018227529855436853,0.01672752985543685,2026-08-11,2026-08-17,7955.0,8050.0,0.011942174732872513,0.010442174732872513
2026-08-10,ETERNAL,UNFAVORABLE,24583.80078125,,12.25,310.25,62.096090656078545,0.1182436781637719,0.03268102744897188,0.473372121247591,-0.00032223651216001237,-0.0008051529790660261,0.5172240007035921,0.7196499208684318,0.006570615798266997,0.019097604382597725,0.0005231740640001536,0.022706767134129224,0.4,30,0.27317438346592304,295.0410668509347,312.28853355141234,316.1750317597009,0.13403527594160206,0.38957576456078125,False,"p3,rr1,rr2,regime",False,True,True,True,False,False,True,True,True,False,False,"p3,rr1,rr2,regime",False,True,True,True,False,False,True,True,True,False,False,"p3,rr1,rr2,regime",False,True,True,True,False,False,True,True,True,False,REJECT,2026-08-11,2026-08-11,310.5,318.0,0.024154589371980784,0.022654589371980782,2026-08-11,2026-08-13,310.5,318.0,0.024154589371980784,0.022654589371980782,2026-08-11,2026-08-17,310.5,318.0,0.024154589371980784,0.022654589371980782
2026-08-10,GRASIM,UNFAVORABLE,24583.80078125,,12.25,3380.5,68.0588638547966,0.07857442033789686,0.022633138255995118,4.125379068548606,0.05180867960505586,0.040193619182103735,0.5037795935141441,0.4358421217387046,0.0036541582453658863,0.004951213832907893,-0.0010155534664582078,-0.010061546140005484,0.4,30,0.4714123650709115,3265.7330141884127,3392.8528819484595,3397.2375783621455,0.10763445481385404,0.14583966150007266,False,"p3,p5,rr1,rr2,regime",False,False,True,True,False,False,True,True,True,False,False,"p3,p5,rr1,rr2,regime",False,False,True,True,False,False,True,True,True,False,False,"p3,p5,rr1,rr2,regime",False,False,True,True,False,False,True,True,True,False,REJECT,2026-08-11,2026-08-11,3360.0,3322.199951171875,-0.011250014532180108,-0.012750014532180108,2026-08-11,2026-08-13,3360.0,3257.0,-0.030654761904761907,-0.03215476190476191,2026-08-11,2026-08-17,3360.0,3250.5,-0.032589285714285765,-0.034089285714285766
2026-08-10,HCLTECH,UNFAVORABLE,24583.80078125,,12.25,1357.199951171875,68.7818013777606,0.14123672058011771,0.024425286950176362,0.35719582234571207,0.0053332971643518245,-0.014379120427105985,0.5740228621161774,0.5313200957941124,0.0013429520177075515,0.0037955929578125623,0.004728354350437836,0.007334050959178162,0.4,30,0.5259521440859549,1307.4749537876673,1359.0226055847338,1362.3513297488867,0.03665469097516079,0.10359736245351117,False,"er3,er5,rr1,rr2,regime",True,True,False,False,False,False,True,True,True,False,False,"rr1,rr2,regime",True,True,True,True,False,False,True,True,True,False,False,"rr1,rr2,regime",True,True,True,True,False,False,True,True,True,False,REJECT,2026-08-11,2026-08-11,1360.0999755859375,1365.4000244140625,0.003896808266496521,0.002396808266496521,2026-08-11,2026-08-13,1360.0999755859375,1370.0,0.00727889463404896,0.005778894634048961,2026-08-11,2026-08-17,1360.0999755859375,1325.0,-0.025806908474368728,-0.02730690847436873
2026-08-10,HDFCBANK,UNFAVORABLE,24583.80078125,,12.25,731.0,34.504016018455616,-0.05223709661956344,0.014246633655278972,0.7874839857217804,-0.0054421768707483276,-0.02921646746347939,0.6307373856612675,0.6635539319624868,0.007606649511939477,0.008909171802851631,0.01173608600850562,0.012460246083749738,0.4,30,0.5518389435844042,715.3785661969866,736.5604607932278,737.5126045878845,0.3559507317539039,0.4169018458874283,False,"rr1,rr2,trend,regime",True,True,True,True,False,False,True,False,True,False,False,"rr1,rr2,trend,regime",True,True,True,True,False,False,True,False,True,False,False,"rr1,rr2,trend,regime",True,True,True,True,False,False,True,False,True,False,REJECT,2026-08-11,2026-08-11,730.5,729.0,-0.002053388090349051,-0.003553388090349051,2026-08-11,2026-08-13,730.5,725.0,-0.007529089664613298,-0.009029089664613297,2026-08-11,2026-08-17,730.5,729.0,-0.002053388090349051,-0.003553388090349051
2026-08-10,HDFCLIFE,UNFAVORABLE,24583.80078125,,12.25,540.0,39.6014831530641,-0.04398528055277484,0.01775792843450314,0.9985661297920195,-0.00917431192660545,-0.023684643218542467,0.4613672484493443,0.49731670741665135,-0.002971962474571565,0.008138207027215134,-0.001363882581179976,6.945743492714485e-05,0.4,30,0.34086915854915406,525.6160779680524,540.0,544.3946317946961,0.0,0.3055238887513,False,"p3,p5,er3,rr1,rr2,trend,regime",False,False,False,True,False,False,True,False,True,False,False,"p3,p5,er3,rr1,rr2,trend,regime",False,False,False,True,False,False,True,False,True,False,False,"p3,p5,er3,rr1,rr2,trend,regime",False,False,False,True,False,False,True,False,True,False,REJECT,2026-08-11,2026-08-11,540.0,536.0,-0.007407407407407418,-0.008907407407407418,2026-08-11,2026-08-13,540.0,538.0499877929688,-0.0036111337167245017,-0.005111133716724501,2026-08-11,2026-08-17,540.0,543.0,0.005555555555555536,0.004055555555555536
2026-08-10,HEROMOTOCO,UNFAVORABLE,24583.80078125,,12.25,5860.0,78.22994893374508,0.1756320532322393,0.026228342081174798,1.2336712866608663,0.02987697715289972,0.07326007326007322,0.6412186004355023,0.4511032151957293,0.00512902276472127,0.0010587309818635283,0.009336091517898937,-0.0014147373742211533,0.4,30,0.4307011877879362,5629.452873106474,5890.056073401267,5866.20416355372,0.13036845787780219,0.02691060885172117,False,"p5,er5,rr1,rr2,rsi,regime",True,False,True,False,False,False,True,True,False,False,False,"p5,er5,rr1,rr2,rsi,regime",True,False,True,False,False,False,True,True,False,False,False,"p5,rr1,rr2,regime",True,False,True,True,False,False,True,True,True,False,REJECT,2026-08-11,2026-08-11,5848.0,5865.5,0.0029924760601915956,0.0014924760601915956,2026-08-11,2026-08-13,5848.0,5850.0,0.00034199726402195374,-0.0011580027359780463,2026-08-11,2026-08-17,5848.0,5745.0,-0.017612859097127176,-0.019112859097127177
2026-08-10,HINDALCO,UNFAVORABLE,24583.80078125,,12.25,1054.050048828125,68.37349538511168,0.061798479161017994,0.020560157175684525,1.3717525850761834,0.013509662334735495,0.05945323445830497,0.7079687624014053,0.7100067920069979,0.010499736689567106,0.018283328227958622,0.009638015301976832,0.01915561568831936,0.4562350411933274,30,0.4941769330568217,1021.5428968157087,1065.1172967984458,1073.3215918395454,0.34045578542511323,0.5928400926682063,False,"rr1,rr2,regime",True,True,True,True,False,False,True,True,True,False,False,"rr1,rr2,regime",True,True,True,True,False,False,True,True,True,False,False,"rr1,rr2,regime",True,True,True,True,False,False,True,True,True,False,REJECT,2026-08-11,2026-08-11,1053.4000244140625,1049.0999755859375,-0.004082066383581884,-0.005582066383581883,2026-08-11,2026-08-13,1053.4000244140625,1046.25,-0.006787568111211728,-0.008287568111211728,2026-08-11,2026-08-17,1053.4000244140625,1049.9000244140625,-0.003322574443594517,-0.004822574443594517
2026-08-10,HINDUNILVR,UNFAVORABLE,24583.80078125,,12.25,2087.199951171875,44.79164173743292,-0.022391466874287058,0.023161594097419337,0.5595089288328251,0.0009110930318241284,-0.023760546692294215,0.5291594448150561,0.4163454820897534,0.003584437150403896,-6.68364741110883e-05,0.0026871177142570035,-0.005707527620004038,0.4,30,0.5521983957239154,2014.6856340680804,2094.681388217177,2087.199951171875,0.10317186100771193,0.0,False,"p3,p5,er5,rr1,rr2,trend,regime",False,False,True,False,False,False,True,False,True,False,False,"p3,p5,er5,rr1,rr2,regime",False,False,True,False,False,False,True,True,True,False,False,"p5,er5,rr1,rr2,regime",True,False,True,False,False,False,True,True,True,False,REJECT,2026-08-11,2026-08-11,2086.0,2064.89990234375,-0.010115099547579054,-0.011615099547579054,2026-08-11,2026-08-13,2086.0,2092.0,0.0028763183125599667,0.0013763183125599667,2026-08-11,2026-08-17,2086.0,2055.0,-0.014860977948226273,-0.016360977948226274
2026-08-10,ICICIBANK,UNFAVORABLE,24583.80078125,,12.25,1431.800048828125,55.17030404242518,0.04321654933844754,0.016750829052736484,0.9908669997842754,-0.012619769026903205,-0.01931503504922949,0.6743270071975798,0.5005605938288581,0.005401718220693543,0.004803425079927097,0.0029731164636754848,0.0008723659351089763,0.44936791583748886,30,0.4207981699949239,1395.8242920446955,1439.5342292402697,1438.677593092107,0.21498311929068606,0.19117163553734426,False,"p5,rr1,rr2,regime",True,False,True,True,False,False,True,True,True,False,False,"p5,rr1,rr2,regime",True,False,True,True,False,False,True,True,True,False,False,"p5,rr1,rr2,regime",True,False,True,True,False,False,True,True,True,False,REJECT,2026-08-11,2026-08-11,1432.0999755859375,1429.5999755859375,-0.0017456881800288482,-0.003245688180028848,2026-08-11,2026-08-13,1432.0999755859375,1406.800048828125,-0.01766631323868373,-0.01916631323868373,2026-08-11,2026-08-17,1432.0999755859375,1415.300048828125,-0.011730973426585578,-0.013230973426585578
2026-08-10,ICICIGI,UNFAVORABLE,24583.80078125,,12.25,1648.800048828125,44.620456461385636,-0.04759261155413086,0.030615336272415545,0.4017276284152891,-0.020902583831279742,-0.015641761893656736,0.669476088297969,0.6794361114376577,0.00908516494300924,0.009091257468991538,0.010010747997326597,0.010494117836916561,0.4,30,0.8922831299913951,1573.0821969168528,1663.7796692297702,1663.7897145869074,0.1978347248836199,0.19796739316307607,False,"rr1,rr2,trend,regime",True,True,True,True,False,False,True,False,True,False,False,"rr1,rr2,trend,regime",True,True,True,True,False,False,True,False,True,False,False,"rr1,rr2,trend,regime",True,True,True,True,False,False,True,False,True,False,REJECT,2026-08-11,2026-08-11,1651.0,1643.5,-0.004542701393095094,-0.006042701393095094,2026-08-11,2026-08-13,1651.0,1628.0,-0.013930950938824904,-0.015430950938824904,2026-08-11,2026-08-17,1651.0,1626.300048828125,-0.014960600346381026,-0.016460600346381027
2026-08-10,ICICIPRULI,UNFAVORABLE,24583.80078125,,12.25,499.75,46.261148340626285,0.006593172840922978,0.019952838793838884,0.4584437429134332,-0.03252345017904079,-0.043265964663990575,0.6814069358255753,0.5348898253969,0.0033760584065850203,0.0031805291898722807,0.010606574972025107,0.006887295626679002,0.4,30,0.3915907586853814,484.79285321916853,501.4371851886908,501.3394694626387,0.11280127242269589,0.10626822654944523,False,"er5,rr1,rr2,regime",True,True,True,False,False,False,True,True,True,False,False,"rr1,rr2,regime",True,True,True,True,False,False,True,True,True,False,False,"rr1,rr2,regime",True,True,True,True,False,False,True,True,True,False,REJECT,2026-08-11,2026-08-11,498.54998779296875,501.5,0.0059171843932654955,0.004417184393265496,2026-08-11,2026-08-13,498.54998779296875,507.0,0.016949177442443952,0.015449177442443953,2026-08-11,2026-08-17,498.54998779296875,507.0,0.016949177442443952,0.015449177442443953
2026-08-10,INDUSINDBK,UNFAVORABLE,24583.80078125,,12.25,1027.300048828125,57.668534999976714,0.058293625838483853,0.02266691087178579,0.49489018769749243,0.008145288349484803,-0.0015550350354482934,0.4973812529926731,0.6021248200332421,0.006368791074900291,0.004679997629400532,0.00023044137114930363,0.00554472321420596,0.4,30,0.30053339024671066,992.3714708600726,1033.842708210346,1032.1078106213238,0.18731536646597208,0.13764550614102353,False,"p3,rr1,rr2,regime",False,True,True,True,False,False,True,True,True,False,False,"p3,rr1,rr2,regime",False,True,True,True,False,False,True,True,True,False,False,"p3,rr1,rr2,regime",False,True,True,True,False,False,True,True,True,False,REJECT,2026-08-11,2026-08-11,1023.0,1008.9000244140625,-0.013782967337182317,-0.015282967337182317,2026-08-11,2026-08-13,1023.0,1024.699951171875,0.0016617313508064946,0.00016173135080649456,2026-08-11,2026-08-17,1023.0,1010.5999755859375,-0.012121235986375822,-0.013621235986375822
2026-08-10,INFY,UNFAVORABLE,24583.80078125,,12.25,1183.0,63.42275182979404,0.07221794103859258,0.028541243403102733,0.6712429342597539,0.0076660988074956915,0.0025423728813558366,0.5512103497080367,0.5188037096164467,-0.00035825000014495377,-0.00037466459185842927,0.002771435245292553,-0.0025815881895905335,0.4,30,0.5892108761159243,1132.3535635811943,1183.0,1183.0,0.0,0.0,False,"p5,er3,er5,rr1,rr2,regime",True,False,False,False,False,False,True,True,True,False,False,"p5,er3,er5,rr1,rr2,regime",True,False,False,False,False,False,True,True,True,False,False,"er3,er5,rr1,rr2,regime",True,True,False,False,False,False,True,True,True,False,REJECT,2026-08-11,2026-08-11,1188.0,1190.699951171875,0.002272686171612026,0.0007726861716120261,2026-08-11,2026-08-13,1188.0,1175.0,-0.01094276094276092,-0.01244276094276092,2026-08-11,2026-08-17,1188.0,1139.9000244140625,-0.04048819493765787,-0.041988194937657874
2026-08-10,ITC,UNFAVORABLE,24583.80078125,,12.25,282.6499938964844,45.93674178458256,-0.008120344114619482,0.01724748729912371,0.5936570432137059,-0.014985252230776958,-0.015156815691692027,0.3892646930121285,0.5042780039475824,-0.0006265754383458918,8.583705416932366e-05,-0.0014005293534578578,-0.0008604012077589318,0.4,30,0.35525194083254896,275.33749062674383,282.6499938964844,282.67425573932144,0.0,0.003317857365952901,False,"p3,p5,er3,er5,rr1,rr2,regime",False,False,False,False,False,False,True,True,True,False,False,"p3,p5,er3,er5,rr1,rr2,regime",False,False,False,False,False,False,True,True,True,False,False,"p3,p5,er3,er5,rr1,rr2,regime",False,False,False,False,False,False,True,True,True,False,REJECT,2026-08-11,2026-08-11,282.0,279.0,-0.010638297872340385,-0.012138297872340385,2026-08-11,2026-08-13,282.0,278.5,-0.012411347517730542,-0.013911347517730542,2026-08-11,2026-08-17,282.0,273.04998779296875,-0.03173763193982715,-0.03323763193982715
2026-08-10,JIOFIN,UNFAVORABLE,24583.80078125,,12.25,254.0,57.33593359677356,0.055551272977291566,0.026058233484867566,0.4457162519511408,-0.02807851394805616,-0.03195880737147161,0.4729969959289177,0.52600570789769,-0.002350497376473455,-0.01017447955607887,-0.0017872299830065108,-0.009577507819556075,0.4,30,0.5168474422482491,244.07181304226546,254.0,254.0,0.0,0.0,False,"p3,p5,er3,er5,rr1,rr2,regime",False,False,False,False,False,False,True,True,True,False,False,"p3,er3,er5,rr1,rr2,regime",False,True,False,False,False,False,True,True,True,False,False,"p3,er3,er5,rr1,rr2,regime",False,True,False,False,False,False,True,True,True,False,REJECT,2026-08-11,2026-08-11,253.89999389648438,252.75,-0.004529318330559806,-0.006029318330559806,2026-08-11,2026-08-13,253.89999389648438,255.60000610351562,0.0066955976679714535,0.005195597667971454,2026-08-11,2026-08-17,253.89999389648438,249.75,-0.016344994077378106,-0.017844994077378107
2026-08-10,JSWSTEEL,UNFAVORABLE,24583.80078125,,12.25,1302.0,60.047218792286095,0.03404123732005049,0.020479498187884023,0.8511905171854345,-0.021052631578947323,0.007505958992008788,0.46215600158374615,0.5294179997419263,0.0019235263614224866,0.0002799737775774162,-0.0008420190136348982,0.0038598856189644426,0.4,30,0.34141866317899866,1262.0035400390625,1304.5044313225721,1302.3645258584058,0.0626163246701857,0.00911395305389164,False,"p3,p5,er3,er5,rr1,rr2,regime",False,False,False,False,False,False,True,True,True,False,False,"p3,er5,rr1,rr2,regime",False,True,True,False,False,False,True,True,True,False,False,"p3,er5,rr1,rr2,regime",False,True,True,False,False,False,True,True,True,False,REJECT,2026-08-11,2026-08-11,1299.0,1283.4000244140625,-0.01200921908078334,-0.01350921908078334,2026-08-11,2026-08-13,1299.0,1275.0,-0.018475750577367167,-0.01997575057736717,2026-08-11,2026-08-17,1299.0,1277.800048828125,-0.016320208754330268,-0.01782020875433027
2026-08-10,KOTAKBANK,UNFAVORABLE,24583.80078125,,12.25,393.5,54.00220862514571,0.00896842494343919,0.016654570796438214,0.8922397612862429,-0.016249999999999987,-0.010062893081761004,0.4149870043862718,0.45173234142997,-0.004816565834081802,-0.006855841973389438,-0.0048802098712859565,-0.0016990880197979008,0.4,30,0.15268966940570747,383.66963958740234,393.5,393.5,0.0,0.0,False,"p3,p5,er3,er5,rr1,rr2,regime",False,False,False,False,False,False,True,True,True,False,False,"p3,p5,er3,er5,rr1,rr2,regime",False,False,False,False,False,False,True,True,True,False,False,"p3,p5,er3,er5,rr1,rr2,regime",False,False,False,False,False,False,True,True,True,False,REJECT,2026-08-11,2026-08-11,392.1000061035156,392.8999938964844,0.0020402646786941148,0.0005402646786941147,2026-08-11,2026-08-13,392.1000061035156,392.3999938964844,0.0007650797967331258,-0.0007349202032668743,2026-08-11,2026-08-17,392.1000061035156,392.70001220703125,0.0015302374245749206,3.0237424574920593e-05
2026-08-10,LT,UNFAVORABLE,24583.80078125,,12.25,4080.0,63.71911802789153,0.022020536596986107,0.015245103168220413,0.5798963447768147,0.005669213704707854,0.013664596273291973,0.5936260323580641,0.6604782327026483,0.002818532024622697,-0.00014117734954368277,0.0043289338776451025,0.006871686691086398,0.4,30,0.37114438540308753,3986.699968610491,4091.499610660461,4080.0,0.12325409208548084,0.0,False,"er5,rr1,rr2,regime",True,True,True,False,False,False,True,True,True,False,False,"er5,rr1,rr2,regime",True,True,True,False,False,False,True,True,True,False,False,"er5,rr1,rr2,regime",True,True,True,False,False,False,True,True,True,False,REJECT,2026-08-11,2026-08-11,4075.10009765625,4037.39990234375,-0.009251354422970537,-0.010751354422970536,2026-08-11,2026-08-13,4075.10009765625,4070.699951171875,-0.0010797640251599683,-0.0025797640251599683,2026-08-11,2026-08-17,4075.10009765625,4086.699951171875,0.002846519898320077,0.0013465198983200768
2026-08-10,M&M,UNFAVORABLE,24583.80078125,,12.25,3517.0,70.10944979688344,0.11670383916727145,0.02475932428967464,0.9426211294289986,0.017827197834458408,0.025783089256801617,0.4929967542843461,0.5079352275798427,0.005231798443082614,0.017059059484552642,-0.003364934027414501,-0.00017575164737915205,0.4,30,0.422462414298668,3386.3821847098216,3535.400235124321,3576.996712207171,0.1408707922686006,0.45933023817527074,False,"p3,p5,rr1,rr2,regime",False,False,True,True,False,False,True,True,True,False,False,"p3,p5,rr1,rr2,regime",False,False,True,True,False,False,True,True,True,False,False,"p3,p5,rr1,rr2,regime",False,False,True,True,False,False,True,True,True,False,REJECT,2026-08-11,2026-08-11,3505.39990234375,3460.10009765625,-0.01292286356749539,-0.01442286356749539,2026-08-11,2026-08-13,3505.39990234375,3428.199951171875,-0.02202315094499152,-0.023523150944991522,2026-08-11,2026-08-17,3505.39990234375,3390.39990234375,-0.032806527986467326,-0.03430652798646733
2026-08-10,MARUTI,UNFAVORABLE,24583.80078125,,12.25,14097.0,60.292294255672935,0.03887607755053635,0.01839538389469893,0.7070040136501172,0.0034233091988922215,0.0062598606520345434,0.6676889222133173,0.7604789268812578,0.010169923464150537,0.022850497343309604,0.005028183506564532,0.014105164508299683,0.4,30,0.2780788435375694,13708.020409854644,14240.36541107413,14419.123461048637,0.36856795242278984,0.8281243263387267,False,"rr1,rr2,regime",True,True,True,True,False,False,True,True,True,False,False,"rr1,rr2,regime",True,True,True,True,False,False,True,True,True,False,False,"rr1,rr2,regime",True,True,True,True,False,False,True,True,True,False,REJECT,2026-08-11,2026-08-11,14120.0,13990.0,-0.009206798866855492,-0.010706798866855492,2026-08-11,2026-08-13,14120.0,13905.0,-0.015226628895184113,-0.016726628895184115,2026-08-11,2026-08-17,14120.0,13760.0,-0.025495750708215303,-0.026995750708215305
2026-08-10,NESTLEIND,UNFAVORABLE,24583.80078125,,12.25,1528.5999755859375,63.59267269528731,0.06284580718507238,0.02643408348474618,0.5750879086798972,0.005657878674958816,-0.0009150486366421573,0.21522588259005387,0.12917763288886153,-0.01118738574906521,-0.016382290279569892,-0.010702876312596199,-0.013071650564547399,0.5929469820367946,30,0.5404534613177988,1467.9892665318082,1528.5999755859375,1528.5999755859375,0.0,0.0,False,"p3,p5,er3,er5,rr1,rr2,regime",False,False,False,False,False,False,True,True,True,False,False,"p3,p5,er3,er5,rr1,rr2,regime",False,False,False,False,False,False,True,True,True,False,False,"p3,p5,er3,er5,rr1,rr2,regime",False,False,False,False,False,False,True,True,True,False,REJECT,2026-08-11,2026-08-11,1531.4000244140625,1493.199951171875,-0.024944542662393765,-0.026444542662393766,2026-08-11,2026-08-13,1531.4000244140625,1506.9000244140625,-0.015998432551530106,-0.017498432551530108,2026-08-11,2026-08-17,1531.4000244140625,1470.0,-0.04009404690819118,-0.041594046908191185
2026-08-10,NTPC,UNFAVORABLE,24583.80078125,,12.25,340.45001220703125,40.55247427809964,-0.03409667401290173,0.01737196249168695,0.928496271629914,-0.027007664630736894,-0.029780512599654974,0.73545136427692,0.691980055715063,0.007981172749592452,0.008785040861130442,0.008621092462163582,0.012067533584044665,0.5886886274738625,30,0.3402225253843068,331.57858494349887,343.1672025670564,343.4408794754424,0.30628559298396646,0.33713484646440617,False,"rr1,rr2,trend,regime",True,True,True,True,False,False,True,False,True,False,False,"rr1,rr2,trend,regime",True,True,True,True,False,False,True,False,True,False,False,"rr1,rr2,trend,regime",True,True,True,True,False,False,True,False,True,False,REJECT,2026-08-11,2026-08-11,339.6000061035156,338.45001220703125,-0.003386318833380253,-0.0048863188333802526,2026-08-11,2026-08-13,339.6000061035156,344.25,0.013692561286547722,0.012192561286547722,2026-08-11,2026-08-17,339.6000061035156,337.0,-0.007656083795013591,-0.00915608379501359
2026-08-10,ONGC,UNFAVORABLE,24583.80078125,,12.25,239.83999633789062,41.61471859518635,-0.024798048220478264,0.018360453051384316,0.925538785246317,-0.0014987536008550517,-0.00892563496739407,0.5024724383257935,0.5360344850072609,0.002610561055480441,0.00506974455077578,-0.000675298139176217,0.004406696241390895,0.4,30,0.3714996696602455,233.23463984898157,240.46611329187692,241.0559238523827,0.09478927519470001,0.1840820425867588,False,"p3,rr1,rr2,trend,regime",False,True,True,True,False,False,True,False,True,False,False,"p3,rr1,rr2,regime",False,True,True,True,False,False,True,True,True,False,False,"p3,rr1,rr2,regime",False,True,True,True,False,False,True,True,True,False,REJECT,2026-08-11,2026-08-11,241.0,239.4499969482422,-0.006431547932605031,-0.00793154793260503,2026-08-11,2026-08-13,241.0,239.89999389648438,-0.004564340678488099,-0.006064340678488099,2026-08-11,2026-08-17,241.0,238.49000549316406,-0.010414914966124234,-0.011914914966124233
2026-08-10,POWERGRID,UNFAVORABLE,24583.80078125,,12.25,270.1000061035156,31.521280407523363,-0.05242032609409297,0.019688486021643737,0.9219633077542989,-0.04134869173552569,-0.05888499615499787,0.6228367034379426,0.691985305881837,0.00716040501723347,0.005828220773974854,0.003548623566691167,0.007372835690573676,0.41592573098206115,30,0.31034523702558486,262.1232158115932,272.034031542374,271.6742085701389,0.24245659821555568,0.1973478565955722,False,"rr1,rr2,trend,regime",True,True,True,True,False,False,True,False,True,False,False,"rr1,rr2,trend,regime",True,True,True,True,False,False,True,False,True,False,False,"rr1,rr2,trend,regime",True,True,True,True,False,False,True,False,True,False,REJECT,2026-08-11,2026-08-11,270.0,267.95001220703125,-0.007592547381365722,-0.009092547381365721,2026-08-11,2026-08-13,270.0,266.6000061035156,-0.012592569986979218,-0.014092569986979218,2026-08-11,2026-08-17,270.0,266.1499938964844,-0.014259281864872686,-0.015759281864872687
2026-08-10,RELIANCE,UNFAVORABLE,24583.80078125,,12.25,1327.300048828125,56.46460206634028,0.020634082892048378,0.01666647747352104,0.668465920201156,0.03695316314697261,0.006292682962945495,0.3865289273804044,0.3569596116873188,-0.006785795963804724,-0.009731381265744996,-0.006878887182059645,-0.008202386013081653,0.43359805763280845,30,0.32544159652653154,1294.117924281529,1327.300048828125,1327.300048828125,0.0,0.0,False,"p3,p5,er3,er5,rr1,rr2,regime",False,False,False,False,False,False,True,True,True,False,False,"p3,p5,er3,er5,rr1,rr2,regime",False,False,False,False,False,False,True,True,True,False,False,"p3,p5,er3,er5,rr1,rr2,regime",False,False,False,False,False,False,True,True,True,False,REJECT,2026-08-11,2026-08-11,1326.5999755859375,1323.9000244140625,-0.002035241385167752,-0.003535241385167752,2026-08-11,2026-08-13,1326.5999755859375,1317.0,-0.007236526279670197,-0.008736526279670196,2026-08-11,2026-08-17,1326.5999755859375,1316.0,-0.007990333017498852,-0.009490333017498851
2026-08-10,SBILIFE,UNFAVORABLE,24583.80078125,,12.25,1855.0,50.8215198355656,0.023292455326657135,0.020500583230049094,0.9403979608646661,-0.013245398207717751,-0.031331592689295085,0.5114809722315651,0.5088363424649709,-0.0006973549235512466,0.0010404118387568448,0.0008070355489452341,0.0010003922346487615,0.4,30,0.3343037280750962,1797.9571271623884,1855.0,1856.929963960894,0.0,0.033833568768321096,False,"p3,p5,er3,er5,rr1,rr2,regime",False,False,False,False,False,False,True,True,True,False,False,"p3,p5,er3,er5,rr1,rr2,regime",False,False,False,False,False,False,True,True,True,False,False,"p3,p5,er3,rr1,rr2,regime",False,False,False,True,False,False,True,True,True,False,REJECT,2026-08-11,2026-08-11,1866.0,1837.5999755859375,-0.015219734412680874,-0.016719734412680876,2026-08-11,2026-08-13,1866.0,1812.0,-0.02893890675241162,-0.03043890675241162,2026-08-11,2026-08-17,1866.0,1790.4000244140625,-0.04051445636974138,-0.04201445636974138
2026-08-10,SBIN,UNFAVORABLE,24583.80078125,,12.25,1071.0,59.73794151615594,0.04214306118021427,0.02050154371644491,1.4509937092568206,0.01516587677725112,0.024880382775119614,0.5625255428709601,0.5683460264920289,-0.000906225298125627,0.003023842486436696,0.0022636252763600373,0.004591335229381599,0.4,30,0.46664496504003206,1038.0642700195312,1071.0,1074.2385353029736,0.0,0.09832893653470097,False,"er3,er5,rr1,rr2,regime",True,True,False,False,False,False,True,True,True,False,False,"er3,rr1,rr2,regime",True,True,False,True,False,False,True,True,True,False,False,"er3,rr1,rr2,regime",True,True,False,True,False,False,True,True,True,False,REJECT,2026-08-11,2026-08-11,1071.0,1066.0,-0.00466853408029877,-0.006168534080298769,2026-08-11,2026-08-13,1071.0,1083.0,0.011204481792717047,0.009704481792717047,2026-08-11,2026-08-17,1071.0,1061.199951171875,-0.009150372388538774,-0.010650372388538774
2026-08-10,SHRIRAMFIN,UNFAVORABLE,24583.80078125,,12.25,1137.800048828125,66.20462084956021,0.11818569448925698,0.02892172434278966,0.5833072485575606,0.013720620170247999,0.04366180497906269,0.4717160557507125,0.40494025272032774,-0.008951120620865961,-0.01232929558770488,-0.007401331440328285,-0.00907292147617661,0.4,30,0.28824015767683037,1088.4393397739955,1137.800048828125,1137.800048828125,0.0,0.0,False,"p3,p5,er3,er5,rr1,rr2,regime",False,False,False,False,False,False,True,True,True,False,False,"p3,p5,er3,er5,rr1,rr2,regime",False,False,False,False,False,False,True,True,True,False,False,"p3,p5,er3,er5,rr1,rr2,regime",False,False,False,False,False,False,True,True,True,False,REJECT,2026-08-11,2026-08-11,1135.800048828125,1129.9000244140625,-0.005194597781669308,-0.0066945977816693075,2026-08-11,2026-08-13,1135.800048828125,1132.300048828125,-0.0030815283056301324,-0.004581528305630132,2026-08-11,2026-08-17,1135.800048828125,1122.0,-0.01215006888084158,-0.01365006888084158
2026-08-10,SUNPHARMA,UNFAVORABLE,24583.80078125,,12.25,1944.4000244140625,51.923554854898676,0.029322745378900228,0.01848531845496411,0.6789534613565604,0.0022680538216817148,-0.009727514940635396,0.40909558017629827,0.4377954515600639,-0.0042537054825679856,-0.0010833855327397847,-0.0009242550485947243,-0.007095790704077676,0.4,30,0.2271473607633097,1890.4857439313616,1944.4000244140625,1944.4000244140625,0.0,0.0,False,"p3,p5,er3,er5,rr1,rr2,regime",False,False,False,False,False,False,True,True,True,False,False,"p3,p5,er3,er5,rr1,rr2,regime",False,False,False,False,False,False,True,True,True,False,False,"p3,p5,er3,er5,rr1,rr2,regime",False,False,False,False,False,False,True,True,True,False,REJECT,2026-08-11,2026-08-11,1939.0,1942.0,0.0015471892728209369,4.718927282093685e-05,2026-08-11,2026-08-13,1939.0,1932.0,-0.0036101083032491488,-0.005110108303249148,2026-08-11,2026-08-17,1939.0,1882.0,-0.0293965961835998,-0.0308965961835998
2026-08-10,TATACONSUM,UNFAVORABLE,24583.80078125,,12.25,1108.699951171875,52.80402308190411,0.002707727183056008,0.022445868642718178,0.9764829635491703,0.011310683016939382,-0.001171215160473027,0.3983670571654026,0.3743176250171789,0.0025056805624405288,0.005502027539247411,-0.006144790121521304,-0.005818099187465564,0.4,30,0.2844617489857123,1071.371350969587,1111.4779990891052,1114.8000488359849,0.07442143295423966,0.1634161910988548,False,"p3,p5,rr1,rr2,regime",False,False,True,True,False,False,True,True,True,False,False,"p3,p5,rr1,rr2,regime",False,False,True,True,False,False,True,True,True,False,False,"p3,p5,rr1,rr2,regime",False,False,True,True,False,False,True,True,True,False,REJECT,2026-08-11,2026-08-11,1108.699951171875,1078.0,-0.027690044668465696,-0.029190044668465698,2026-08-11,2026-08-13,1108.699951171875,1090.5,-0.016415578581597257,-0.017915578581597258,2026-08-11,2026-08-17,1108.699951171875,1072.5999755859375,-0.03256063603843451,-0.03406063603843451
2026-08-10,TATASTEEL,UNFAVORABLE,24583.80078125,,12.25,190.24000549316406,52.268894918585566,-0.007063004686553964,0.019940976464617923,1.6385225178858127,-0.014249442570731463,-0.0039790288316017275,0.610769339599051,0.5732759803295913,0.005637587584669865,0.015394264576820669,0.0067284200603277,0.010705715978819974,0.4,30,0.3423493638066903,184.5496482849121,191.31250018623987,193.16861047082162,0.18847581159237548,0.5146610081719647,False,"rr1,rr2,regime",True,True,True,True,False,False,True,True,True,False,False,"rr1,rr2,regime",True,True,True,True,False,False,True,True,True,False,False,"rr1,rr2,regime",True,True,True,True,False,False,True,True,True,False,REJECT,2026-08-11,2026-08-11,190.24000549316406,188.25,-0.010460499556890324,-0.011960499556890323,2026-08-11,2026-08-13,190.24000549316406,184.85000610351562,-0.028332628437829355,-0.029832628437829356,2026-08-11,2026-08-17,190.24000549316406,186.0,-0.022287664900831894,-0.023787664900831895
2026-08-10,TCS,UNFAVORABLE,24583.80078125,,12.25,2425.699951171875,60.52798516368317,0.0998258011701112,0.028822286702759145,0.5476537796345096,0.0052631376592933155,-0.019404131846006978,0.5822185507289639,0.5469455112122086,0.006509095026057044,0.008150706485436008,0.005741827644080488,0.005090591463051353,0.4,30,0.6144107561569484,2320.828622000558,2441.489062658755,2445.4711194956135,0.15055698837464787,0.18852787010490216,False,"rr1,rr2,regime",True,True,True,True,False,False,True,True,True,False,False,"rr1,rr2,regime",True,True,True,True,False,False,True,True,True,False,False,"rr1,rr2,regime",True,True,True,True,False,False,True,True,True,False,REJECT,2026-08-11,2026-08-11,2438.0,2445.699951171875,0.003158306469185801,0.001658306469185801,2026-08-11,2026-08-13,2438.0,2375.0,-0.025840853158326516,-0.027340853158326517,2026-08-11,2026-08-17,2438.0,2313.199951171875,-0.05118951961777074,-0.05268951961777074
2026-08-10,TECHM,UNFAVORABLE,24583.80078125,,12.25,1640.0,67.27737376031006,0.10018481484774022,0.0243728318696238,0.8832710481289499,-0.0060606060606061,-0.00545785324439052,0.5050928594230232,0.5102961496646753,0.002173394169004824,-0.002377510832396875,0.0006842526996285736,-0.00014993833306509163,0.4,30,0.31165522570871357,1580.0428336007255,1643.5643664371678,1640.0,0.059448547208377146,0.0,False,"p3,p5,er5,rr1,rr2,regime",False,False,True,False,False,False,True,True,True,False,False,"p3,p5,er5,rr1,rr2,regime",False,False,True,False,False,False,True,True,True,False,False,"p3,er5,rr1,rr2,regime",False,True,True,False,False,False,True,True,True,False,REJECT,2026-08-11,2026-08-11,1645.9000244140625,1643.0,-0.0017619687532934858,-0.003261968753293486,2026-08-11,2026-08-13,1645.9000244140625,1639.0,-0.004192250022305499,-0.005692250022305499,2026-08-11,2026-08-17,1645.9000244140625,1610.0,-0.02181178922264304,-0.023311789222643042
2026-08-10,TITAN,UNFAVORABLE,24583.80078125,,12.25,5090.0,74.97062993028183,0.12842475248588614,0.019308172756455234,3.945073249715387,0.03615342830120882,0.018000000000000016,0.4985533762641775,0.4477575369824322,-0.004964831008943709,-0.0009830467537695429,0.0006874134880321403,-0.0005296341775278268,0.4,30,0.7311754561905781,4942.582101004464,5090.0,5090.0,0.0,0.0,False,"p3,p5,er3,er5,rr1,rr2,regime",False,False,False,False,False,False,True,True,True,False,False,"p3,p5,er3,er5,rr1,rr2,regime",False,False,False,False,False,False,True,True,True,False,False,"p3,p5,er3,er5,rr1,rr2,regime",False,False,False,False,False,False,True,True,True,False,REJECT,2026-08-11,2026-08-11,5090.0,5128.0,0.007465618860510892,0.005965618860510892,2026-08-11,2026-08-13,5090.0,5063.7001953125,-0.005166955734282941,-0.0066669557342829405,2026-08-11,2026-08-17,5090.0,5068.5,-0.004223968565815306,-0.0057239685658153055
2026-08-10,TRENT,UNFAVORABLE,24583.80078125,,12.25,3025.0,52.31559714552776,0.009473024105690175,0.024819370526490556,0.8862640226547709,-0.03323745605624795,-0.008196721311475419,0.5446579299099865,0.6971884183030221,-0.0030363549988644623,0.010038029278201148,0.005020718123766255,0.021058657876506404,0.4,30,0.275148049931664,2912.3821062360494,3025.0,3055.3650385665587,0.0,0.2696288977860344,False,"er3,rr1,rr2,regime",True,True,False,True,False,False,True,True,True,False,False,"er3,rr1,rr2,regime",True,True,False,True,False,False,True,True,True,False,False,"er3,rr1,rr2,regime",True,True,False,True,False,False,True,True,True,False,REJECT,2026-08-11,2026-08-11,3024.5,3000.0,-0.008100512481401867,-0.009600512481401867,2026-08-11,2026-08-13,3024.5,2990.0,-0.011406844106463865,-0.012906844106463864,2026-08-11,2026-08-17,3024.5,2946.0,-0.025954703256736655,-0.027454703256736657
2026-08-10,ULTRACEMCO,UNFAVORABLE,24583.80078125,,12.25,12038.0,62.55854247450468,0.05871668323556789,0.016406236140585277,0.4515597486834347,-0.01246923707957337,-0.0013273602123776707,0.4554484382340323,0.4071430582483051,0.002666619344236211,-0.0015440744864769775,0.00030261080684629293,-0.0006140086374664122,0.4259882474898782,30,0.28341344920220246,11741.752594009451,12070.100763665914,12038.0,0.10835795695351438,0.0,False,"p3,p5,er5,rr1,rr2,regime",False,False,True,False,False,False,True,True,True,False,False,"p3,p5,er5,rr1,rr2,regime",False,False,True,False,False,False,True,True,True,False,False,"p3,p5,er5,rr1,rr2,regime",False,False,True,False,False,False,True,True,True,False,REJECT,2026-08-11,2026-08-11,12036.0,11780.0,-0.02126952475905619,-0.022769524759056192,2026-08-11,2026-08-13,12036.0,11706.0,-0.027417746759720862,-0.028917746759720864,2026-08-11,2026-08-17,12036.0,11681.0,-0.029494848786972394,-0.030994848786972395
2026-08-10,WIPRO,UNFAVORABLE,24583.80078125,,12.25,185.5,58.39639175622969,0.035260928668939595,0.02074681819513438,0.3527813486208613,-0.0079683696956655,-0.016749727556292004,0.6139505970650468,0.5855058679373756,0.007056167123462715,0.012085433673810198,0.008066888834436403,0.012918954249958814,0.4,30,0.4383339280434503,179.72719783720385,186.80891900140236,187.74184794649176,0.22673893275572807,0.38834657472583173,False,"rr1,rr2,regime",True,True,True,True,False,False,True,True,True,False,False,"rr1,rr2,regime",True,True,True,True,False,False,True,True,True,False,False,"rr1,rr2,regime",True,True,True,True,False,False,True,True,True,False,REJECT,2026-08-11,2026-08-11,185.5,184.60000610351562,-0.0048517191185141195,-0.006351719118514119,2026-08-11,2026-08-13,185.5,183.10000610351562,-0.012937972487786387,-0.014437972487786386,2026-08-11,2026-08-17,185.5,181.89999389648438,-0.01940704098930257,-0.020907040989302572
2026-08-10,APOLLOTYRE,UNFAVORABLE,24583.80078125,,12.25,445.95001220703125,62.85389823234505,0.052946172340863074,0.02237598351279492,0.880032026107107,0.0023601221059832422,0.021415496960159874,0.5413400694294885,0.5323278677240761,0.0020157832659423616,0.0008739180094584878,0.0019227353396553681,0.0004520583190338323,0.4,30,0.30555861200165113,430.9821570260184,446.848950779085,446.33973595401727,0.06005794158097321,0.026037380925518116,False,"er5,rr1,rr2,regime",True,True,True,False,False,False,True,True,True,False,False,"er5,rr1,rr2,regime",True,True,True,False,False,False,True,True,True,False,False,"er5,rr1,rr2,regime",True,True,True,False,False,False,True,True,True,False,REJECT,2026-08-11,2026-08-11,445.0,443.0,-0.004494382022471877,-0.005994382022471876,2026-08-11,2026-08-13,445.0,443.04998779296875,-0.004382049903441043,-0.005882049903441043,2026-08-11,2026-08-17,445.0,436.70001220703125,-0.01865165796172752,-0.02015165796172752
2026-08-10,AUROPHARMA,UNFAVORABLE,24583.80078125,,12.25,1648.0,63.218355668821324,0.07533336947722757,0.02692008580645642,1.138190775997389,0.021445379361825223,0.06001161108791364,0.6112326101285652,0.7074116594003456,0.00526712697080924,0.011808116443287416,0.008992384136572773,0.016501452486668677,0.4,30,0.35893989620098543,1581.4535478864398,1656.6802252478938,1667.4597758985378,0.13043858796681035,0.29242394268187427,False,"rr1,rr2,regime",True,True,True,True,False,False,True,True,True,False,False,"rr1,rr2,regime",True,True,True,True,False,False,True,True,True,False,False,"rr1,rr2,regime",True,True,True,True,False,False,True,True,True,False,REJECT,2026-08-11,2026-08-11,1648.0,1658.0,0.0060679611650484855,0.004567961165048486,2026-08-11,2026-08-13,1648.0,1663.4000244140625,0.009344675008533088,0.007844675008533088,2026-08-11,2026-08-17,1648.0,1627.199951171875,-0.012621388852017579,-0.014121388852017578
2026-08-10,BOSCHLTD,UNFAVORABLE,24583.80078125,,12.25,43505.0,66.88463372908807,0.08043996660015917,0.024782753543335263,1.4434381965218228,0.013630009319664405,0.0603217158176943,0.5684384837286652,0.750296294915681,0.002626665346434251,0.012084182540570247,0.003648561065287992,0.012927808122083273,0.4,30,0.40352229879963886,41887.7394606458,43619.27307589662,44030.722361427506,0.07065842090121845,0.3250696771699105,False,"rr1,rr2,regime",True,True,True,True,False,False,True,True,True,False,False,"rr1,rr2,regime",True,True,True,True,False,False,True,True,True,False,False,"rr1,rr2,regime",True,True,True,True,False,False,True,True,True,False,REJECT,2026-08-11,2026-08-11,44105.0,45185.0,0.02448701961228883,0.022987019612288828,2026-08-11,2026-08-13,44105.0,46750.0,0.05997052488380006,0.05847052488380006,2026-08-11,2026-08-17,44105.0,46970.0,0.06495862147148856,0.06345862147148856
2026-08-10,SAIL,UNFAVORABLE,24583.80078125,,12.25,172.4499969482422,53.41317433075428,-0.006137815472770702,0.03447790538301748,1.8129869383554196,-0.017378934767850795,0.04515149665601337,0.2501013737166827,0.18622559490623264,-0.025119122534415398,-0.03453754017299654,-0.02771792519804378,-0.03659020631703486,0.4495758241585588,30,0.43582429201938916,163.82749710083007,172.4499969482422,172.4499969482422,0.0,0.0,False,"p3,p5,er3,er5,rr1,rr2,regime",False,False,False,False,False,False,True,True,True,False,False,"p3,p5,er3,er5,rr1,rr2,regime",False,False,False,False,False,False,True,True,True,False,False,"p3,p5,er3,er5,rr1,rr2,regime",False,False,False,False,False,False,True,True,True,False,REJECT,2026-08-11,2026-08-11,171.5,173.0,0.008746355685131268,0.007246355685131269,2026-08-11,2026-08-13,171.5,168.67999267578125,-0.0164431913948615,-0.017943191394861502,2026-08-11,2026-08-17,171.5,173.60000610351562,0.012244933548196002,0.010744933548196002
2026-08-10,DLF,UNFAVORABLE,24583.80078125,,12.25,660.0,54.758920847946094,0.0495866443081292,0.02653430998037554,0.7739555205084853,0.016792520141790446,-0.012788853412733059,0.28256839173356463,0.3114150350822662,-0.010811215156194117,-0.012815926465962723,-0.011756181253641806,-0.020897658740519076,0.4,30,0.357012908055879,633.7310331194282,660.0,660.0,0.0,0.0,False,"p3,p5,er3,er5,rr1,rr2,regime",False,False,False,False,False,False,True,True,True,False,False,"p3,p5,er3,er5,rr1,rr2,regime",False,False,False,False,False,False,True,True,True,False,False,"p3,p5,er3,er5,rr1,rr2,regime",False,False,False,False,False,False,True,True,True,False,REJECT,2026-08-11,2026-08-11,658.0,650.0999755859375,-0.012006116130794053,-0.013506116130794053,2026-08-11,2026-08-13,658.0,664.0,0.00911854103343468,0.00761854103343468,2026-08-11,2026-08-17,658.0,671.0,0.019756838905775176,0.018256838905775175
2026-08-10,NAUKRI,UNFAVORABLE,24583.80078125,,12.25,1282.0,68.27860386071447,0.16388347970566963,0.029594899707843687,3.049989571130998,0.03220611916264082,0.010403492011264115,0.5491529747755687,0.5078390365058819,-0.0007498476595929737,-0.006727639211054868,0.0022521737700526012,-0.0002340064630889649,0.4,30,0.9920584372304565,1225.0890078618165,1282.0,1282.0,0.0,0.0,False,"p5,er3,er5,rr1,rr2,regime",True,False,False,False,False,False,True,True,True,False,False,"p5,er3,er5,rr1,rr2,regime",True,False,False,False,False,False,True,True,True,False,False,"p5,er3,er5,rr1,rr2,regime",True,False,False,False,False,False,True,True,True,False,REJECT,2026-08-11,2026-08-11,1297.0,1360.0,0.04857363145720894,0.04707363145720894,2026-08-11,2026-08-13,1297.0,1357.300048828125,0.046491942041730905,0.044991942041730904,2026-08-11,2026-08-17,1297.0,1355.800048828125,0.04533542700703541,0.04383542700703541
2026-08-11,ADANIENT,UNFAVORABLE,24471.69921875,,11.859999656677246,2995.5,43.15133581932641,-0.01825982595686304,0.02137014347786561,1.361226938925069,-0.010079312623926029,-0.01786885245901637,0.3691728323067328,0.3275173444962449,-0.011423119395169195,-0.017612337380957226,-0.007777242735357792,-0.022936072322394196,0.4,30,0.36166550806308434,2899.47860281808,2995.5,2995.5,0.0,0.0,False,"p3,p5,er3,er5,rr1,rr2,regime",False,False,False,False,False,False,True,True,True,False,False,"p3,p5,er3,er5,rr1,rr2,regime",False,False,False,False,False,False,True,True,True,False,False,"p3,p5,er3,er5,rr1,rr2,regime",False,False,False,False,False,False,True,True,True,False,REJECT,2026-08-12,2026-08-12,3020.0,2985.699951171875,-0.01135763206229301,-0.01285763206229301,2026-08-12,2026-08-14,3020.0,3035.10009765625,0.005000032336506699,0.003500032336506699,2026-08-12,2026-08-18,3020.0,3002.5,-0.005794701986754913,-0.007294701986754913
2026-08-11,ADANIPORTS,UNFAVORABLE,24471.69921875,,11.859999656677246,1668.199951171875,31.403007720058085,-0.068360900981704,0.022903216472440705,1.0268506306164322,-0.015811238246681403,-0.02255815380645243,0.5817819080870351,0.7156576407252843,0.006099016149005102,0.007988659680056942,0.008623698269210278,0.010093553357612084,0.4,30,0.22553345190322044,1610.8892342703684,1678.3743296138418,1681.5266328600746,0.17753011988058687,0.23253385071247146,False,"rr1,rr2,trend,regime",True,True,True,True,False,False,True,False,True,False,False,"rr1,rr2,trend,regime",True,True,True,True,False,False,True,False,True,False,False,"rr1,rr2,trend,regime",True,True,True,True,False,False,True,False,True,False,REJECT,2026-08-12,2026-08-12,1669.800048828125,1665.0,-0.0028746249178119854,-0.004374624917811985,2026-08-12,2026-08-14,1669.800048828125,1700.0,0.018085968552384202,0.0165859685523842,2026-08-12,2026-08-18,1669.800048828125,1682.4000244140625,0.007545799028320976,0.006045799028320977
2026-08-11,APOLLOHOSP,UNFAVORABLE,24471.69921875,,11.859999656677246,8740.3251953125,45.431301553613544,0.004477990423471523,0.017782659309078255,2.1049550802952126,-0.024959577096135388,-0.033093881611300446,0.643071497625048,0.6825996775030835,0.008346392714851533,0.007179214736274978,0.012190996071649307,0.009793645087080916,0.4,30,0.49273919283010764,8507.185857514307,8813.275381848089,8803.073866754523,0.3129038077595248,0.26914664867212823,False,"rr1,rr2,regime",True,True,True,True,False,False,True,True,True,False,False,"rr1,rr2,regime",True,True,True,True,False,False,True,True,True,False,False,"rr1,rr2,regime",True,True,True,True,False,False,True,True,True,False,REJECT,2026-08-12,2026-08-12,8740.325425339144,8587.00390625,-0.017541854751156993,-0.019041854751156995,2026-08-12,2026-08-14,8740.325425339144,8920.5,0.020614172344030735,0.019114172344030733,2026-08-12,2026-08-18,8740.325425339144,8817.0,0.00877250799364604,0.00727250799364604
2026-08-11,ASIANPAINT,UNFAVORABLE,24471.69921875,,11.859999656677246,2735.5,52.944402988118945,0.013631340650274826,0.022672789113703424,0.9293677427802159,-0.0070780399274047445,-0.0142342342342342,0.32197076719373247,0.5868916880247892,-0.0036229295641466482,0.001643876039392275,-0.0035740786207303366,0.0027588511503491286,0.4,30,0.19809787317828678,2642.4678780691966,2735.5,2739.996822905757,0.0,0.04833623927337592,False,"p3,er3,er5,rr1,rr2,regime",False,True,False,False,False,False,True,True,True,False,False,"p3,er3,er5,rr1,rr2,regime",False,True,False,False,False,False,True,True,True,False,False,"p3,er3,rr1,rr2,regime",False,True,False,True,False,False,True,True,True,False,REJECT,2026-08-12,2026-08-12,2733.199951171875,2740.0,0.0024879441495706534,0.0009879441495706533,2026-08-12,2026-08-14,2733.199951171875,2696.300048828125,-0.013500623080257568,-0.015000623080257567,2026-08-12,2026-08-18,2733.199951171875,2628.39990234375,-0.038343352370978745,-0.039843352370978746
2026-08-11,AXISBANK,UNFAVORABLE,24471.69921875,,11.859999656677246,1229.800048828125,39.03517446365806,-0.054650272082683804,0.016175698318136443,0.7219998379247629,-0.020859833735569322,-0.025360594992621444,0.5793498821869806,0.646600141985754,0.0008355088912983442,0.00658540250321692,0.0025652048152489115,0.009956115340435168,0.4,30,0.47505709112477057,1199.960736955915,1230.82755770344,1237.8987771481338,0.034434737627848946,0.2714113634621506,False,"er3,rr1,rr2,trend,regime",True,True,False,True,False,False,True,False,True,False,False,"er3,rr1,rr2,trend,regime",True,True,False,True,False,False,True,False,True,False,False,"rr1,rr2,trend,regime",True,True,True,True,False,False,True,False,True,False,REJECT,2026-08-12,2026-08-12,1230.0,1230.0,0.0,-0.0015,2026-08-12,2026-08-14,1230.0,1217.4000244140625,-0.010243882590193043,-0.011743882590193043,2026-08-12,2026-08-18,1230.0,1243.0,0.010569105691056846,0.009069105691056846
2026-08-11,BAJAJ-AUTO,UNFAVORABLE,24471.69921875,,11.859999656677246,11717.0,68.04577208612804,0.1145630403019604,0.021205452395176728,0.6052341015685067,0.008347676419965477,0.010086206896551708,0.3972407150340299,0.35818646623001277,-0.003713008202775611,-0.00015306871886526974,-0.011785849315808061,-0.018698222481748072,0.4,30,0.4130422306925847,11344.303571428572,11717.0,11717.0,0.0,0.0,False,"p3,p5,er3,er5,rr1,rr2,regime",False,False,False,False,False,False,True,True,True,False,False,"p3,p5,er3,er5,rr1,rr2,regime",False,False,False,False,False,False,True,True,True,False,False,"p3,p5,er3,er5,rr1,rr2,regime",False,False,False,False,False,False,True,True,True,False,REJECT,2026-08-12,2026-08-12,11729.0,11700.0,-0.0024725040497911577,-0.003972504049791157,2026-08-12,2026-08-14,11729.0,11700.0,-0.0024725040497911577,-0.003972504049791157,2026-08-12,2026-08-18,11729.0,11607.0,-0.01040156876119025,-0.01190156876119025
2026-08-11,BAJFINANCE,UNFAVORABLE,24471.69921875,,11.859999656677246,1093.300048828125,55.38556799808774,0.08462402973315752,0.03136637141446486,0.6190995549271534,-0.04498602184086031,-0.048476893970300305,0.7123177132966886,0.6561162170662762,0.005879382490381724,0.01325413734619898,0.006192406438636833,0.010460532897420882,0.4,30,0.6892453304670262,1041.8607657296316,1099.7279779919386,1107.790797835899,0.12496148423191866,0.2817058896413423,False,"rr1,rr2,regime",True,True,True,True,False,False,True,True,True,False,False,"rr1,rr2,regime",True,True,True,True,False,False,True,True,True,False,False,"rr1,rr2,regime",True,True,True,True,False,False,True,True,True,False,REJECT,2026-08-12,2026-08-12,1093.0,1094.199951171875,0.0010978510264181285,-0.00040214897358187155,2026-08-12,2026-08-14,1093.0,1087.0,-0.0054894784995425105,-0.00698947849954251,2026-08-12,2026-08-18,1093.0,1094.300048828125,0.0011894316817246953,-0.00031056831827530476
2026-08-11,BAJAJFINSV,UNFAVORABLE,24471.69921875,,11.859999656677246,2032.0,61.93804333515986,0.09767957385606785,0.024465687497528386,0.6867686975676953,-0.025886864813039256,-0.03467933491686459,0.39296811176107516,0.44717957800024044,-0.003674509394869247,0.0003928689007623517,-0.006144857262885828,-0.004541005197338188,0.4,30,0.5050508538074289,1957.4285845075333,2032.0,2032.7983096063492,0.0,0.010705303112153843,False,"p3,p5,er3,er5,rr1,rr2,regime",False,False,False,False,False,False,True,True,True,False,False,"p3,p5,er3,er5,rr1,rr2,regime",False,False,False,False,False,False,True,True,True,False,False,"p3,p5,er3,er5,rr1,rr2,regime",False,False,False,False,False,False,True,True,True,False,REJECT,2026-08-12,2026-08-12,2023.0,2020.5,-0.0012357884330203017,-0.0027357884330203018,2026-08-12,2026-08-14,2023.0,2008.300048828125,-0.0072664118496663654,-0.008766411849666365,2026-08-12,2026-08-18,2023.0,2011.199951171875,-0.005832945540348522,-0.007332945540348522
2026-08-11,BEL,UNFAVORABLE,24471.69921875,,11.859999656677246,405.2998046875,53.58795873188837,-0.00571065872797849,0.017458950486091744,0.5598267564422205,0.0166583328561678,0.036653948707701334,0.4009663862502638,0.4085044081282037,-0.0023808042561613025,-0.006130121128129573,-0.008107273029012985,-0.00893738700928104,0.4,30,0.27060844680585233,394.68564085440744,405.2998046875,405.2998046875,0.0,0.0,False,"p3,p5,er3,er5,rr1,rr2,regime",False,False,False,False,False,False,True,True,True,False,False,"p3,p5,er3,er5,rr1,rr2,regime",False,False,False,False,False,False,True,True,True,False,False,"p3,p5,er3,er5,rr1,rr2,regime",False,False,False,False,False,False,True,True,True,False,REJECT,2026-08-12,2026-08-12,405.44957498801335,405.1499938964844,-0.0007388861895781806,-0.0022388861895781807,2026-08-12,2026-08-14,405.44957498801335,410.79998779296875,0.013196247166157749,0.011696247166157749,2026-08-12,2026-08-18,405.44957498801335,412.0,0.01615595481184151,0.014655954811841511
2026-08-11,BHARTIARTL,UNFAVORABLE,24471.69921875,,11.859999656677246,1915.199951171875,48.660878071303884,0.01993955256935598,0.01774940831107404,1.1766873219319658,-0.016837807406634986,-0.02786661849368044,0.6728403272759331,0.7029875553090379,0.006457143724134524,0.010605839462456666,0.008198856498650708,0.013609580221466633,0.4,30,0.3475567130211624,1864.2094522758268,1927.5666725170472,1935.5122543925088,0.24252991464907292,0.3983546672497457,False,"rr1,rr2,regime",True,True,True,True,False,False,True,True,True,False,False,"rr1,rr2,regime",True,True,True,True,False,False,True,True,True,False,False,"rr1,rr2,regime",True,True,True,True,False,False,True,True,True,False,REJECT,2026-08-12,2026-08-12,1908.5999755859375,1945.0,0.019071583820432503,0.0175715838204325,2026-08-12,2026-08-14,1908.5999755859375,1992.0999755859375,0.04374934562930899,0.04224934562930899,2026-08-12,2026-08-18,1908.5999755859375,1934.199951171875,0.013412960239653327,0.011912960239653327
2026-08-11,BPCL,UNFAVORABLE,24471.69921875,,11.859999656677246,317.79998779296875,51.72724261328655,0.02573698597707308,0.020509305831387287,0.43765263039119934,-0.018226827901041243,-0.019135840145158234,0.45756397417432765,0.5564991519044283,0.00011798572228735843,0.00561651718648065,-0.001216809831433907,0.006128768468037227,0.4,30,0.25683259726940255,308.023202078683,317.8374836540714,319.5849168862713,0.0038351930990815066,0.18256808990856987,False,"p3,er3,rr1,rr2,regime",False,True,False,True,False,False,True,True,True,False,False,"p3,er3,rr1,rr2,regime",False,True,False,True,False,False,True,True,True,False,False,"p3,rr1,rr2,regime",False,True,True,True,False,False,True,True,True,False,REJECT,2026-08-12,2026-08-12,317.0,317.0,0.0,-0.0015,2026-08-12,2026-08-14,317.0,319.45001220703125,0.0077287451325906975,0.006228745132590698,2026-08-12,2026-08-18,317.0,310.29998779296875,-0.021135685195682208,-0.02263568519568221
2026-08-11,BRITANNIA,UNFAVORABLE,24471.69921875,,11.859999656677246,5598.0,65.60568761359968,0.06615973053749613,0.021532660774257834,1.0215755475796808,0.035899333826795,0.02190580503833517,0.3286763637242024,0.41714643996361994,-0.006134684949856045,-0.006657275282614962,-0.00263329750471869,-0.0018693722827550219,0.4,30,0.387009097268734,5417.190247478557,5598.0,5598.0,0.0,0.0,False,"p3,p5,er3,er5,rr1,rr2,regime",False,False,False,False,False,False,True,True,True,False,False,"p3,p5,er3,er5,rr1,rr2,regime",False,False,False,False,False,False,True,True,True,False,False,"p3,p5,er3,er5,rr1,rr2,regime",False,False,False,False,False,False,True,True,True,False,REJECT,2026-08-12,2026-08-12,5598.0,5645.5,0.008485173276170155,0.006985173276170155,2026-08-12,2026-08-14,5598.0,5558.0,-0.00714540907466954,-0.00864540907466954,2026-08-12,2026-08-18,5598.0,5495.0,-0.01839942836727404,-0.01989942836727404
2026-08-11,CIPLA,UNFAVORABLE,24471.69921875,,11.859999656677246,1463.0,55.73940340788123,0.02527921627986096,0.02021286983692999,0.6989441879826608,-0.009478672985781977,0.00205479452054802,0.327719532882613,0.26315809665617296,-0.005930572766113847,-0.007794687274252566,-0.0065697043738794925,-0.008144081642034673,0.415140831211301,30,0.28162934979537246,1418.642857142857,1463.0,1463.0,0.0,0.0,False,"p3,p5,er3,er5,rr1,rr2,regime",False,False,False,False,False,False,True,True,True,False,False,"p3,p5,er3,er5,rr1,rr2,regime",False,False,False,False,False,False,True,True,True,False,False,"p3,p5,er3,er5,rr1,rr2,regime",False,False,False,False,False,False,True,True,True,False,REJECT,2026-08-12,2026-08-12,1460.0,1463.0,0.00205479452054802,0.00055479452054802,2026-08-12,2026-08-14,1460.0,1450.0,-0.006849315068493178,-0.008349315068493178,2026-08-12,2026-08-18,1460.0,1431.0999755859375,-0.019794537269905876,-0.021294537269905878
2026-08-11,COALINDIA,UNFAVORABLE,24471.69921875,,11.859999656677246,412.6000061035156,39.1012504725007,-0.041830562080252265,0.01481368488494837,1.5334164032586082,-0.007218479201015149,-0.011973179901631936,0.29111213255758006,0.4305660349279774,-0.005650037712887261,-0.0043844415268194615,-0.004774590255762212,-0.002851524615262946,0.4,30,0.4804919221074556,403.43181639259774,412.6000061035156,412.6000061035156,0.0,0.0,False,"p3,p5,er3,er5,rr1,rr2,trend,regime",False,False,False,False,False,False,True,False,True,False,False,"p3,p5,er3,er5,rr1,rr2,trend,regime",False,False,False,False,False,False,True,False,True,False,False,"p3,p5,er3,er5,rr1,rr2,trend,regime",False,False,False,False,False,False,True,False,True,False,REJECT,2026-08-12,2026-08-12,412.6000061035156,409.29998779296875,-0.007998105336234351,-0.009498105336234351,2026-08-12,2026-08-14,412.6000061035156,407.1000061035156,-0.01333010159631487,-0.014830101596314869,2026-08-12,2026-08-18,412.6000061035156,406.8999938964844,-0.013814862149083895,-0.015314862149083895
2026-08-11,DRREDDY,UNFAVORABLE,24471.69921875,,11.859999656677246,1205.0,50.89449670921621,-0.03369128843196345,0.021819833191315946,1.7380760531146304,0.029035012809564442,0.027630927075426914,0.5122303086712039,0.5395448415495331,0.0020203253501467596,0.000922312435628638,-1.3733537000959473e-05,0.0028758026006258097,0.4,30,0.3761862562105414,1165.5606515066963,1207.4344920469268,1206.1113864849324,0.06172749145032612,0.028179636007959967,False,"p3,er5,rr1,rr2,trend,regime",False,True,True,False,False,False,True,False,True,False,False,"p3,er5,rr1,rr2,trend,regime",False,True,True,False,False,False,True,False,True,False,False,"p3,er5,rr1,rr2,trend,regime",False,True,True,False,False,False,True,False,True,False,REJECT,2026-08-12,2026-08-12,1206.800048828125,1200.0,-0.005634776726043622,-0.007134776726043622,2026-08-12,2026-08-14,1206.800048828125,1200.0,-0.005634776726043622,-0.007134776726043622,2026-08-12,2026-08-18,1206.800048828125,1178.800048828125,-0.02320185520972562,-0.02470185520972562
2026-08-11,EICHERMOT,UNFAVORABLE,24471.69921875,,11.859999656677246,8000.0,65.5255468637921,0.0707688280565495,0.01969237748748671,1.0812074599682233,0.004079071226859021,0.008191556395715116,0.4770276426950267,0.41230825535888255,-0.004074550702037824,-0.005789919964888264,-0.0032109599880216777,-0.007200512149222793,0.4,30,0.3694597836189869,7763.691470150159,8000.0,8000.0,0.0,0.0,False,"p3,p5,er3,er5,rr1,rr2,regime",False,False,False,False,False,False,True,True,True,False,False,"p3,p5,er3,er5,rr1,rr2,regime",False,False,False,False,False,False,True,True,True,False,False,"p3,p5,er3,er5,rr1,rr2,regime",False,False,False,False,False,False,True,True,True,False,REJECT,2026-08-12,2026-08-12,8000.5,8049.0,0.006062121117430097,0.0045621211174300975,2026-08-12,2026-08-14,8000.5,8066.5,0.008249484407224505,0.006749484407224506,2026-08-12,2026-08-18,8000.5,8018.5,0.0022498593837885217,0.0007498593837885217
2026-08-11,ETERNAL,UNFAVORABLE,24471.69921875,,11.859999656677246,318.0,66.44242136810769,0.14064758302990987,0.03109838549124691,0.6159978047816572,0.005533596837944632,0.017925756123321923,0.5916520346837966,0.7009876318857865,0.009941861087848251,0.028343464835497864,0.009798034986853166,0.02342158277231321,0.4,30,0.3395623911224902,303.1660701206752,321.16151182593575,327.0132218176883,0.2131270574726253,0.6076084955916329,False,"rr1,rr2,regime",True,True,True,True,False,False,True,True,True,False,False,"rr1,rr2,regime",True,True,True,True,False,False,True,True,True,False,False,"rr1,rr2,regime",True,True,True,True,False,False,True,True,True,False,REJECT,2026-08-12,2026-08-12,318.95001220703125,314.04998779296875,-0.015362985504079218,-0.01686298550407922,2026-08-12,2026-08-14,318.95001220703125,318.5,-0.0014109176667443935,-0.0029109176667443935,2026-08-12,2026-08-18,318.95001220703125,315.8999938964844,-0.00956268441390462,-0.01106268441390462
2026-08-11,GRASIM,UNFAVORABLE,24471.69921875,,11.859999656677246,3322.199951171875,62.0098131499354,0.05839147977393977,0.024488117138187073,1.2445591655325035,0.034953255816783546,0.06199793012449306,0.380696514487062,0.2841841990110701,-0.000680685529850887,-0.004438123677346171,-0.00653164403196288,-0.016933533176486992,0.4,30,0.3999675322365058,3200.1683188307106,3322.199951171875,3322.199951171875,0.0,0.0,False,"p3,p5,er3,er5,rr1,rr2,regime",False,False,False,False,False,False,True,True,True,False,False,"p3,p5,er3,er5,rr1,rr2,regime",False,False,False,False,False,False,True,True,True,False,False,"p3,p5,er3,er5,rr1,rr2,regime",False,False,False,False,False,False,True,True,True,False,REJECT,2026-08-12,2026-08-12,3325.10009765625,3307.800048828125,-0.005202865573977533,-0.006702865573977533,2026-08-12,2026-08-14,3325.10009765625,3248.699951171875,-0.022976795958180918,-0.02447679595818092,2026-08-12,2026-08-18,3325.10009765625,3278.699951171875,-0.013954511179101292,-0.015454511179101292
2026-08-11,HCLTECH,UNFAVORABLE,24471.69921875,,11.859999656677246,1365.4000244140625,69.8618452452489,0.14554143729928626,0.024618634370428612,0.5534777930563483,0.022771553868211614,-0.003284911248851774,0.6120887957754199,0.4809828927674293,0.0021554118631896334,0.0006840299692938651,0.004916894345033063,-0.002196064647429996,0.4,30,0.3236254138031154,1314.9785984584264,1368.343023824684,1366.3339989508363,0.05836803213798297,0.018523366189515784,False,"p5,er5,rr1,rr2,regime",True,False,True,False,False,False,True,True,True,False,False,"p5,er5,rr1,rr2,regime",True,False,True,False,False,False,True,True,True,False,False,"p5,er5,rr1,rr2,regime",True,False,True,False,False,False,True,True,True,False,REJECT,2026-08-12,2026-08-12,1370.0,1365.4000244140625,-0.003357646413093107,-0.004857646413093107,2026-08-12,2026-08-14,1370.0,1360.0,-0.007299270072992692,-0.008799270072992691,2026-08-12,2026-08-18,1370.0,1298.0,-0.052554744525547425,-0.05405474452554743
2026-08-11,HDFCBANK,UNFAVORABLE,24471.69921875,,11.859999656677246,729.0,33.77657733380556,-0.05465670529101729,0.013634139174413334,0.9646335837940728,-0.007217741905319319,-0.01752021563342321,0.6897909052710278,0.7204242318600023,0.00724873509377102,0.007072641663768579,0.011391878467099992,0.012704557747984735,0.4,30,0.5208299429257376,714.091068812779,734.2843278833591,734.1559557728873,0.354440423461641,0.34583000673493297,False,"rr1,rr2,trend,regime",True,True,True,True,False,False,True,False,True,False,False,"rr1,rr2,trend,regime",True,True,True,True,False,False,True,False,True,False,False,"rr1,rr2,trend,regime",True,True,True,True,False,False,True,False,True,False,REJECT,2026-08-12,2026-08-12,729.0,729.0,0.0,-0.0015,2026-08-12,2026-08-14,729.0,727.0,-0.002743484224965731,-0.0042434842249657306,2026-08-12,2026-08-18,729.0,723.0,-0.008230452674897082,-0.009730452674897081
2026-08-11,HDFCLIFE,UNFAVORABLE,24471.69921875,,11.859999656677246,536.0,37.585769278444374,-0.04965895318400659,0.01741736275809152,0.9457064309156873,-0.011981566820276512,9.326950616705965e-05,0.48287134571316975,0.4361056661006142,0.0013290531198399832,0.0046514350356259195,-0.001023762935189132,-0.0017509510319772548,0.4,30,0.37916953139986576,521.9964403424945,536.7123724722343,538.4931691790955,0.05087081354007481,0.17803824456585424,False,"p3,p5,er3,rr1,rr2,trend,regime",False,False,False,True,False,False,True,False,True,False,False,"p3,p5,rr1,rr2,trend,regime",False,False,True,True,False,False,True,False,True,False,False,"p3,p5,rr1,rr2,trend,regime",False,False,True,True,False,False,True,False,True,False,REJECT,2026-08-12,2026-08-12,536.0,537.0,0.001865671641791078,0.0003656716417910779,2026-08-12,2026-08-14,536.0,535.8499755859375,-0.00027989629489277856,-0.0017798962948927786,2026-08-12,2026-08-18,536.0,538.25,0.004197761194029814,0.0026977611940298143
2026-08-11,HEROMOTOCO,UNFAVORABLE,24471.69921875,,11.859999656677246,5865.5,78.3371662824697,0.17174636747178385,0.026121706474609648,0.991135644824715,0.056751643996036494,0.05722782984859398,0.6114435278677424,0.42787721590904115,0.004286399088807756,-0.0015462460637948971,0.00830130321349376,-0.0018160872769003578,0.4,30,0.45874524348732426,5635.674696009766,5890.641873855402,5865.5,0.1093955862078201,0.0,False,"p5,er5,rr1,rr2,rsi,regime",True,False,True,False,False,False,True,True,False,False,False,"p5,er5,rr1,rr2,rsi,regime",True,False,True,False,False,False,True,True,False,False,False,"p5,er5,rr1,rr2,regime",True,False,True,False,False,False,True,True,True,False,REJECT,2026-08-12,2026-08-12,5875.0,5895.0,0.0034042553191488967,0.0019042553191488966,2026-08-12,2026-08-14,5875.0,5790.0,-0.014468085106382977,-0.01596808510638298,2026-08-12,2026-08-18,5875.0,5745.5,-0.0220425531914894,-0.0235425531914894
2026-08-11,HINDALCO,UNFAVORABLE,24471.69921875,,11.859999656677246,1049.0999755859375,66.44355473590785,0.05875848174160825,0.020854618039361936,0.9698297819761246,0.0215189635695594,0.02852938782935044,0.7058994904632032,0.8389108330519031,0.015092546939398281,0.02661385450211333,0.016011998630268365,0.03358750720155668,0.496943358873717,30,0.45329847848659294,1016.2821066720145,1064.93356621159,1077.0205696943522,0.4824685803694917,0.8507741371521332,False,"rr1,rr2,regime",True,True,True,True,False,False,True,True,True,False,False,"rr1,rr2,regime",True,True,True,True,False,False,True,True,True,False,False,"rr1,rr2,regime",True,True,True,True,False,False,True,True,True,False,REJECT,2026-08-12,2026-08-12,1063.199951171875,1078.5,0.014390565773880093,0.012890565773880093,2026-08-12,2026-08-14,1063.199951171875,1029.5,-0.03169672001464108,-0.03319672001464108,2026-08-12,2026-08-18,1063.199951171875,1041.5999755859375,-0.0203160050582486,-0.0218160050582486
2026-08-11,HINDUNILVR,UNFAVORABLE,24471.69921875,,11.859999656677246,2064.89990234375,41.95859909727561,-0.03276649299105161,0.023186882957651582,0.5003631664347287,-0.007020965451430605,-0.01507278686203195,0.458611323935061,0.44330076424272385,0.004135923744887654,0.0022040264196845514,-0.0031399113931060985,-0.005707527620004038,0.4,30,0.6077257969332143,1993.0820138113838,2073.44017088067,2069.4509962825196,0.11891561714559593,0.063369921223993,False,"p3,p5,er5,rr1,rr2,trend,regime",False,False,True,False,False,False,True,False,True,False,False,"p3,p5,rr1,rr2,trend,regime",False,False,True,True,False,False,True,False,True,False,False,"p3,p5,rr1,rr2,trend,regime",False,False,True,True,False,False,True,False,True,False,REJECT,2026-08-12,2026-08-12,2065.0,2063.0,-0.0009685230024213398,-0.00246852300242134,2026-08-12,2026-08-14,2065.0,2077.0,0.005811138014527817,0.004311138014527817,2026-08-12,2026-08-18,2065.0,2035.0,-0.014527845036319653,-0.016027845036319655
2026-08-11,ICICIBANK,UNFAVORABLE,24471.69921875,,11.859999656677246,1429.5999755859375,54.432284500111926,0.03838671201284938,0.016478528739501633,0.8256125241591902,-0.019142383817538633,-0.017186855781383903,0.6864618411010414,0.568217401469194,0.006958435730216417,0.008214795460365831,0.003918274356457974,0.005527095080923861,0.5241151027791161,30,0.43633094684494284,1394.2634191604118,1439.547755135971,1441.34384697552,0.2815152509554588,0.33234340234406956,False,"rr1,rr2,regime",True,True,True,True,False,False,True,True,True,False,False,"rr1,rr2,regime",True,True,True,True,False,False,True,True,True,False,False,"rr1,rr2,regime",True,True,True,True,False,False,True,True,True,False,REJECT,2026-08-12,2026-08-12,1429.4000244140625,1431.699951171875,0.001609015473996056,0.00010901547399605601,2026-08-12,2026-08-14,1429.4000244140625,1417.0,-0.008674985450028538,-0.010174985450028538,2026-08-12,2026-08-18,1429.4000244140625,1412.0,-0.012172956567001014,-0.013672956567001014
2026-08-11,ICICIGI,UNFAVORABLE,24471.69921875,,11.859999656677246,1643.5,43.937338366289346,-0.04952311172044688,0.029666651118516123,0.30453069762655754,-0.008745476477683978,-0.0007903993127014175,0.7290982692339955,0.6744698999728869,0.012243247034851374,0.012359940693412709,0.0102189496438152,0.012655094869022943,0.40118172735533186,30,0.9736543088620837,1570.3642883300781,1663.6217765017784,1663.8135625296238,0.2751292910444705,0.2777516218246916,False,"rr1,rr2,trend,regime",True,True,True,True,False,False,True,False,True,False,False,"rr1,rr2,trend,regime",True,True,True,True,False,False,True,False,True,False,False,"rr1,rr2,trend,regime",True,True,True,True,False,False,True,False,True,False,REJECT,2026-08-12,2026-08-12,1646.699951171875,1635.0,-0.007105089888141847,-0.008605089888141846,2026-08-12,2026-08-14,1646.699951171875,1630.0,-0.0101414657600436,-0.0116414657600436,2026-08-12,2026-08-18,1646.699951171875,1623.800048828125,-0.013906542189093596,-0.015406542189093595
2026-08-11,ICICIPRULI,UNFAVORABLE,24471.69921875,,11.859999656677246,501.5,47.459102849742976,0.009275649376059958,0.019947307908862698,0.7391727902097054,-0.010848126232741673,-0.023464099073889133,0.6557690483181627,0.6903200679713662,0.004846621371431736,0.009349299249443383,0.008924558207147215,0.0114811374880458,0.4,30,0.28593920155748936,486.494637625558,503.93058061777305,506.1886735735958,0.1619808010710195,0.31246653406930186,False,"rr1,rr2,regime",True,True,True,True,False,False,True,True,True,False,False,"rr1,rr2,regime",True,True,True,True,False,False,True,True,True,False,False,"rr1,rr2,regime",True,True,True,True,False,False,True,True,True,False,REJECT,2026-08-12,2026-08-12,501.5,506.3999938964844,0.0097706757656717,0.0082706757656717,2026-08-12,2026-08-14,501.5,509.1499938964844,0.015254225117615983,0.013754225117615983,2026-08-12,2026-08-18,501.5,498.20001220703125,-0.006580234881293667,-0.008080234881293667
2026-08-11,INDUSINDBK,UNFAVORABLE,24471.69921875,,11.859999656677246,1008.9000244140625,51.25169393191728,0.03724679286129562,0.02308739014203648,0.6551520613893985,-0.0071836131718935325,-0.016666642871284165,0.5699216516621037,0.6556474185665749,0.0028583760897956073,0.0008550115968728709,0.003993926357240829,0.011497148966416293,0.4,30,0.25322747154242004,973.9607216971261,1011.7838401208418,1009.7626456350218,0.08253787232512176,0.02468913669937655,False,"er5,rr1,rr2,regime",True,True,True,False,False,False,True,True,True,False,False,"er5,rr1,rr2,regime",True,True,True,False,False,False,True,True,True,False,False,"er5,rr1,rr2,regime",True,True,True,False,False,False,True,True,True,False,REJECT,2026-08-12,2026-08-12,1009.0,1017.5,0.00842418235877096,0.00692418235877096,2026-08-12,2026-08-14,1009.0,1020.7999877929688,0.011694735176381421,0.010194735176381422,2026-08-12,2026-08-18,1009.0,1015.0,0.005946481665014769,0.004446481665014769
2026-08-11,INFY,UNFAVORABLE,24471.69921875,,11.859999656677246,1190.699951171875,64.60258258909737,0.08023824208149,0.0274088497252865,0.7396342355101273,0.02206004392435612,0.019871478519807306,0.5407353382695628,0.5425219052708962,0.000807886817015528,0.004332240460644231,0.002771435245292553,0.006481170535479697,0.4,30,0.5635759011713446,1141.746377127511,1191.661901965448,1195.858349676829,0.01965026685694355,0.10537327673520269,False,"er3,rr1,rr2,regime",True,True,False,True,False,False,True,True,True,False,False,"er3,rr1,rr2,regime",True,True,False,True,False,False,True,True,True,False,False,"rr1,rr2,regime",True,True,True,True,False,False,True,True,True,False,REJECT,2026-08-12,2026-08-12,1185.5999755859375,1176.0999755859375,-0.00801282067782183,-0.00951282067782183,2026-08-12,2026-08-14,1185.5999755859375,1169.199951171875,-0.013832679446503349,-0.015332679446503348,2026-08-12,2026-08-18,1185.5999755859375,1115.0,-0.05954788886618034,-0.061047888866180344
2026-08-11,ITC,UNFAVORABLE,24471.69921875,,11.859999656677246,279.0,40.43749484244894,-0.020636830518734328,0.017716336970566116,0.8342054951987365,-0.024134291863548096,-0.03460207612456745,0.4098389916017802,0.3971564953552777,-0.0024401733792170795,-0.002334525711068621,-0.0019735110950468426,-0.0039094684504365484,0.4,30,0.3349975644781893,271.5857129778181,279.0,279.0,0.0,0.0,False,"p3,p5,er3,er5,rr1,rr2,trend,regime",False,False,False,False,False,False,True,False,True,False,False,"p3,p5,er3,er5,rr1,rr2,regime",False,False,False,False,False,False,True,True,True,False,False,"p3,p5,er3,er5,rr1,rr2,regime",False,False,False,False,False,False,True,True,True,False,REJECT,2026-08-12,2026-08-12,279.0,276.1499938964844,-0.01021507563984092,-0.01171507563984092,2026-08-12,2026-08-14,279.0,278.20001220703125,-0.002867339759744625,-0.0043673397597446244,2026-08-12,2026-08-18,279.0,270.0,-0.032258064516129004,-0.033758064516129005
2026-08-11,JIOFIN,UNFAVORABLE,24471.69921875,,11.859999656677246,252.75,55.890588373201794,0.048990839748672466,0.024708214655546405,0.27454576403591097,-0.037088899373314055,-0.04399270895581564,0.4398643695131362,0.48562097801021903,-0.0064557520951941845,-0.00976316950835128,-0.0030268762309537123,-0.010371043428400506,0.4,30,0.5522072984275653,243.38249811871597,252.75,252.75,0.0,0.0,False,"p3,p5,er3,er5,rr1,rr2,regime",False,False,False,False,False,False,True,True,True,False,False,"p3,p5,er3,er5,rr1,rr2,regime",False,False,False,False,False,False,True,True,True,False,False,"p3,p5,er3,er5,rr1,rr2,regime",False,False,False,False,False,False,True,True,True,False,REJECT,2026-08-12,2026-08-12,252.75,256.04998779296875,0.013056331525098885,0.011556331525098886,2026-08-12,2026-08-14,252.75,249.0500030517578,-0.014638959241314309,-0.01613895924131431,2026-08-12,2026-08-18,252.75,245.8000030517578,-0.02749751512657639,-0.02899751512657639
2026-08-11,JSWSTEEL,UNFAVORABLE,24471.69921875,,11.859999656677246,1283.4000244140625,53.691807175942785,0.019591746954213063,0.021343987891834004,0.8370311964475756,-0.01873231863496294,-0.012769211989182683,0.5163521120415001,0.5880424718363865,0.002261376088510375,0.007264908825197631,0.0007037493882508516,0.00796458258401156,0.4,30,0.20656316163213057,1242.3107125418526,1286.3022745412661,1292.7238085776871,0.07063272649174017,0.22691507204165692,False,"p3,rr1,rr2,regime",False,True,True,True,False,False,True,True,True,False,False,"p3,rr1,rr2,regime",False,True,True,True,False,False,True,True,True,False,False,"p3,rr1,rr2,regime",False,True,True,True,False,False,True,True,True,False,REJECT,2026-08-12,2026-08-12,1285.9000244140625,1269.0999755859375,-0.013064817255742822,-0.014564817255742822,2026-08-12,2026-08-14,1285.9000244140625,1270.0,-0.012364899379566863,-0.013864899379566862,2026-08-12,2026-08-18,1285.9000244140625,1267.5999755859375,-0.014231315406081912,-0.015731315406081914
2026-08-11,KOTAKBANK,UNFAVORABLE,24471.69921875,,11.859999656677246,392.8999938964844,53.32544017733491,0.0066812332167824895,0.015471046420950912,0.6207870309426942,-0.002791893663745215,-0.012814085687225196,0.43181976179150483,0.5905345644475607,-0.0009640925512244419,-0.0016779986471498832,-0.002477270104622231,0.010134675650868896,0.4,30,0.3450691749757492,383.78213282993863,392.8999938964844,392.8999938964844,0.0,0.0,False,"p3,er3,er5,rr1,rr2,regime",False,True,False,False,False,False,True,True,True,False,False,"p3,er3,er5,rr1,rr2,regime",False,True,False,False,False,False,True,True,True,False,False,"p3,er3,er5,rr1,rr2,regime",False,True,False,False,False,False,True,True,True,False,REJECT,2026-08-12,2026-08-12,391.0,390.5,-0.0012787723785165905,-0.0027787723785165906,2026-08-12,2026-08-14,391.0,391.1499938964844,0.00038361610354065157,-0.0011163838964593485,2026-08-12,2026-08-18,391.0,387.6499938964844,-0.008567790546075815,-0.010067790546075815
2026-08-11,LT,UNFAVORABLE,24471.69921875,,11.859999656677246,4037.39990234375,57.93659418111804,0.011164512278151184,0.01560233544600296,0.7712356672767968,-0.006007224922707555,0.011879674772869775,0.5438256735806852,0.5540855844480027,-0.00047071446064215485,-0.005283443683915786,0.0011217684474318368,0.00047908368516491606,0.4,30,0.2777877984448724,3942.91060093471,4037.39990234375,4037.39990234375,0.0,0.0,False,"er3,er5,rr1,rr2,regime",True,True,False,False,False,False,True,True,True,False,False,"er3,er5,rr1,rr2,regime",True,True,False,False,False,False,True,True,True,False,False,"er3,er5,rr1,rr2,regime",True,True,False,False,False,False,True,True,True,False,REJECT,2026-08-12,2026-08-12,4038.0,4020.0,-0.004457652303120341,-0.00595765230312034,2026-08-12,2026-08-14,4038.0,4057.0,0.004705299653293693,0.003205299653293693,2026-08-12,2026-08-18,4038.0,4064.300048828125,0.006513137401714886,0.005013137401714886
2026-08-11,M&M,UNFAVORABLE,24471.69921875,,11.859999656677246,3460.10009765625,63.94081752977862,0.09520871193320812,0.02535020616787015,0.8805634119931386,0.015883763257853678,0.007893998734707308,0.44452927830134226,0.41430566058933926,0.0030174480123661843,0.009478237091209098,-0.0038187219411478512,-0.01013889810252383,0.4,30,0.2983993709926195,3328.5287214006694,3470.540769818511,3492.895746741152,0.0793536744799233,0.2492612756531145,False,"p3,p5,rr1,rr2,regime",False,False,True,True,False,False,True,True,True,False,False,"p3,p5,rr1,rr2,regime",False,False,True,True,False,False,True,True,True,False,False,"p3,p5,rr1,rr2,regime",False,False,True,True,False,False,True,True,True,False,REJECT,2026-08-12,2026-08-12,3460.0,3403.60009765625,-0.016300549810332354,-0.017800549810332356,2026-08-12,2026-08-14,3460.0,3428.300048828125,-0.009161835598807788,-0.010661835598807788,2026-08-12,2026-08-18,3460.0,3421.5,-0.011127167630057833,-0.012627167630057832
2026-08-11,MARUTI,UNFAVORABLE,24471.69921875,,11.859999656677246,13990.0,56.469599183303885,0.029325720979734182,0.018379164835227706,0.7939454285930676,0.0035868005738881603,-0.002646657814769582,0.755340377552138,0.7318833112170772,0.008229728411624499,0.018341122721326146,0.0056990489623087726,0.0137864986488202,0.4,30,0.21936925439365076,13604.313225932747,14105.133900478626,14246.592306871353,0.2985165896784154,0.6652867666823599,False,"rr1,rr2,regime",True,True,True,True,False,False,True,True,True,False,False,"rr1,rr2,regime",True,True,True,True,False,False,True,True,True,False,False,"rr1,rr2,regime",True,True,True,True,False,False,True,True,True,False,REJECT,2026-08-12,2026-08-12,13990.0,13875.0,-0.008220157255182325,-0.009720157255182325,2026-08-12,2026-08-14,13990.0,13834.0,-0.011150822015725481,-0.01265082201572548,2026-08-12,2026-08-18,13990.0,13691.0,-0.021372408863473913,-0.022872408863473914
2026-08-11,NESTLEIND,UNFAVORABLE,24471.69921875,,11.859999656677246,1493.199951171875,53.04632431812276,0.03677300542860529,0.02665894650901715,0.7712004860389967,-0.02723130216815961,-0.017631611071134867,0.49618596068508053,0.662724531628788,-0.00011628275711418428,0.003979553515337362,3.919776746136305e-05,0.006980531909711596,0.4,30,0.5670852222033389,1433.4892447335378,1493.199951171875,1499.1422202866625,0.0,0.09951764883110181,False,"p3,er3,er5,rr1,rr2,regime",False,True,False,False,False,False,True,True,True,False,False,"p3,er3,rr1,rr2,regime",False,True,False,True,False,False,True,True,True,False,False,"p3,er3,rr1,rr2,regime",False,True,False,True,False,False,True,True,True,False,REJECT,2026-08-12,2026-08-12,1503.0,1507.0,0.0026613439787093185,0.0011613439787093185,2026-08-12,2026-08-14,1503.0,1499.0999755859375,-0.002594826622796087,-0.004094826622796087,2026-08-12,2026-08-18,1503.0,1462.5,-0.026946107784431184,-0.028446107784431185
2026-08-11,NTPC,UNFAVORABLE,24471.69921875,,11.859999656677246,338.45001220703125,38.76443686355056,-0.038190983104621545,0.017305784150954674,1.0494393042744037,-0.018985471863677494,-0.015131621655199212,0.7723093674893287,0.6348612018214799,0.008053343625551478,0.007878043437586989,0.008621092462163582,0.010006902216861291,0.6054296448787311,30,0.2617515458586476,329.664297921317,341.17566645540654,341.1163361046501,0.31023706892076525,0.3034840208671851,False,"rr1,rr2,trend,regime",True,True,True,True,False,False,True,False,True,False,False,"rr1,rr2,trend,regime",True,True,True,True,False,False,True,False,True,False,False,"rr1,rr2,trend,regime",True,True,True,True,False,False,True,False,True,False,REJECT,2026-08-12,2026-08-12,338.45001220703125,339.45001220703125,0.002954646074553313,0.0014546460745533132,2026-08-12,2026-08-14,338.45001220703125,340.0,0.004579665348100503,0.0030796653481005034,2026-08-12,2026-08-18,338.45001220703125,337.1000061035156,-0.003988790234375372,-0.005488790234375372
2026-08-11,ONGC,UNFAVORABLE,24471.69921875,,11.859999656677246,239.4499969482422,40.95714171927769,-0.024352685971228638,0.018781133030305968,1.39773666678326,0.006938578113160343,-0.01053720269321412,0.6130800349459429,0.5523997007295319,0.008388533441238483,0.01241496131070275,0.0044859884238004355,0.007445590536363622,0.4,30,0.4116741775878378,232.70428357805525,241.458631255147,242.4227593962025,0.29776455011890723,0.44068911393398574,False,"rr1,rr2,trend,regime",True,True,True,True,False,False,True,False,True,False,False,"rr1,rr2,regime",True,True,True,True,False,False,True,True,True,False,False,"rr1,rr2,regime",True,True,True,True,False,False,True,True,True,False,REJECT,2026-08-12,2026-08-12,240.0,239.0500030517578,-0.003958320617675759,-0.005458320617675759,2026-08-12,2026-08-14,240.0,236.39999389648438,-0.015000025431315067,-0.01650002543131507,2026-08-12,2026-08-18,240.0,239.5,-0.002083333333333326,-0.003583333333333326
2026-08-11,POWERGRID,UNFAVORABLE,24471.69921875,,11.859999656677246,267.95001220703125,29.67997189074326,-0.059025519306759366,0.01952657137006307,0.8362565395987,-0.010341598496652837,-0.054516520896949805,0.6079625415977946,0.6618614368290863,0.0051709255047445715,0.006269636012393129,0.003548623566691167,0.007372835690573676,0.4249917422562068,30,0.31310379720726556,260.1017946515765,269.3355617591492,269.62996125308564,0.17654321409004958,0.2140548518417115,False,"rr1,rr2,trend,regime",True,True,True,True,False,False,True,False,True,False,False,"rr1,rr2,trend,regime",True,True,True,True,False,False,True,False,True,False,False,"rr1,rr2,trend,regime",True,True,True,True,False,False,True,False,True,False,REJECT,2026-08-12,2026-08-12,267.95001220703125,269.45001220703125,0.005598059084397589,0.004098059084397589,2026-08-12,2026-08-14,267.95001220703125,266.04998779296875,-0.007090965954479778,-0.008590965954479777,2026-08-12,2026-08-18,267.95001220703125,268.0,0.00018655641235842957,-0.0013134435876415705
2026-08-11,RELIANCE,UNFAVORABLE,24471.69921875,,11.859999656677246,1323.9000244140625,55.448012606690064,0.01777934713192164,0.01620751323113313,0.8225987823102836,-0.0008301702535377098,0.025563559823293502,0.3362681950590742,0.3636495609368771,-0.008338193378577715,-0.013490605689851214,-0.00869777536889843,-0.012318247391494175,0.41174197133884244,30,0.35563676378918274,1291.7143336704798,1323.9000244140625,1323.9000244140625,0.0,0.0,False,"p3,p5,er3,er5,rr1,rr2,regime",False,False,False,False,False,False,True,True,True,False,False,"p3,p5,er3,er5,rr1,rr2,regime",False,False,False,False,False,False,True,True,True,False,False,"p3,p5,er3,er5,rr1,rr2,regime",False,False,False,False,False,False,True,True,True,False,REJECT,2026-08-12,2026-08-12,1323.9000244140625,1329.0,0.003852236189960445,0.002352236189960445,2026-08-12,2026-08-14,1323.9000244140625,1310.0,-0.010499300670543055,-0.011999300670543054,2026-08-12,2026-08-18,1323.9000244140625,1322.0,-0.0014351721270671192,-0.002935172127067119
2026-08-11,SBILIFE,UNFAVORABLE,24471.69921875,,11.859999656677246,1837.5999755859375,46.90691180772963,0.013292560686354538,0.02125832427974391,1.224109458068342,-0.012839121361301387,-0.032332819596662676,0.5351112945415307,0.35802729382713727,-0.0010985504734835724,-0.003273951665940731,0.0011501990341106216,-0.002909743052713798,0.4,30,0.3073544786412829,1779.0035313197543,1837.5999755859375,1837.5999755859375,0.0,0.0,False,"p3,p5,er3,er5,rr1,rr2,regime",False,False,False,False,False,False,True,True,True,False,False,"p5,er3,er5,rr1,rr2,regime",True,False,False,False,False,False,True,True,True,False,False,"p5,er3,er5,rr1,rr2,regime",True,False,False,False,False,False,True,True,True,False,REJECT,2026-08-12,2026-08-12,1840.800048828125,1830.0,-0.005867040711456162,-0.007367040711456161,2026-08-12,2026-08-14,1840.800048828125,1795.0,-0.02488051261041735,-0.02638051261041735,2026-08-12,2026-08-18,1840.800048828125,1778.0,-0.034115627532769977,-0.03561562753276998
2026-08-11,SBIN,UNFAVORABLE,24471.69921875,,11.859999656677246,1066.0,57.87980036729234,0.035075065306290565,0.01961941234677575,0.8331109473974749,-0.017511520737327202,0.022345880808700924,0.5334980851958315,0.4582110173376724,0.0021437530873446766,-0.003206621621260326,0.0063132210571551495,-0.00016151387302953957,0.4,30,0.36236611408043795,1034.6285596575055,1068.2852407911096,1066.0,0.0728446244788474,0.0,False,"p3,p5,er5,rr1,rr2,regime",False,False,True,False,False,False,True,True,True,False,False,"p5,er5,rr1,rr2,regime",True,False,True,False,False,False,True,True,True,False,False,"p5,er5,rr1,rr2,regime",True,False,True,False,False,False,True,True,True,False,REJECT,2026-08-12,2026-08-12,1066.0,1082.0,0.015009380863039379,0.01350938086303938,2026-08-12,2026-08-14,1066.0,1067.699951171875,0.0015947009117025512,9.470091170255121e-05,2026-08-12,2026-08-18,1066.0,1053.0,-0.012195121951219523,-0.013695121951219523
2026-08-11,SHRIRAMFIN,UNFAVORABLE,24471.69921875,,11.859999656677246,1129.9000244140625,64.10220430818379,0.10556889046096418,0.02902280149547666,0.6394656037444758,-0.009728287104239675,0.03917959502701307,0.5007277168497108,0.4457376877109581,-0.011118897943014166,-0.010365864918918727,-0.0030090858043734237,-0.005790103396380641,0.4,30,0.20991427397281057,1080.710728236607,1129.9000244140625,1129.9000244140625,0.0,0.0,False,"p3,p5,er3,er5,rr1,rr2,regime",False,False,False,False,False,False,True,True,True,False,False,"p3,p5,er3,er5,rr1,rr2,regime",False,False,False,False,False,False,True,True,True,False,False,"p3,p5,er3,er5,rr1,rr2,regime",False,False,False,False,False,False,True,True,True,False,REJECT,2026-08-12,2026-08-12,1135.5,1117.199951171875,-0.016116291350176115,-0.017616291350176116,2026-08-12,2026-08-14,1135.5,1122.0,-0.011889035667106973,-0.013389035667106973,2026-08-12,2026-08-18,1135.5,1108.4000244140625,-0.023866116764365897,-0.025366116764365898
2026-08-11,SUNPHARMA,UNFAVORABLE,24471.69921875,,11.859999656677246,1942.0,51.166881583056984,0.026348584958096444,0.017985871631958493,0.8474284105391905,-0.0046130189646335085,-0.011201629327902252,0.42100624209402576,0.473572630181428,-0.0038851600947530035,-0.0016039369191682604,-0.0009242550485947243,-0.002393939037478421,0.4,30,0.298867567086897,1889.6071559361048,1942.0,1942.0,0.0,0.0,False,"p3,p5,er3,er5,rr1,rr2,regime",False,False,False,False,False,False,True,True,True,False,False,"p3,p5,er3,er5,rr1,rr2,regime",False,False,False,False,False,False,True,True,True,False,False,"p3,p5,er3,er5,rr1,rr2,regime",False,False,False,False,False,False,True,True,True,False,REJECT,2026-08-12,2026-08-12,1942.0,1944.0,0.001029866117404632,-0.00047013388259536807,2026-08-12,2026-08-14,1942.0,1930.0,-0.006179196704428458,-0.0076791967044284575,2026-08-12,2026-08-18,1942.0,1875.0999755859375,-0.0344490341987963,-0.035949034198796304
2026-08-11,TATACONSUM,UNFAVORABLE,24471.69921875,,11.859999656677246,1078.0,44.719692730797206,-0.023702830634022898,0.023529036557551185,1.315994312269033,-0.011009174311926606,-0.012820512820512775,0.6392601028702869,0.483232812296621,0.004900730904414289,0.005433906767900637,0.006670376749767559,0.000322178132859785,0.4,30,0.2965691712460481,1039.9535478864398,1083.2829879149585,1083.8577514957967,0.138856256535826,0.15396314690033722,False,"p5,rr1,rr2,trend,regime",True,False,True,True,False,False,True,False,True,False,False,"p5,rr1,rr2,regime",True,False,True,True,False,False,True,True,True,False,False,"p5,rr1,rr2,regime",True,False,True,True,False,False,True,True,True,False,REJECT,2026-08-12,2026-08-12,1077.0,1061.9000244140625,-0.014020404443767398,-0.015520404443767398,2026-08-12,2026-08-14,1077.0,1079.5,0.002321262766945109,0.0008212627669451091,2026-08-12,2026-08-18,1077.0,1061.5999755859375,-0.014299001312964243,-0.015799001312964245
2026-08-11,TATASTEEL,UNFAVORABLE,24471.69921875,,11.859999656677246,188.25,48.342923524556994,-0.015590212998949582,0.020417377180267027,1.0387800222150434,-0.005546767220446003,-0.014139811423898752,0.45264320190686025,0.6200260474077235,0.005458216660884001,0.016723662604235398,-0.002430692161914938,0.008922097108820526,0.4,30,0.31618978321323665,182.48464311872212,189.27750928641143,191.3982294852473,0.17822128058509437,0.5460597756698626,False,"p3,rr1,rr2,regime",False,True,True,True,False,False,True,True,True,False,False,"p3,rr1,rr2,regime",False,True,True,True,False,False,True,True,True,False,False,"p3,rr1,rr2,regime",False,True,True,True,False,False,True,True,True,False,REJECT,2026-08-12,2026-08-12,188.35000610351562,186.1999969482422,-0.011414967271579535,-0.012914967271579534,2026-08-12,2026-08-14,188.35000610351562,183.5,-0.025749965204939218,-0.02724996520493922,2026-08-12,2026-08-18,188.35000610351562,185.5,-0.015131436215347294,-0.016631436215347295
2026-08-11,TCS,UNFAVORABLE,24471.69921875,,11.859999656677246,2445.699951171875,61.891914201868644,0.10877181996535934,0.02873554137481269,0.39446893385033666,0.030636304750052634,-0.005813027978912588,0.5117289100940343,0.5078973993093582,0.004696183633981627,0.0057684055567127955,-0.0010688694085236317,0.0012508786110245196,0.4,30,0.7386645422087814,2340.2821829659597,2457.185407256198,2459.8077403602674,0.10895180461312683,0.13382743183137116,False,"p3,p5,rr1,rr2,regime",False,False,True,True,False,False,True,True,True,False,False,"p3,p5,rr1,rr2,regime",False,False,True,True,False,False,True,True,True,False,False,"p3,p5,rr1,rr2,regime",False,False,True,True,False,False,True,True,True,False,REJECT,2026-08-12,2026-08-12,2445.699951171875,2349.699951171875,-0.03925256651127662,-0.04075256651127662,2026-08-12,2026-08-14,2445.699951171875,2361.0,-0.034632192363290626,-0.03613219236329063,2026-08-12,2026-08-18,2445.699951171875,2280.0,-0.06775154535718031,-0.06925154535718031
2026-08-11,TECHM,UNFAVORABLE,24471.69921875,,11.859999656677246,1643.0,67.75616213437662,0.10055238956972823,0.024137040053582297,0.6014555396016198,0.006616866285512835,-0.0033363663936912813,0.39437513170693766,0.3968896801740229,-0.0021457833888718974,-0.007936172059736221,-0.004555835910036332,-0.01184172937407535,0.4,30,0.32325807362403497,1583.5142647879463,1643.0,1643.0,0.0,0.0,False,"p3,p5,er3,er5,rr1,rr2,regime",False,False,False,False,False,False,True,True,True,False,False,"p3,p5,er3,er5,rr1,rr2,regime",False,False,False,False,False,False,True,True,True,False,False,"p3,p5,er3,er5,rr1,rr2,regime",False,False,False,False,False,False,True,True,True,False,REJECT,2026-08-12,2026-08-12,1654.0,1625.0,-0.017533252720677184,-0.019033252720677185,2026-08-12,2026-08-14,1654.0,1632.800048828125,-0.0128173828125,-0.0143173828125,2026-08-12,2026-08-18,1654.0,1592.0,-0.037484885126964906,-0.03898488512696491
2026-08-11,TITAN,UNFAVORABLE,24471.69921875,,11.859999656677246,5128.0,76.28746940310315,0.13151486677181778,0.019443676045032873,1.6977553284906153,0.02601040416166467,0.03910840932117532,0.5336785481847978,0.47378619339807365,-0.0032452846989846303,-0.0026612001330031543,0.0004947818400512505,-0.0010538394189450462,0.4,30,0.520027570423341,4978.439243861607,5128.0,5128.0,0.0,0.0,False,"p3,p5,er3,er5,rr1,rr2,rsi,regime",False,False,False,False,False,False,True,True,False,False,False,"p5,er3,er5,rr1,rr2,regime",True,False,False,False,False,False,True,True,True,False,False,"p5,er3,er5,rr1,rr2,regime",True,False,False,False,False,False,True,True,True,False,REJECT,2026-08-12,2026-08-12,5128.0,5099.0,-0.005655226209048347,-0.007155226209048347,2026-08-12,2026-08-14,5128.0,5056.2001953125,-0.014001521974941533,-0.015501521974941533,2026-08-12,2026-08-18,5128.0,5048.60009765625,-0.015483600301043343,-0.016983600301043345
2026-08-11,TRENT,UNFAVORABLE,24471.69921875,,11.859999656677246,3000.0,49.84756361739924,-0.00018569142374935677,0.02469286528087798,0.532689283256377,-0.034469471304460986,-0.034655839644770925,0.5524343057123765,0.6791677806458346,0.005462831834355224,0.015939295674621316,0.010419676823044788,0.00934125456648005,0.4,30,0.30561347612002526,2888.882106236049,3016.3884955030658,3047.817887023864,0.1474874563216616,0.43033471391605005,False,"rr1,rr2,regime",True,True,True,True,False,False,True,True,True,False,False,"rr1,rr2,regime",True,True,True,True,False,False,True,True,True,False,False,"rr1,rr2,regime",True,True,True,True,False,False,True,True,True,False,REJECT,2026-08-12,2026-08-12,3000.0,2987.0,-0.0043333333333333,-0.0058333333333333,2026-08-12,2026-08-14,3000.0,2978.0,-0.007333333333333303,-0.008833333333333302,2026-08-12,2026-08-18,3000.0,2942.10009765625,-0.01929996744791662,-0.020799967447916623
2026-08-11,ULTRACEMCO,UNFAVORABLE,24471.69921875,,11.859999656677246,11780.0,51.72279641286991,0.03450065410208358,0.016955474390532795,0.6238855631741658,-0.02443064182194621,-0.02240663900414941,0.5221406672576799,0.49479467018485046,-0.0013434392367084483,-0.005343689450034506,0.00043630304398278863,-0.0008216587047330526,0.4,30,0.27886652499536935,11480.396767519285,11780.0,11780.0,0.0,0.0,False,"p3,p5,er3,er5,rr1,rr2,regime",False,False,False,False,False,False,True,True,True,False,False,"p3,p5,er3,er5,rr1,rr2,regime",False,False,False,False,False,False,True,True,True,False,False,"p5,er3,er5,rr1,rr2,regime",True,False,False,False,False,False,True,True,True,False,REJECT,2026-08-12,2026-08-12,11790.0,11891.0,0.00856658184902459,0.007066581849024591,2026-08-12,2026-08-14,11790.0,11619.0,-0.01450381679389312,-0.016003816793893122,2026-08-12,2026-08-18,11790.0,11499.0,-0.024681933842239157,-0.026181933842239158
2026-08-11,WIPRO,UNFAVORABLE,24471.69921875,,11.859999656677246,184.60000610351562,56.46084156107079,0.03287482615899728,0.0218685107692463,0.6176730822145249,-0.00816671531027513,-0.00912505056572599,0.49131729423220977,0.4218827599217682,0.0005735578268472901,0.0013894361180327064,-0.0012135356903311134,-0.008466712086506678,0.4,30,0.36487956015571554,178.54461527129914,184.70588488185237,184.8564960193849,0.017485044528164597,0.042357285099531156,False,"p3,p5,er3,er5,rr1,rr2,regime",False,False,False,False,False,False,True,True,True,False,False,"p3,p5,er3,er5,rr1,rr2,regime",False,False,False,False,False,False,True,True,True,False,False,"p3,p5,rr1,rr2,regime",False,False,True,True,False,False,True,True,True,False,REJECT,2026-08-12,2026-08-12,184.50999450683594,183.94000244140625,-0.0030892205430561592,-0.004589220543056159,2026-08-12,2026-08-14,184.50999450683594,184.0,-0.002764048138416908,-0.004264048138416908,2026-08-12,2026-08-18,184.50999450683594,178.05999755859375,-0.03495743938143803,-0.03645743938143803
2026-08-11,APOLLOTYRE,UNFAVORABLE,24471.69921875,,11.859999656677246,443.0,59.56341496741956,0.04334599133414918,0.022460494645754392,0.46613748748897543,-0.01489884817691911,0.010607947602916834,0.6225511860934916,0.5518895467597537,0.005582512062152177,0.002837261476671081,0.00881541618664683,0.0004520583190338323,0.4,30,0.4548569588705644,428.0750013078962,445.4730528435334,444.2569068341653,0.16569869750419536,0.08421487064051011,False,"er5,rr1,rr2,regime",True,True,True,False,False,False,True,True,True,False,False,"rr1,rr2,regime",True,True,True,True,False,False,True,True,True,False,False,"rr1,rr2,regime",True,True,True,True,False,False,True,True,True,False,REJECT,2026-08-12,2026-08-12,443.0,445.1499938964844,0.004853259360009909,0.0033532593600099094,2026-08-12,2026-08-14,443.0,444.1000061035156,0.0024830837551141904,0.0009830837551141904,2026-08-12,2026-08-18,443.0,436.0,-0.015801354401805856,-0.017301354401805857
2026-08-11,AUROPHARMA,UNFAVORABLE,24471.69921875,,11.859999656677246,1658.0,64.43024762149733,0.07863777007368977,0.02475013976135727,0.4128549778744066,0.04348919033557164,0.04546312786178053,0.4629211217561224,0.5971397398241651,-0.00011253901857018612,0.0054671945282503825,-0.003093501716667113,0.007111278647997987,0.4,30,0.32575072898095264,1596.4464024135045,1658.0,1667.064608527839,0.0,0.1472636674907813,False,"p3,er3,rr1,rr2,regime",False,True,False,True,False,False,True,True,True,False,False,"p3,er3,rr1,rr2,regime",False,True,False,True,False,False,True,True,True,False,False,"p3,er3,rr1,rr2,regime",False,True,False,True,False,False,True,True,True,False,REJECT,2026-08-12,2026-08-12,1658.0,1667.0,0.005428226779252032,0.003928226779252033,2026-08-12,2026-08-14,1658.0,1622.0999755859375,-0.02165260821113535,-0.02315260821113535,2026-08-12,2026-08-18,1658.0,1645.0,-0.007840772014475306,-0.009340772014475305
2026-08-11,BOSCHLTD,UNFAVORABLE,24471.69921875,,11.859999656677246,45185.0,73.60903640697524,0.1176059707097259,0.025965390247316485,4.298642081617906,0.07583333333333342,0.0967233009708739,0.5531571548877076,0.6616902501730307,0.006762277312067328,0.01684872270372085,0.004948120048532512,0.014211901395349225,0.4,30,0.5584151175702838,43425.130762512505,45490.553500345755,45946.309535367625,0.1736228430141682,0.43259437641771653,False,"rr1,rr2,regime",True,True,True,True,False,False,True,True,True,False,False,"rr1,rr2,regime",True,True,True,True,False,False,True,True,True,False,False,"rr1,rr2,regime",True,True,True,True,False,False,True,True,True,False,REJECT,2026-08-12,2026-08-12,45040.0,46480.0,0.03197158081705154,0.030471580817051536,2026-08-12,2026-08-14,45040.0,47100.0,0.04573712255772655,0.04423712255772655,2026-08-12,2026-08-18,45040.0,48730.0,0.08192717584369458,0.08042717584369458
2026-08-11,SAIL,UNFAVORABLE,24471.69921875,,11.859999656677246,173.0,54.21704857425808,0.0008214842366021102,0.03389760150484169,0.8320922651166364,-0.021161057920804027,-0.003169133057253748,0.4824217505274672,0.3835319508068173,-0.0040949448153972026,-0.007126035315813996,0.00047599476987181255,-0.01772809207673881,0.4,30,0.40590845149070304,164.35,173.0,173.0,0.0,0.0,False,"p3,p5,er3,er5,rr1,rr2,regime",False,False,False,False,False,False,True,True,True,False,False,"p3,p5,er3,er5,rr1,rr2,regime",False,False,False,False,False,False,True,True,True,False,False,"p3,p5,er3,er5,rr1,rr2,regime",False,False,False,False,False,False,True,True,True,False,REJECT,2026-08-12,2026-08-12,172.69000244140625,174.0,0.00758583322759665,0.00608583322759665,2026-08-12,2026-08-14,172.69000244140625,169.50999450683594,-0.01841454565761147,-0.01991454565761147,2026-08-12,2026-08-18,172.69000244140625,170.1999969482422,-0.014418932526270134,-0.015918932526270135
2026-08-11,DLF,UNFAVORABLE,24471.69921875,,11.859999656677246,650.0999755859375,51.18739680325034,0.03169061120802086,0.02573643487503426,0.7072813457758356,0.012616784401771719,0.010413352374328166,0.3969102586629477,0.42565751348522113,-0.0004829250510767921,-0.004705173312798742,-0.004602483651709899,-0.020738523640813966,0.4,30,0.3131096236529166,625.0030920600442,650.0999755859375,650.0999755859375,0.0,0.0,False,"p3,p5,er3,er5,rr1,rr2,regime",False,False,False,False,False,False,True,True,True,False,False,"p3,p5,er3,er5,rr1,rr2,regime",False,False,False,False,False,False,True,True,True,False,False,"p3,p5,er3,er5,rr1,rr2,regime",False,False,False,False,False,False,True,True,True,False,REJECT,2026-08-12,2026-08-12,653.0,661.75,0.013399693721286354,0.011899693721286355,2026-08-12,2026-08-14,653.0,665.0,0.018376722817764257,0.016876722817764256,2026-08-12,2026-08-18,653.0,665.75,0.01952526799387444,0.01802526799387444
2026-08-11,NAUKRI,UNFAVORABLE,24471.69921875,,11.859999656677246,1360.0,75.65906548356466,0.22695695908218716,0.03230288080409808,4.20838653865649,0.09677419354838701,0.0793650793650793,0.6025650131463614,0.54369190297265,0.0022912895860674656,-0.008083578518693908,0.006238622654358039,0.004439039750951501,0.4,30,0.8139927562450864,1294.1021231596399,1363.1161538370516,1360.0,0.04728762118695507,0.0,False,"er5,rr1,rr2,regime",True,True,True,False,False,False,True,True,True,False,False,"er5,rr1,rr2,regime",True,True,True,False,False,False,True,True,True,False,False,"er5,rr1,rr2,regime",True,True,True,False,False,False,True,True,True,False,REJECT,2026-08-12,2026-08-12,1360.0999755859375,1339.0,-0.015513547507305492,-0.017013547507305493,2026-08-12,2026-08-14,1360.0999755859375,1343.0,-0.012572587231001742,-0.014072587231001741,2026-08-12,2026-08-18,1360.0999755859375,1354.9000244140625,-0.0038232124588009064,-0.005323212458800906
2026-08-12,ADANIENT,UNFAVORABLE,24435.94921875,,11.6899995803833,2985.699951171875,42.05180273872132,-0.021865388182430112,0.019779994598275126,1.1038884629920485,-0.01135763206229301,-0.02108198322233612,0.3623019510564057,0.29444717052409586,-0.012464101425877885,-0.018911048390788037,-0.01022703832040095,-0.018301057224526573,0.4,30,0.2880169940550315,2897.1142578125,2985.699951171875,2985.699951171875,0.0,0.0,False,"p3,p5,er3,er5,rr1,rr2,trend,regime",False,False,False,False,False,False,True,False,True,False,False,"p3,p5,er3,er5,rr1,rr2,regime",False,False,False,False,False,False,True,True,True,False,False,"p3,p5,er3,er5,rr1,rr2,regime",False,False,False,False,False,False,True,True,True,False,REJECT,2026-08-13,2026-08-13,2986.199951171875,2964.89990234375,-0.007132827398167452,-0.008632827398167451,2026-08-13,2026-08-17,2986.199951171875,3007.300048828125,0.00706586899781092,0.0055658689978109206,2026-08-13,2026-08-19,2986.199951171875,2990.300048828125,0.0013730151106059463,-0.00012698488939405376
2026-08-12,ADANIPORTS,UNFAVORABLE,24435.94921875,,11.6899995803833,1665.0,30.933245416298632,-0.06878303676356179,0.02190904981432325,0.6692646905713227,-0.016829052258635957,-0.020588235294117685,0.5544700373410417,0.6502730903967185,0.008732704135853229,0.0071431655304263295,0.007521417043479972,0.009552946219122505,0.4,30,0.29045672013716983,1610.2821480887276,1679.5399523861954,1676.89337060816,0.2657259354729902,0.21735814168008047,False,"rr1,rr2,trend,regime",True,True,True,True,False,False,True,False,True,False,False,"rr1,rr2,trend,regime",True,True,True,True,False,False,True,False,True,False,False,"rr1,rr2,trend,regime",True,True,True,True,False,False,True,False,True,False,REJECT,2026-08-13,2026-08-13,1665.0,1658.0,-0.004204204204204198,-0.005704204204204198,2026-08-13,2026-08-17,1665.0,1691.0,0.01561561561561553,0.01411561561561553,2026-08-13,2026-08-19,1665.0,1681.9000244140625,0.010150164813250706,0.008650164813250706
2026-08-12,APOLLOHOSP,UNFAVORABLE,24435.94921875,,11.6899995803833,8587.00390625,39.26633712589317,-0.01383632267299506,0.01918027643850379,3.0678774106018363,-0.038904347117054705,-0.03512903381907029,0.5510177203900339,0.6063980765552403,0.0031963191276508625,0.004231394148770469,0.00203362796212736,0.00725508191367108,0.4,30,0.6936431694728328,8339.95224319942,8614.45071108476,8623.338904334374,0.1110974299701086,0.14707449298544062,False,"rr1,rr2,regime",True,True,True,True,False,False,True,True,True,False,False,"rr1,rr2,regime",True,True,True,True,False,False,True,True,True,False,False,"rr1,rr2,regime",True,True,True,True,False,False,True,True,True,False,REJECT,2026-08-13,2026-08-13,8730.336627906976,8590.0,-0.016074595274869763,-0.017574595274869764,2026-08-13,2026-08-17,8730.336627906976,8825.5,0.01090030959274002,0.009400309592740021,2026-08-13,2026-08-19,8730.336627906976,8750.0,0.0022523039982409454,0.0007523039982409454
2026-08-12,ASIANPAINT,UNFAVORABLE,24435.94921875,,11.6899995803833,2740.0,53.70433354244659,0.014543167285664627,0.022969234971731624,0.6383601699276178,0.001828153564899404,-0.007246376811594235,0.4875546397466729,0.49893197597518696,0.003689633057315981,0.0073665275166543386,-0.0003374397289341302,-1.3096487677166646e-05,0.4,30,0.31927739473190114,2645.596444266183,2750.1095945770458,2760.1842853956327,0.10708912920135187,0.21380852912516274,False,"p3,p5,rr1,rr2,regime",False,False,True,True,False,False,True,True,True,False,False,"p3,p5,rr1,rr2,regime",False,False,True,True,False,False,True,True,True,False,False,"p3,p5,rr1,rr2,regime",False,False,True,True,False,False,True,True,True,False,REJECT,2026-08-13,2026-08-13,2725.0,2755.5,0.011192660550458644,0.009692660550458644,2026-08-13,2026-08-17,2725.0,2687.5,-0.013761467889908285,-0.015261467889908285,2026-08-13,2026-08-19,2725.0,2630.800048828125,-0.034568789420871604,-0.036068789420871605
2026-08-12,AXISBANK,UNFAVORABLE,24435.94921875,,11.6899995803833,1230.0,39.108102156119415,-0.05414418688810785,0.016045306091663037,0.9043275121107849,-0.00646203554119551,-0.019060550242217866,0.6140924705184588,0.7459967348462874,0.006309927972360446,0.012912759234128419,0.009350080334700417,0.011411446212889254,0.4,30,0.4070239368431718,1200.3964102608816,1237.7612114060032,1245.882693857978,0.26217129322487137,0.536512429673029,False,"rr1,rr2,trend,regime",True,True,True,True,False,False,True,False,True,False,False,"rr1,rr2,trend,regime",True,True,True,True,False,False,True,False,True,False,False,"rr1,rr2,trend,regime",True,True,True,True,False,False,True,False,True,False,REJECT,2026-08-13,2026-08-13,1224.5,1221.800048828125,-0.0022049417491832868,-0.003704941749183287,2026-08-13,2026-08-17,1224.5,1227.300048828125,0.0022866874872395915,0.0007866874872395914,2026-08-13,2026-08-19,1224.5,1235.0,0.00857492854226205,0.007074928542262051
2026-08-12,BAJAJ-AUTO,UNFAVORABLE,24435.94921875,,11.6899995803833,11700.0,67.3852983053128,0.1099031822916372,0.019874847374847373,0.5461955566573364,0.0032584462356370913,-0.008474576271186418,0.4380828033202662,0.34402294258763283,0.0025574934464525382,0.0019491680597852417,-0.003873191922037833,-0.011805713587511368,0.4,30,0.41966036591903627,11351.19642857143,11729.922673323494,11722.805266299487,0.08578660247353957,0.06538140136032711,False,"p3,p5,er5,rr1,rr2,regime",False,False,True,False,False,False,True,True,True,False,False,"p3,p5,er5,rr1,rr2,regime",False,False,True,False,False,False,True,True,True,False,False,"p3,p5,rr1,rr2,regime",False,False,True,True,False,False,True,True,True,False,REJECT,2026-08-13,2026-08-13,11707.0,11661.0,-0.003929273084479323,-0.005429273084479323,2026-08-13,2026-08-17,11707.0,11663.0,-0.0037584351242846425,-0.005258435124284642,2026-08-13,2026-08-19,11707.0,11645.0,-0.005295976766037436,-0.006795976766037435
2026-08-12,BAJFINANCE,UNFAVORABLE,24435.94921875,,11.6899995803833,1094.199951171875,55.5470460758812,0.08074015314595484,0.030687782108514604,0.6647564063847086,0.015027784018436963,-0.05574740674336265,0.7419690612301257,0.762636885751063,0.012492903898349022,0.018692890928375228,0.006192406438636833,0.012359727972461987,0.41098116666768025,30,0.9070025979791387,1043.8320966448102,1107.8696860074433,1114.6537115129643,0.2713979970741653,0.40608758370080267,False,"rr1,rr2,regime",True,True,True,True,False,False,True,True,True,False,False,"rr1,rr2,regime",True,True,True,True,False,False,True,True,True,False,False,"rr1,rr2,regime",True,True,True,True,False,False,True,True,True,False,REJECT,2026-08-13,2026-08-13,1095.0,1090.800048828125,-0.0038355718464612165,-0.005335571846461216,2026-08-13,2026-08-17,1095.0,1089.300048828125,-0.0052054348601597855,-0.006705434860159785,2026-08-13,2026-08-19,1095.0,1080.199951171875,-0.013516026327054842,-0.015016026327054842
2026-08-12,BAJAJFINSV,UNFAVORABLE,24435.94921875,,11.6899995803833,2020.5,59.97088141835776,0.08808664758300466,0.02419485637726694,0.370751226567781,0.005774292122536551,-0.03139980824544586,0.40286967862340156,0.37409864442800966,-0.0037969776006154606,-0.003567916306746393,-0.007802126405567711,-0.008604340465558025,0.4,30,0.4239290307077083,1947.1714390345983,2020.5,2020.5,0.0,0.0,False,"p3,p5,er3,er5,rr1,rr2,regime",False,False,False,False,False,False,True,True,True,False,False,"p3,p5,er3,er5,rr1,rr2,regime",False,False,False,False,False,False,True,True,True,False,False,"p3,p5,er3,er5,rr1,rr2,regime",False,False,False,False,False,False,True,True,True,False,REJECT,2026-08-13,2026-08-13,2010.0999755859375,2025.0,0.007412578774704581,0.005912578774704582,2026-08-13,2026-08-17,2010.0999755859375,2005.0,-0.0025371750897369427,-0.004037175089736942,2026-08-13,2026-08-19,2010.0999755859375,2012.0,0.0009452387628174908,-0.0005547612371825093
2026-08-12,BEL,UNFAVORABLE,24435.94921875,,11.6899995803833,405.1499938964844,53.4186446906344,-0.006034345810475239,0.01757104477245924,1.062571820865003,0.011720712925637145,0.04025639790020441,0.3081874263451293,0.34296261435106823,-0.005476595119900975,-0.007458141357717846,-0.012276804976949218,-0.009084742182920102,0.4,30,0.3163870771447536,394.4716308730093,405.1499938964844,405.1499938964844,0.0,0.0,False,"p3,p5,er3,er5,rr1,rr2,regime",False,False,False,False,False,False,True,True,True,False,False,"p3,p5,er3,er5,rr1,rr2,regime",False,False,False,False,False,False,True,True,True,False,False,"p3,p5,er3,er5,rr1,rr2,regime",False,False,False,False,False,False,True,True,True,False,REJECT,2026-08-13,2026-08-13,405.70001220703125,410.5,0.011831372069368573,0.010331372069368574,2026-08-13,2026-08-17,405.70001220703125,412.45001220703125,0.01663790928494091,0.015137909284940911,2026-08-13,2026-08-19,405.70001220703125,409.20001220703125,0.008627064073672974,0.007127064073672975
2026-08-12,BHARTIARTL,UNFAVORABLE,24435.94921875,,11.6899995803833,1945.0,55.178213537668015,0.03422804611839858,0.01824090000114763,1.8018996050439298,-0.007602441057429465,-0.016683518705763345,0.7246914872809838,0.6284200196055532,0.008026285062590701,0.010826198049260606,0.01099259599995106,0.014440158507399214,0.4,30,0.3996070890343297,1891.7821742466517,1960.611124446739,1966.0569552058118,0.2933438979467673,0.39567484969051026,False,"rr1,rr2,regime",True,True,True,True,False,False,True,True,True,False,False,"rr1,rr2,regime",True,True,True,True,False,False,True,True,True,False,False,"rr1,rr2,regime",True,True,True,True,False,False,True,True,True,False,REJECT,2026-08-13,2026-08-13,1965.0,1939.0999755859375,-0.01318067400206746,-0.01468067400206746,2026-08-13,2026-08-17,1965.0,1969.300048828125,0.0021883200143129056,0.0006883200143129055,2026-08-13,2026-08-19,1965.0,1922.0,-0.02188295165394405,-0.02338295165394405
2026-08-12,BPCL,UNFAVORABLE,24435.94921875,,11.6899995803833,317.0,50.838880174761236,0.021512998513190107,0.019456963971049037,1.0974039165975666,-0.012461059190031154,-0.028352490421455934,0.6023814568649131,0.6076569450739897,0.0077378401226011915,0.01478099011947359,0.0098024355522901,0.014567739070980301,0.4,30,0.3269842117523909,307.7482136317662,319.4528953188646,321.68557386787313,0.26512667081101826,0.5064507200426873,False,"rr1,rr2,regime",True,True,True,True,False,False,True,True,True,False,False,"rr1,rr2,regime",True,True,True,True,False,False,True,True,True,False,False,"rr1,rr2,regime",True,True,True,True,False,False,True,True,True,False,REJECT,2026-08-13,2026-08-13,316.6499938964844,315.0,-0.00521078139361586,-0.006710781393615859,2026-08-13,2026-08-17,316.6499938964844,316.6499938964844,0.0,-0.0015,2026-08-13,2026-08-19,316.6499938964844,307.0,-0.030475269485206513,-0.031975269485206514
2026-08-12,BRITANNIA,UNFAVORABLE,24435.94921875,,11.6899995803833,5645.5,67.89552091649861,0.07249184439414136,0.020460722982388515,0.7858630291619442,0.02459165154264964,0.03777573529411771,0.23855605172690791,0.4695440996525035,-0.0047522063398911145,-0.0010758884597211645,-0.0077917496398808295,-0.0019198178681087419,0.4,30,0.3862843730800283,5472.233482604388,5645.5,5645.5,0.0,0.0,False,"p3,p5,er3,er5,rr1,rr2,regime",False,False,False,False,False,False,True,True,True,False,False,"p3,p5,er3,er5,rr1,rr2,regime",False,False,False,False,False,False,True,True,True,False,False,"p3,p5,er3,er5,rr1,rr2,regime",False,False,False,False,False,False,True,True,True,False,REJECT,2026-08-13,2026-08-13,5624.0,5615.0,-0.0016002844950213646,-0.0031002844950213646,2026-08-13,2026-08-17,5624.0,5521.0,-0.01831436699857758,-0.01981436699857758,2026-08-13,2026-08-19,5624.0,5453.0,-0.030405405405405372,-0.031905405405405374
2026-08-12,CIPLA,UNFAVORABLE,24435.94921875,,11.6899995803833,1463.0,55.73940340788123,0.02383584860134147,0.017864467552683453,0.4577209495774406,-0.0005465560878792353,0.0028790451270199746,0.47386063808751316,0.3247370349487038,-6.618496762121368e-05,-0.0028601356982462483,-0.001062967348177124,-0.004134164824201092,0.407499979066238,30,0.246906212229643,1423.796425955636,1463.0,1463.0,0.0,0.0,False,"p3,p5,er3,er5,rr1,rr2,regime",False,False,False,False,False,False,True,True,True,False,False,"p3,p5,er3,er5,rr1,rr2,regime",False,False,False,False,False,False,True,True,True,False,False,"p3,p5,er3,er5,rr1,rr2,regime",False,False,False,False,False,False,True,True,True,False,REJECT,2026-08-13,2026-08-13,1458.0999755859375,1458.800048828125,0.0004801270515804035,-0.0010198729484195966,2026-08-13,2026-08-17,1458.0999755859375,1431.5,-0.01824290242872295,-0.019742902428722953,2026-08-13,2026-08-19,1458.0999755859375,1422.0,-0.024758230704606365,-0.026258230704606367
2026-08-12,COALINDIA,UNFAVORABLE,24435.94921875,,11.6899995803833,409.29998779296875,35.67910721623018,-0.04698110974518721,0.01485966840766786,0.5903089778184398,-0.014328747036800094,-0.014921810365899568,0.3165228320627558,0.18057730049393156,-0.007777434353920627,-0.014737931982612081,-0.005124415523276138,-0.007392611391698778,0.43676638003665585,30,0.34423347691733774,400.1768946461697,409.29998779296875,409.29998779296875,0.0,0.0,False,"p3,p5,er3,er5,rr1,rr2,trend,regime",False,False,False,False,False,False,True,False,True,False,False,"p3,p5,er3,er5,rr1,rr2,trend,regime",False,False,False,False,False,False,True,False,True,False,False,"p3,p5,er3,er5,rr1,rr2,trend,regime",False,False,False,False,False,False,True,False,True,False,REJECT,2026-08-13,2026-08-13,409.29998779296875,410.5,0.002931864751577473,0.0014318647515774731,2026-08-13,2026-08-17,409.29998779296875,408.45001220703125,-0.0020766567585812634,-0.0035766567585812634,2026-08-13,2026-08-19,409.29998779296875,400.0,-0.022721690863262034,-0.024221690863262035
2026-08-12,DRREDDY,UNFAVORABLE,24435.94921875,,11.6899995803833,1200.0,49.53207590144617,-0.03684602438797102,0.01804170154389881,1.02949230442314,0.023890784982935065,0.020408163265306145,0.5265369386836675,0.60213604272544,0.0014880385471319542,0.009988993259039498,0.0009435013161134265,0.005703082090119493,0.4,30,0.33888531737010213,1167.524937220982,1201.7856462565583,1211.9867919108474,0.05498515179813511,0.36910758240603136,False,"p3,er3,rr1,rr2,trend,regime",False,True,False,True,False,False,True,False,True,False,False,"p3,rr1,rr2,trend,regime",False,True,True,True,False,False,True,False,True,False,False,"rr1,rr2,trend,regime",True,True,True,True,False,False,True,False,True,False,REJECT,2026-08-13,2026-08-13,1194.0,1206.0,0.01005025125628145,0.008550251256281451,2026-08-13,2026-08-17,1194.0,1192.0,-0.0016750418760469454,-0.0031750418760469455,2026-08-13,2026-08-19,1194.0,1170.0,-0.02010050251256279,-0.02160050251256279
2026-08-12,EICHERMOT,UNFAVORABLE,24435.94921875,,11.6899995803833,8049.0,67.19147211521909,0.0744714592925475,0.018950198273280334,0.5944603940073944,0.003615960099750515,0.007825705878670153,0.7051131716429688,0.6055239708618465,0.009891130560760908,0.006875509845491761,0.009845571702305822,0.014983694767072953,0.4,30,0.33035916671112087,7820.2047811475495,8128.613709883565,8104.340978746363,0.3479692901052618,0.24187996158281888,False,"rr1,rr2,regime",True,True,True,True,False,False,True,True,True,False,False,"rr1,rr2,regime",True,True,True,True,False,False,True,True,True,False,False,"rr1,rr2,regime",True,True,True,True,False,False,True,True,True,False,REJECT,2026-08-13,2026-08-13,8050.0,8100.0,0.006211180124223503,0.004711180124223504,2026-08-13,2026-08-17,8050.0,8050.0,0.0,-0.0015,2026-08-13,2026-08-19,8050.0,7990.5,-0.007391304347826089,-0.008891304347826088
2026-08-12,ETERNAL,UNFAVORABLE,24435.94921875,,11.6899995803833,314.04998779296875,62.508213782279114,0.12108659232753305,0.029874688226768094,0.6160524205375064,-0.003015911768353141,0.011921964287698428,0.5855915651357312,0.7559769848831429,0.005492846142554575,0.021680032329641878,0.009340410608019711,0.026647500691247883,0.4,30,0.28741197652662,299.97676958356584,315.77501605698666,320.85860168144393,0.12257525168375091,0.48379935471518926,False,"rr1,rr2,regime",True,True,True,True,False,False,True,True,True,False,False,"rr1,rr2,regime",True,True,True,True,False,False,True,True,True,False,False,"rr1,rr2,regime",True,True,True,True,False,False,True,True,True,False,REJECT,2026-08-13,2026-08-13,315.0,318.0,0.00952380952380949,0.00802380952380949,2026-08-13,2026-08-17,315.0,318.0,0.00952380952380949,0.00802380952380949,2026-08-13,2026-08-19,315.0,320.0,0.015873015873015817,0.014373015873015817
2026-08-12,GRASIM,UNFAVORABLE,24435.94921875,,11.6899995803833,3307.800048828125,60.577657189134534,0.052356732522510496,0.025448994137678503,3.3639136470339595,-0.0045741652638805474,0.0291888187414433,0.5047858725691061,0.5068807417391736,0.003943472242259046,0.010924400574951735,0.0015174149942627224,-0.000968299012978846,0.4,30,0.8261220616935687,3181.5297727512657,3320.844266503622,3343.9357815833687,0.10330394516249389,0.2861776649102142,False,"p3,p5,rr1,rr2,regime",False,False,True,True,False,False,True,True,True,False,False,"p3,p5,rr1,rr2,regime",False,False,True,True,False,False,True,True,True,False,False,"p3,p5,rr1,rr2,regime",False,False,True,True,False,False,True,True,True,False,REJECT,2026-08-13,2026-08-13,3299.300048828125,3257.0,-0.012820916013125072,-0.014320916013125072,2026-08-13,2026-08-17,3299.300048828125,3250.5,-0.014791030856820098,-0.0162910308568201,2026-08-13,2026-08-19,3299.300048828125,3270.0,-0.008880686325735021,-0.01038068632573502
2026-08-12,HCLTECH,UNFAVORABLE,24435.94921875,,11.6899995803833,1365.4000244140625,69.8618452452489,0.1417421282493363,0.025120840705269525,0.4415925222269878,0.006486841358171347,0.011407425491898104,0.5699119982979188,0.4452583007734249,-0.00206457693103618,-0.0021635735584143697,0.006554710137411934,-0.004880157809756536,0.4,30,0.284817625584441,1313.9500296456474,1365.4000244140625,1365.4000244140625,0.0,0.0,False,"p5,er3,er5,rr1,rr2,regime",True,False,False,False,False,False,True,True,True,False,False,"p5,er3,er5,rr1,rr2,regime",True,False,False,False,False,False,True,True,True,False,False,"p5,er3,er5,rr1,rr2,regime",True,False,False,False,False,False,True,True,True,False,REJECT,2026-08-13,2026-08-13,1362.9000244140625,1370.0,0.005209461779113189,0.003709461779113189,2026-08-13,2026-08-17,1362.9000244140625,1325.0,-0.02780836725742697,-0.02930836725742697,2026-08-13,2026-08-19,1362.9000244140625,1324.800048828125,-0.027955077337618706,-0.029455077337618707
2026-08-12,HDFCBANK,UNFAVORABLE,24435.94921875,,11.6899995803833,729.0,33.77657733380556,-0.05435288410685879,0.01351166220008451,0.8850664485928125,-0.002735978112175075,-0.008163265306122436,0.662244272415911,0.7218878886194307,0.00840555433037956,0.008679420960475567,0.00816088300613571,0.012336691166626501,0.4,30,0.5124965233582506,714.2249973842075,735.1276491068468,735.3272978801866,0.4147308305920132,0.4282434355323635,False,"rr1,rr2,trend,regime",True,True,True,True,False,False,True,False,True,False,False,"rr1,rr2,trend,regime",True,True,True,True,False,False,True,False,True,False,False,"rr1,rr2,trend,regime",True,True,True,True,False,False,True,False,True,False,REJECT,2026-08-13,2026-08-13,726.9000244140625,725.0,-0.002613873091549368,-0.004113873091549368,2026-08-13,2026-08-17,726.9000244140625,729.0,0.0028889469189801176,0.0013889469189801175,2026-08-13,2026-08-19,726.9000244140625,720.0,-0.009492398104711142,-0.010992398104711141
2026-08-12,HDFCLIFE,UNFAVORABLE,24435.94921875,,11.6899995803833,537.0,38.429520973423266,-0.04669058898793732,0.01751129320879888,0.6378905105095831,-0.005555555555555536,-0.014678899082568808,0.5500113777984689,0.5443181665917648,0.004129283673070389,0.010586084085732826,0.002932113391479585,0.0007175132624687164,0.4,30,0.27977453906682903,522.8946533203125,539.2174253324388,542.6847271540386,0.15720459644086576,0.4030193148123682,False,"rr1,rr2,trend,regime",True,True,True,True,False,False,True,False,True,False,False,"rr1,rr2,trend,regime",True,True,True,True,False,False,True,False,True,False,False,"rr1,rr2,trend,regime",True,True,True,True,False,False,True,False,True,False,REJECT,2026-08-13,2026-08-13,537.0,538.0499877929688,0.0019552845306680666,0.0004552845306680666,2026-08-13,2026-08-17,537.0,543.0,0.011173184357541999,0.009673184357541999,2026-08-13,2026-08-19,537.0,536.2999877929688,-0.0013035609069482756,-0.0028035609069482757
2026-08-12,HEROMOTOCO,UNFAVORABLE,24435.94921875,,11.6899995803833,5895.0,78.93638119424696,0.17237336563202055,0.02425783971548225,1.2028738596757598,0.029694323144104695,0.03602811950790863,0.5997307780961236,0.44719988402408545,0.00247766597663231,-0.00234156875267467,0.008566121521726644,-0.0014147373742211533,0.4,30,0.5212007142238044,5680.500052315849,5909.605840932248,5895.0,0.06809251512617913,0.0,False,"p5,er5,rr1,rr2,rsi,regime",True,False,True,False,False,False,True,True,False,False,False,"p5,er5,rr1,rr2,rsi,regime",True,False,True,False,False,False,True,True,False,False,False,"p5,er5,rr1,rr2,regime",True,False,True,False,False,False,True,True,True,False,REJECT,2026-08-13,2026-08-13,5919.0,5850.0,-0.011657374556512945,-0.013157374556512945,2026-08-13,2026-08-17,5919.0,5745.0,-0.02939685757729349,-0.03089685757729349,2026-08-13,2026-08-19,5919.0,5709.5,-0.03539449231289071,-0.036894492312890714
2026-08-12,HINDALCO,UNFAVORABLE,24435.94921875,,11.6899995803833,1078.5,71.57537727344526,0.08962757420073308,0.021769658470242235,1.7036896372702566,0.0178369430441061,0.03701923076923075,0.5535241912001141,0.6455772711165748,0.007331966550029066,0.013680332057328952,0.0008390284445664031,0.011721409363857016,0.4064499407917505,30,0.535232686516754,1043.2821350097656,1086.4075259242063,1093.2542381238293,0.224531666709467,0.4189418673710207,False,"rr1,rr2,regime",True,True,True,True,False,False,True,True,True,False,False,"rr1,rr2,regime",True,True,True,True,False,False,True,True,True,False,False,"rr1,rr2,regime",True,True,True,True,False,False,True,True,True,False,REJECT,2026-08-13,2026-08-13,1072.300048828125,1046.25,-0.024293618989007837,-0.025793618989007838,2026-08-13,2026-08-17,1072.300048828125,1049.9000244140625,-0.020889698213240382,-0.022389698213240383,2026-08-13,2026-08-19,1072.300048828125,1038.949951171875,-0.031101460540542747,-0.03260146054054275
2026-08-12,HINDUNILVR,UNFAVORABLE,24435.94921875,,11.6899995803833,2063.0,41.71651054565735,-0.0335971418975094,0.02306627641134617,0.5351616031092951,-0.015744274809160297,-0.010693928118716944,0.42725190036603666,0.2920620058850474,-0.002203145562168846,-0.007683870289251521,-0.005133374278169622,-0.011475883091664307,0.4,30,0.5511181535369295,1991.6214076450894,2063.0,2063.0,0.0,0.0,False,"p3,p5,er3,er5,rr1,rr2,trend,regime",False,False,False,False,False,False,True,False,True,False,False,"p3,p5,er3,er5,rr1,rr2,trend,regime",False,False,False,False,False,False,True,False,True,False,False,"p3,p5,er3,er5,rr1,rr2,trend,regime",False,False,False,False,False,False,True,False,True,False,REJECT,2026-08-13,2026-08-13,2063.0,2092.0,0.014057198254968428,0.012557198254968429,2026-08-13,2026-08-17,2063.0,2055.0,-0.0038778477944740875,-0.005377847794474087,2026-08-13,2026-08-19,2063.0,2020.699951171875,-0.02050414388178623,-0.02200414388178623
2026-08-12,ICICIBANK,UNFAVORABLE,24435.94921875,,11.6899995803833,1431.699951171875,55.050372583751525,0.03689817775755566,0.016312777803471946,0.658995189082095,0.007529874153325178,-0.012688797133885599,0.6484040131562205,0.44065148644323127,0.0017529766154975005,0.004045974398645311,0.0028617096101954953,-0.001689045545976764,0.4,30,0.4005220177562358,1396.6674463948123,1434.2096877066883,1437.4925725208582,0.07164022529318424,0.1653499053477857,False,"p5,er3,rr1,rr2,regime",True,False,False,True,False,False,True,True,True,False,False,"p5,rr1,rr2,regime",True,False,True,True,False,False,True,True,True,False,False,"p5,rr1,rr2,regime",True,False,True,True,False,False,True,True,True,False,REJECT,2026-08-13,2026-08-13,1429.0,1406.800048828125,-0.015535305228743912,-0.017035305228743913,2026-08-13,2026-08-17,1429.0,1415.300048828125,-0.009587089693404494,-0.011087089693404493,2026-08-13,2026-08-19,1429.0,1402.0,-0.01889433170048982,-0.02039433170048982
2026-08-12,ICICIGI,UNFAVORABLE,24435.94921875,,11.6899995803833,1635.0,42.80549826788778,-0.05328033805238408,0.0285321090251611,0.4398136689461951,-0.0024405125076265577,-0.029097387173396716,0.7365865707049462,0.7431433299406964,0.012671220736484063,0.012358702819621514,0.01785423999638236,0.014731439161162596,0.4,30,0.9244383456628615,1565.0250026157923,1655.7174459041514,1655.206479110081,0.2960692630026028,0.28876712919522596,False,"rr1,rr2,trend,regime",True,True,True,True,False,False,True,False,True,False,False,"rr1,rr2,trend,regime",True,True,True,True,False,False,True,False,True,False,False,"rr1,rr2,trend,regime",True,True,True,True,False,False,True,False,True,False,REJECT,2026-08-13,2026-08-13,1635.0,1628.0,-0.004281345565749217,-0.005781345565749217,2026-08-13,2026-08-17,1635.0,1626.300048828125,-0.005321071053134507,-0.006821071053134507,2026-08-13,2026-08-19,1635.0,1615.699951171875,-0.011804311209862361,-0.013304311209862361
2026-08-12,ICICIPRULI,UNFAVORABLE,24435.94921875,,11.6899995803833,506.3999938964844,50.76841644715131,0.017860793646991002,0.019838926967228256,0.6831782825393576,0.010677589529702214,-0.01964958694482144,0.5830122941830058,0.6534858591748438,0.005675699709256033,0.010745575096259442,0.008446920505418731,0.010139019777122504,0.4,30,0.29119545316804474,491.3303451538086,509.2741681946099,511.8415530596444,0.19072603132322136,0.3610939615168381,False,"rr1,rr2,regime",True,True,True,True,False,False,True,True,True,False,False,"rr1,rr2,regime",True,True,True,True,False,False,True,True,True,False,False,"rr1,rr2,regime",True,True,True,True,False,False,True,True,True,False,REJECT,2026-08-13,2026-08-13,505.0,507.0,0.003960396039603964,0.002460396039603964,2026-08-13,2026-08-17,505.0,507.0,0.003960396039603964,0.002460396039603964,2026-08-13,2026-08-19,505.0,499.5,-0.0108910891089109,-0.0123910891089109
2026-08-12,INDUSINDBK,UNFAVORABLE,24435.94921875,,11.6899995803833,1017.5,53.83715742601904,0.04353489242113806,0.019034759317962443,0.4339258900928701,-0.0044031311154598685,-0.0014720314033366266,0.4237803667422736,0.5586410990182127,0.0018856007764312614,-0.0015250388893289393,-0.004703488152472846,0.008513517673240156,0.4,30,0.33755283646448253,988.4481985909598,1019.4185987900187,1017.5,0.066040613558017,0.0,False,"p3,er3,er5,rr1,rr2,regime",False,True,False,False,False,False,True,True,True,False,False,"p3,er5,rr1,rr2,regime",False,True,True,False,False,False,True,True,True,False,False,"p3,er5,rr1,rr2,regime",False,True,True,False,False,False,True,True,True,False,REJECT,2026-08-13,2026-08-13,1015.0,1024.699951171875,0.00955660213977838,0.008056602139778381,2026-08-13,2026-08-17,1015.0,1010.5999755859375,-0.0043349994227216415,-0.005834999422721641,2026-08-13,2026-08-19,1015.0,1016.7000122070312,0.00167488887392242,0.0001748888739224199
2026-08-12,INFY,UNFAVORABLE,24435.94921875,,11.6899995803833,1176.0999755859375,60.61044932037841,0.06739175778787088,0.027803754312743623,0.5500992085452502,0.0008509914226670912,0.0017887355927916904,0.6475962296558829,0.6424806993604248,0.0030173968816346345,0.006643059724917907,0.004194439617641765,0.013030200090538457,0.4,30,0.5099769584617828,1127.0499834333148,1179.648735984761,1183.9128779662294,0.0723498668008208,0.15928447768108675,False,"rr1,rr2,regime",True,True,True,True,False,False,True,True,True,False,False,"rr1,rr2,regime",True,True,True,True,False,False,True,True,True,False,False,"rr1,rr2,regime",True,True,True,True,False,False,True,True,True,False,REJECT,2026-08-13,2026-08-13,1170.0,1175.0,0.004273504273504258,0.0027735042735042583,2026-08-13,2026-08-17,1170.0,1139.9000244140625,-0.02572647485977564,-0.02722647485977564,2026-08-13,2026-08-19,1170.0,1119.800048828125,-0.04290594117254276,-0.04440594117254276
2026-08-12,ITC,UNFAVORABLE,24435.94921875,,11.6899995803833,276.1499938964844,36.739126248418174,-0.0305832495389613,0.017847443554240738,0.7967237957678078,-0.03477809155806577,-0.037637281237523634,0.54603461105046,0.5512761485596094,0.0006170905122666942,0.002526628321548863,0.0007039053156643327,0.004505237703672393,0.4,30,0.3526451567642646,268.7571367536272,276.3204034376804,276.8477222920588,0.02305056595888219,0.09437872017431677,False,"er3,er5,rr1,rr2,trend,regime",True,True,False,False,False,False,True,False,True,False,False,"er3,rr1,rr2,trend,regime",True,True,False,True,False,False,True,False,True,False,False,"rr1,rr2,trend,regime",True,True,True,True,False,False,True,False,True,False,REJECT,2026-08-13,2026-08-13,276.20001220703125,278.5,0.008327254494271186,0.006827254494271186,2026-08-13,2026-08-17,276.20001220703125,273.04998779296875,-0.011404867034188748,-0.012904867034188748,2026-08-13,2026-08-19,276.20001220703125,267.04998779296875,-0.03312825492275473,-0.03462825492275473
2026-08-12,JIOFIN,UNFAVORABLE,24435.94921875,,11.6899995803833,256.04998779296875,58.840454312238414,0.06078760869713529,0.02540185540256111,0.6012246910437063,-0.000585456312273247,-0.020234312443605296,0.4148796361447694,0.3808015353802432,-0.011470625467362374,-0.01858647626431916,-0.004891452027292631,-0.02041270142682433,0.4,30,0.3123838333882983,246.29377064435195,256.04998779296875,256.04998779296875,0.0,0.0,False,"p3,p5,er3,er5,rr1,rr2,regime",False,False,False,False,False,False,True,True,True,False,False,"p3,p5,er3,er5,rr1,rr2,regime",False,False,False,False,False,False,True,True,True,False,False,"p3,p5,er3,er5,rr1,rr2,regime",False,False,False,False,False,False,True,True,True,False,REJECT,2026-08-13,2026-08-13,261.95001220703125,255.60000610351562,-0.024241289588094794,-0.025741289588094796,2026-08-13,2026-08-17,261.95001220703125,249.75,-0.046573818051167004,-0.048073818051167005,2026-08-13,2026-08-19,261.95001220703125,243.14999389648438,-0.0717694882017732,-0.0732694882017732
2026-08-12,JSWSTEEL,UNFAVORABLE,24435.94921875,,11.6899995803833,1269.0999755859375,49.36580403041902,0.008813016154100906,0.02071211169277849,0.47627791128349506,-0.02339363171532316,-0.04578949204064853,0.7702854466729635,0.7756572086762538,0.009743497781701757,0.01888010805322026,0.012584386292926575,0.02355190784136918,0.4572132711249944,30,0.42505281032508346,1229.6713649204798,1281.4654483828167,1293.060720255339,0.313616751596887,0.6076994412180203,False,"rr1,rr2,regime",True,True,True,True,False,False,True,True,True,False,False,"rr1,rr2,regime",True,True,True,True,False,False,True,True,True,False,False,"rr1,rr2,regime",True,True,True,True,False,False,True,True,True,False,REJECT,2026-08-13,2026-08-13,1269.0999755859375,1275.0,0.004648983159375231,0.0031489831593752306,2026-08-13,2026-08-17,1269.0999755859375,1277.800048828125,0.006855309597000536,0.005355309597000537,2026-08-13,2026-08-19,1269.0999755859375,1285.800048828125,0.013158989491333983,0.011658989491333984
2026-08-12,KOTAKBANK,UNFAVORABLE,24435.94921875,,11.6899995803833,390.5,50.59414884164544,1.154288941873638e-05,0.015474672877463647,0.8396056726301224,-0.000639795265515053,-0.02375000000000005,0.44378076596890814,0.4158137016779382,-0.006681718486555474,-0.013846570169814953,-0.0015938511901077423,-0.004656897578291241,0.4,30,0.35370919207050966,381.43571036202565,390.5,390.5,0.0,0.0,False,"p3,p5,er3,er5,rr1,rr2,regime",False,False,False,False,False,False,True,True,True,False,False,"p3,p5,er3,er5,rr1,rr2,regime",False,False,False,False,False,False,True,True,True,False,False,"p3,p5,er3,er5,rr1,rr2,regime",False,False,False,False,False,False,True,True,True,False,REJECT,2026-08-13,2026-08-13,390.3999938964844,392.3999938964844,0.005122950899764334,0.0036229508997643336,2026-08-13,2026-08-17,390.3999938964844,392.70001220703125,0.005891440436745388,0.004391440436745388,2026-08-13,2026-08-19,390.3999938964844,390.25,-0.000384205683476857,-0.001884205683476857
2026-08-12,LT,UNFAVORABLE,24435.94921875,,11.6899995803833,4020.0,55.71265733795692,0.006469951083599046,0.015744493561767058,1.273698113898302,-0.00887573964497046,-0.009120039438008432,0.4405966127628003,0.43059925923472586,-0.0038152454628459288,-0.003461310856862857,-0.0026937473597387074,-0.0008354050897388388,0.4,30,0.31434352233768004,3925.0607038225444,4020.0,4020.0,0.0,0.0,False,"p3,p5,er3,er5,rr1,rr2,regime",False,False,False,False,False,False,True,True,True,False,False,"p3,p5,er3,er5,rr1,rr2,regime",False,False,False,False,False,False,True,True,True,False,False,"p3,p5,er3,er5,rr1,rr2,regime",False,False,False,False,False,False,True,True,True,False,REJECT,2026-08-13,2026-08-13,4010.0,4070.699951171875,0.01513714493064211,0.01363714493064211,2026-08-13,2026-08-17,4010.0,4086.699951171875,0.01912716986829799,0.017627169868297987,2026-08-13,2026-08-19,4010.0,4041.300048828125,0.007805498460879079,0.006305498460879079
2026-08-12,M&M,UNFAVORABLE,24435.94921875,,11.6899995803833,3403.60009765625,58.44211926651178,0.07444250539870301,0.025229576842944926,0.7190626069699927,-0.028098201697244418,-0.014990972434873573,0.48868732771160833,0.5247498461691585,0.0018315502540604735,0.006507845728096783,-0.0038187219411478512,-0.0034929049783352095,0.4,30,0.33006489024338204,3274.7930123465403,3409.8339622798326,3425.750202011932,0.048396907736818866,0.17196340016873374,False,"p3,p5,er3,rr1,rr2,regime",False,False,False,True,False,False,True,True,True,False,False,"p3,rr1,rr2,regime",False,True,True,True,False,False,True,True,True,False,False,"p3,rr1,rr2,regime",False,True,True,True,False,False,True,True,True,False,REJECT,2026-08-13,2026-08-13,3405.0,3428.199951171875,0.006813495204662345,0.005313495204662346,2026-08-13,2026-08-17,3405.0,3390.39990234375,-0.004287840721365677,-0.005787840721365676,2026-08-13,2026-08-19,3405.0,3415.0,0.002936857562408246,0.001436857562408246
2026-08-12,MARUTI,UNFAVORABLE,24435.94921875,,11.6899995803833,13875.0,52.608901240512026,0.019423358527851597,0.018520937398004225,0.850391977702189,-0.01154092754862146,-0.012378632678255674,0.6669663537790319,0.5939390708144114,0.007962055252494975,0.009844661536914918,0.007976280948008063,0.005857654093142761,0.4,30,0.2621796298040137,13489.532990404037,13985.473516628368,14011.594678824695,0.28659655399346307,0.35436152880598,False,"rr1,rr2,regime",True,True,True,True,False,False,True,True,True,False,False,"rr1,rr2,regime",True,True,True,True,False,False,True,True,True,False,False,"rr1,rr2,regime",True,True,True,True,False,False,True,True,True,False,REJECT,2026-08-13,2026-08-13,13884.0,13905.0,0.0015125324114089178,1.2532411408917778e-05,2026-08-13,2026-08-17,13884.0,13760.0,-0.008931143762604399,-0.010431143762604398,2026-08-13,2026-08-19,13884.0,13690.0,-0.013972918467300532,-0.015472918467300532
2026-08-12,NESTLEIND,UNFAVORABLE,24435.94921875,,11.6899995803833,1507.0,56.10262008264733,0.04458281644283324,0.024533129945299912,0.774791034360769,-0.021428571428571463,-0.008552631578947367,0.48179690355144605,0.5766884615611022,0.0016255895510948603,0.0012972200627812164,3.919776746136305e-05,0.004776887065628954,0.4,30,0.41677178264591147,1451.5428597586495,1509.4497634534998,1508.9549106346112,0.04417399532032141,0.03525083742334017,False,"p3,er3,er5,rr1,rr2,regime",False,True,False,False,False,False,True,True,True,False,False,"p3,er5,rr1,rr2,regime",False,True,True,False,False,False,True,True,True,False,False,"p3,rr1,rr2,regime",False,True,True,True,False,False,True,True,True,False,REJECT,2026-08-13,2026-08-13,1513.199951171875,1506.9000244140625,-0.0041633141429416876,-0.005663314142941687,2026-08-13,2026-08-17,1513.199951171875,1470.0,-0.02854873946990244,-0.03004873946990244,2026-08-13,2026-08-19,1513.199951171875,1465.0,-0.03185299545810005,-0.033352995458100054
2026-08-12,NTPC,UNFAVORABLE,24435.94921875,,11.6899995803833,339.45001220703125,40.18456393238167,-0.03384732631229548,0.0177598196370934,1.0674889827414498,-0.008905073848083922,-0.029865624097566212,0.7251065619567847,0.6742971696739046,0.006459016719370683,0.007857168903831115,0.008280062458909554,0.009277941002613477,0.562939774559103,30,0.23072347646280547,330.4071557181222,341.6425255112671,342.11712828734943,0.2424580448583838,0.29494176796782884,False,"rr1,rr2,trend,regime",True,True,True,True,False,False,True,False,True,False,False,"rr1,rr2,trend,regime",True,True,True,True,False,False,True,False,True,False,False,"rr1,rr2,trend,regime",True,True,True,True,False,False,True,False,True,False,REJECT,2026-08-13,2026-08-13,338.04998779296875,344.25,0.018340518949606643,0.016840518949606642,2026-08-13,2026-08-17,338.04998779296875,337.0,-0.00310601340299943,-0.00460601340299943,2026-08-13,2026-08-19,338.04998779296875,336.54998779296875,-0.004437213590194333,-0.005937213590194333
2026-08-12,ONGC,UNFAVORABLE,24435.94921875,,11.6899995803833,239.0500030517578,40.254572832361475,-0.023699119407868396,0.018926104977822985,0.9448332275120009,0.0008373328161253024,-0.0047876515865742375,0.5400653817649651,0.5740491682290617,0.004490708033102504,0.008957597682945835,0.0025348361075618886,0.006870514889266932,0.4,30,0.4021923704969411,232.26357487269811,240.1235068207755,241.19131680520246,0.15818391364254172,0.31552883150696537,False,"rr1,rr2,trend,regime",True,True,True,True,False,False,True,False,True,False,False,"rr1,rr2,regime",True,True,True,True,False,False,True,True,True,False,False,"rr1,rr2,regime",True,True,True,True,False,False,True,True,True,False,REJECT,2026-08-13,2026-08-13,239.0,239.89999389648438,0.0037656648388466607,0.0022656648388466607,2026-08-13,2026-08-17,239.0,238.49000549316406,-0.002133868229439062,-0.003633868229439062,2026-08-13,2026-08-19,239.0,238.0,-0.004184100418409997,-0.005684100418409997
2026-08-12,POWERGRID,UNFAVORABLE,24435.94921875,,11.6899995803833,269.45001220703125,32.63652646553524,-0.05271998655709953,0.019351596429345634,0.7551912856995705,-0.007916030368809834,-0.0436556798330745,0.5865909646576823,0.581082404493253,0.0035916923523292604,0.0033478498464220396,0.003548623566691167,0.006186491004320116,0.4,30,0.2804342050078475,261.62858036586215,270.4177937552103,270.352090389017,0.12373457543732855,0.11533414856823967,False,"er5,rr1,rr2,trend,regime",True,True,True,False,False,False,True,False,True,False,False,"rr1,rr2,trend,regime",True,True,True,True,False,False,True,False,True,False,False,"rr1,rr2,trend,regime",True,True,True,True,False,False,True,False,True,False,REJECT,2026-08-13,2026-08-13,269.0,266.6000061035156,-0.008921910395852661,-0.010421910395852661,2026-08-13,2026-08-17,269.0,266.1499938964844,-0.010594818228682579,-0.012094818228682578,2026-08-13,2026-08-19,269.0,263.5,-0.020446096654275103,-0.021946096654275105
2026-08-12,RELIANCE,UNFAVORABLE,24435.94921875,,11.6899995803833,1329.0,56.70710247440499,0.021357042680622218,0.01610232470792352,0.657553980472549,-0.004345256679618159,0.038281250000000044,0.4036645926312807,0.5145970246497933,-0.004254423346257674,-0.005056207672228223,-0.0037245740119050685,0.0021820325467265533,0.4,30,0.3796928463922717,1296.9000156947545,1329.0,1329.0,0.0,0.0,False,"p3,p5,er3,er5,rr1,rr2,regime",False,False,False,False,False,False,True,True,True,False,False,"p3,p5,er3,er5,rr1,rr2,regime",False,False,False,False,False,False,True,True,True,False,False,"p3,er3,er5,rr1,rr2,regime",False,True,False,False,False,False,True,True,True,False,REJECT,2026-08-13,2026-08-13,1327.800048828125,1317.0,-0.008133791558191938,-0.009633791558191938,2026-08-13,2026-08-17,1327.800048828125,1316.0,-0.008886917001200145,-0.010386917001200145,2026-08-13,2026-08-19,1327.800048828125,1311.0,-0.01265254421624118,-0.014152544216241179
2026-08-12,SBILIFE,UNFAVORABLE,24435.94921875,,11.6899995803833,1830.0,45.26682188178399,0.008592326134877926,0.019785329683230875,1.1735005997244654,-0.013742926434923253,-0.026543977746697256,0.556288443021313,0.44265628244677496,0.001051470298076727,-9.379730645200793e-05,0.002079335287375028,-0.00045486261126070904,0.4,30,0.29325625015609535,1775.6892700195312,1831.9241906454802,1830.0,0.035429290789723226,0.0,False,"p5,er3,er5,rr1,rr2,regime",True,False,False,False,False,False,True,True,True,False,False,"p5,er5,rr1,rr2,regime",True,False,True,False,False,False,True,True,True,False,False,"p5,er5,rr1,rr2,regime",True,False,True,False,False,False,True,True,True,False,REJECT,2026-08-13,2026-08-13,1828.5999755859375,1812.0,-0.009077969926483465,-0.010577969926483464,2026-08-13,2026-08-17,1828.5999755859375,1790.4000244140625,-0.020890272165531742,-0.022390272165531744,2026-08-13,2026-08-19,1828.5999755859375,1780.4000244140625,-0.02635893679066159,-0.027858936790661593
2026-08-12,SBIN,UNFAVORABLE,24435.94921875,,11.6899995803833,1082.0,61.95764354360856,0.048339905637055924,0.01939530696219179,1.5340279989120105,-0.013853401247093111,0.025592417061611306,0.6402944005758409,0.4574941385953143,-0.0020378012620241737,0.0005428397392268368,0.004369754920736435,-0.000271820667836431,0.4,30,0.4223860665876973,1050.5214168003627,1082.0,1082.5873525978434,0.0,0.018658800306176376,False,"p5,er3,er5,rr1,rr2,regime",True,False,False,False,False,False,True,True,True,False,False,"p5,er3,er5,rr1,rr2,regime",True,False,False,False,False,False,True,True,True,False,False,"p5,er3,er5,rr1,rr2,regime",True,False,False,False,False,False,True,True,True,False,REJECT,2026-08-13,2026-08-13,1083.0,1083.0,0.0,-0.0015,2026-08-13,2026-08-17,1083.0,1061.199951171875,-0.020129315630771027,-0.02162931563077103,2026-08-13,2026-08-19,1083.0,1048.5999755859375,-0.03176364211824789,-0.033263642118247894
2026-08-12,SHRIRAMFIN,UNFAVORABLE,24435.94921875,,11.6899995803833,1117.199951171875,60.761621128821666,0.0886813996925595,0.0269103948548026,0.622983998526067,0.0019730503783632614,-0.0046329945911237624,0.5064132033780006,0.46592751005093014,-0.008128511037755791,-0.003416548745014656,-0.004575017614902088,-0.006283832790703048,0.4,30,0.2746562593050815,1072.103513445173,1117.199951171875,1117.199951171875,0.0,0.0,False,"p3,p5,er3,er5,rr1,rr2,regime",False,False,False,False,False,False,True,True,True,False,False,"p3,p5,er3,er5,rr1,rr2,regime",False,False,False,False,False,False,True,True,True,False,False,"p3,p5,er3,er5,rr1,rr2,regime",False,False,False,False,False,False,True,True,True,False,REJECT,2026-08-13,2026-08-13,1135.0,1132.300048828125,-0.0023788116051761676,-0.0038788116051761677,2026-08-13,2026-08-17,1135.0,1122.0,-0.011453744493392093,-0.012953744493392092,2026-08-13,2026-08-19,1135.0,1106.0,-0.02555066079295154,-0.027050660792951542
2026-08-12,SUNPHARMA,UNFAVORABLE,24435.94921875,,11.6899995803833,1944.0,51.797279178388344,0.02566907460903889,0.017497054273279047,0.6216706073158622,-0.0005141388174807471,0.0020618556701030855,0.4414556983711591,0.5273087502695766,-0.0006168207546067365,0.0027785221641136197,-0.0005622925507338672,0.003608413989097614,0.4,30,0.26754469277030424,1892.9785897391182,1944.0,1949.401447087037,0.0,0.10586628357425691,False,"p3,p5,er3,er5,rr1,rr2,regime",False,False,False,False,False,False,True,True,True,False,False,"p3,er3,rr1,rr2,regime",False,True,False,True,False,False,True,True,True,False,False,"p3,er3,rr1,rr2,regime",False,True,False,True,False,False,True,True,True,False,REJECT,2026-08-13,2026-08-13,1943.0,1932.0,-0.005661348430262447,-0.007161348430262447,2026-08-13,2026-08-17,1943.0,1882.0,-0.031394750386001036,-0.03289475038600104,2026-08-13,2026-08-19,1943.0,1900.0,-0.022130725681935193,-0.023630725681935194
2026-08-12,TATACONSUM,UNFAVORABLE,24435.94921875,,11.6899995803833,1061.9000244140625,41.160662989731364,-0.03685158493408247,0.024141373160839,1.1440321498536796,-0.0188487697437979,-0.031378293242651845,0.6027113986786028,0.5137861819160877,-0.0003738115195343595,0.007269341086677449,0.005076020042859342,5.158641562647004e-05,0.4,30,0.3803880144808052,1023.4464372907366,1061.9000244140625,1069.6193378914795,0.0,0.2007436511101067,False,"p5,er3,rr1,rr2,trend,regime",True,False,False,True,False,False,True,False,True,False,False,"p5,er3,rr1,rr2,trend,regime",True,False,False,True,False,False,True,False,True,False,False,"er3,rr1,rr2,trend,regime",True,True,False,True,False,False,True,False,True,False,REJECT,2026-08-13,2026-08-13,1061.9000244140625,1090.5,0.026932832591013867,0.025432832591013865,2026-08-13,2026-08-17,1061.9000244140625,1072.5999755859375,0.010076232155450837,0.008576232155450838,2026-08-13,2026-08-19,1061.9000244140625,1068.0,0.005744397255573519,0.004244397255573519
2026-08-12,TATASTEEL,UNFAVORABLE,24435.94921875,,11.6899995803833,186.1999969482422,44.62447441304453,-0.024125226221388907,0.0215052932627739,1.7567218155028212,-0.0071981129381430975,-0.03518321338750563,0.5913985525292611,0.5666819148389727,0.008025855778311901,0.010744642899258229,0.007643773581669677,0.00982855564221774,0.4,30,0.3547037568211286,180.19356863839286,187.6944112696709,188.200649423294,0.2488024903216059,0.33308521667879687,False,"rr1,rr2,trend,regime",True,True,True,True,False,False,True,False,True,False,False,"rr1,rr2,regime",True,True,True,True,False,False,True,True,True,False,False,"rr1,rr2,regime",True,True,True,True,False,False,True,True,True,False,REJECT,2026-08-13,2026-08-13,186.1999969482422,184.85000610351562,-0.007250219478262543,-0.008750219478262542,2026-08-13,2026-08-17,186.1999969482422,186.0,-0.001074097483996117,-0.002574097483996117,2026-08-13,2026-08-19,186.1999969482422,184.0,-0.011815236220727332,-0.013315236220727332
2026-08-12,TCS,UNFAVORABLE,24435.94921875,,11.6899995803833,2349.699951171875,52.51221816404699,0.0640897314402411,0.03262420251374647,1.7923394450637637,-0.04199453746912163,-0.026232925332832613,0.4629006570009536,0.49368972238903913,-0.00221404208395847,-0.0008437464759749986,-0.001297047697212117,-0.0013215816806810277,0.4,30,1.1453949369828655,2234.7143205915177,2349.699951171875,2349.699951171875,0.0,0.0,False,"p3,p5,er3,er5,rr1,rr2,regime",False,False,False,False,False,False,True,True,True,False,False,"p3,p5,er3,er5,rr1,rr2,regime",False,False,False,False,False,False,True,True,True,False,False,"p3,p5,er3,er5,rr1,rr2,regime",False,False,False,False,False,False,True,True,True,False,REJECT,2026-08-13,2026-08-13,2349.699951171875,2375.0,0.010767353004159874,0.009267353004159875,2026-08-13,2026-08-17,2349.699951171875,2313.199951171875,-0.015533898267221846,-0.017033898267221848,2026-08-13,2026-08-19,2349.699951171875,2289.0,-0.025833064830938057,-0.02733306483093806
2026-08-12,TECHM,UNFAVORABLE,24435.94921875,,11.6899995803833,1625.0,61.903584594653395,0.0857317065442389,0.024681329412774726,1.1376120900516176,-0.006116207951070374,-0.015151515151515138,0.4286918226438446,0.46973769194456216,-0.0010143732782397262,0.0024642784614794305,-0.007443580907412428,-0.0012211041216010354,0.4,30,0.4128135966160995,1564.8392595563616,1625.0,1629.0044524999041,0.0,0.06656255342561306,False,"p3,p5,er3,er5,rr1,rr2,regime",False,False,False,False,False,False,True,True,True,False,False,"p3,p5,er3,rr1,rr2,regime",False,False,False,True,False,False,True,True,True,False,False,"p3,p5,er3,rr1,rr2,regime",False,False,False,True,False,False,True,True,True,False,REJECT,2026-08-13,2026-08-13,1634.699951171875,1639.0,0.002630482019065683,0.001130482019065683,2026-08-13,2026-08-17,1634.699951171875,1610.0,-0.015109776662174723,-0.016609776662174724,2026-08-13,2026-08-19,1634.699951171875,1589.800048828125,-0.027466754563467366,-0.028966754563467367
2026-08-12,TITAN,UNFAVORABLE,24435.94921875,,11.6899995803833,5099.0,73.12554754877115,0.12005647252273466,0.020899061309290336,1.0997622263747413,0.031977332523780655,0.03798552670095545,0.5348857983072609,0.4396712685043334,-0.0013094265005594394,-0.005599749822411503,0.0009407813988856484,-0.0020122642488069054,0.4,30,0.5896199860948895,4939.153529575893,5099.0,5099.0,0.0,0.0,False,"p3,p5,er3,er5,rr1,rr2,regime",False,False,False,False,False,False,True,True,True,False,False,"p5,er3,er5,rr1,rr2,regime",True,False,False,False,False,False,True,True,True,False,False,"p5,er3,er5,rr1,rr2,regime",True,False,False,False,False,False,True,True,True,False,REJECT,2026-08-13,2026-08-13,5069.5,5063.7001953125,-0.0011440585240162227,-0.0026440585240162227,2026-08-13,2026-08-17,5069.5,5068.5,-0.00019725811223991752,-0.0016972581122399175,2026-08-13,2026-08-19,5069.5,5068.0,-0.00029588716835982076,-0.0017958871683598208
2026-08-12,TRENT,UNFAVORABLE,24435.94921875,,11.6899995803833,2987.0,48.56456151707032,-0.005530985445864278,0.024348377240736647,0.6356411396161564,-0.003336670003336706,-0.04538191115372325,0.6482587252468837,0.7191480608832903,0.009773556538603899,0.023434865464699216,0.015111452540793824,0.016153577936311336,0.4,30,0.20054482662940568,2877.907095772879,3016.19361338081,3056.9999431430565,0.2676032285292506,0.6416544104218121,False,"rr1,rr2,regime",True,True,True,True,False,False,True,True,True,False,False,"rr1,rr2,regime",True,True,True,True,False,False,True,True,True,False,False,"rr1,rr2,regime",True,True,True,True,False,False,True,True,True,False,REJECT,2026-08-13,2026-08-13,2987.0,2990.0,0.001004352192835567,-0.000495647807164433,2026-08-13,2026-08-17,2987.0,2946.0,-0.013726146635420156,-0.015226146635420155,2026-08-13,2026-08-19,2987.0,2953.0,-0.011382658185470351,-0.01288265818547035
2026-08-12,ULTRACEMCO,UNFAVORABLE,24435.94921875,,11.6899995803833,11891.0,55.309346180342175,0.042395591831627444,0.017020420735552322,1.1167219162883146,-0.017678645187938824,-0.024528301886792447,0.5804357398655471,0.6074470545981712,0.0007663720259153409,-0.002302121932351113,0.00208330383898947,0.0014277193860081638,0.4,30,0.31020293913968755,11587.41526555032,11900.11292976016,11891.0,0.03001774702762802,0.0,False,"er3,er5,rr1,rr2,regime",True,True,False,False,False,False,True,True,True,False,False,"er3,er5,rr1,rr2,regime",True,True,False,False,False,False,True,True,True,False,False,"er5,rr1,rr2,regime",True,True,True,False,False,False,True,True,True,False,REJECT,2026-08-13,2026-08-13,11875.0,11706.0,-0.014231578947368373,-0.015731578947368374,2026-08-13,2026-08-17,11875.0,11681.0,-0.016336842105263205,-0.017836842105263206,2026-08-13,2026-08-19,11875.0,11450.0,-0.03578947368421048,-0.037289473684210483
2026-08-12,WIPRO,UNFAVORABLE,24435.94921875,,11.6899995803833,183.94000244140625,55.02060041233397,0.031242482131494498,0.022283036078578393,0.5836292951353103,-0.019143584286563486,-0.01631104851681131,0.3923732257330683,0.3324938496272012,-0.005561082582085037,-0.005165363635719287,-0.004555898550854309,-0.010035008679336543,0.4,30,0.45660750686744095,177.79188987536276,183.94000244140625,183.94000244140625,0.0,0.0,False,"p3,p5,er3,er5,rr1,rr2,regime",False,False,False,False,False,False,True,True,True,False,False,"p3,p5,er3,er5,rr1,rr2,regime",False,False,False,False,False,False,True,True,True,False,False,"p3,p5,er3,er5,rr1,rr2,regime",False,False,False,False,False,False,True,True,True,False,REJECT,2026-08-13,2026-08-13,183.49000549316406,183.10000610351562,-0.00212545303816547,-0.00362545303816547,2026-08-13,2026-08-17,183.49000549316406,181.89999389648438,-0.008665385302083495,-0.010165385302083494,2026-08-13,2026-08-19,183.49000549316406,179.5500030517578,-0.021472572475087937,-0.022972572475087938
2026-08-12,APOLLOTYRE,UNFAVORABLE,24435.94921875,,11.6899995803833,445.1499938964844,61.159338870024264,0.045640381598382795,0.022023069489301515,0.7898211789925095,0.0003370649359200062,0.0005619240355803079,0.6113596668089032,0.5697507153055056,0.007112902406409346,0.007737869735447522,0.008144338916015403,0.0006333320885327787,0.4,30,0.41537332232723967,430.44464002336775,448.3163023592838,448.5945065619906,0.2153167132270001,0.23423527888052215,False,"rr1,rr2,regime",True,True,True,True,False,False,True,True,True,False,False,"rr1,rr2,regime",True,True,True,True,False,False,True,True,True,False,False,"rr1,rr2,regime",True,True,True,True,False,False,True,True,True,False,REJECT,2026-08-13,2026-08-13,446.0,443.04998779296875,-0.006614377145809924,-0.008114377145809924,2026-08-13,2026-08-17,446.0,436.70001220703125,-0.020851990567194556,-0.022351990567194557,2026-08-13,2026-08-19,446.0,427.3500061035156,-0.041816129812745184,-0.043316129812745185
2026-08-12,AUROPHARMA,UNFAVORABLE,24435.94921875,,11.6899995803833,1667.0,65.53099755701581,0.08130478149719966,0.02410661666494826,0.7639491976245112,0.005428226779252032,0.033221752060778265,0.5000900287857256,0.5769860493081559,0.002957711489352517,0.0049754561986148915,0.003937549688515063,0.006220915726844023,0.4,30,0.2656180586583358,1606.7214050292969,1671.9305050527505,1675.2940854830908,0.08179528828014075,0.13759586611336858,False,"p3,rr1,rr2,regime",False,True,True,True,False,False,True,True,True,False,False,"p3,rr1,rr2,regime",False,True,True,True,False,False,True,True,True,False,False,"p3,rr1,rr2,regime",False,True,True,True,False,False,True,True,True,False,REJECT,2026-08-13,2026-08-13,1666.0,1663.4000244140625,-0.0015606095954006083,-0.0030606095954006083,2026-08-13,2026-08-17,1666.0,1627.199951171875,-0.023289345034888997,-0.024789345034889,2026-08-13,2026-08-19,1666.0,1624.5,-0.024909963985594197,-0.026409963985594198
2026-08-12,BOSCHLTD,UNFAVORABLE,24435.94921875,,11.6899995803833,46480.0,77.41593594759739,0.14455955250734953,0.025007078297797896,2.477088827715428,0.08218859138533174,0.08294501397949672,0.523419559276037,0.6132960709507743,0.0015678351050684093,0.0065695263812603185,0.0012346424685612534,0.011769415256785654,0.4,30,0.4636266638110181,44736.50650107753,46552.872975683575,46785.35158620098,0.04179710204174102,0.17513778307157257,False,"p3,er3,rr1,rr2,rsi,regime",False,True,False,True,False,False,True,True,False,False,False,"p3,rr1,rr2,regime",False,True,True,True,False,False,True,True,True,False,False,"rr1,rr2,regime",True,True,True,True,False,False,True,True,True,False,REJECT,2026-08-13,2026-08-13,46500.0,46750.0,0.005376344086021501,0.0038763440860215006,2026-08-13,2026-08-17,46500.0,46970.0,0.010107526881720341,0.008607526881720342,2026-08-13,2026-08-19,46500.0,48460.0,0.04215053763440868,0.04065053763440868
2026-08-12,SAIL,UNFAVORABLE,24435.94921875,,11.6899995803833,174.0,55.71334439664529,0.010097491966593486,0.03432264782133556,1.1556008270767868,-0.01461095143448432,-0.008547008547008517,0.321706816404053,0.2500407148616723,-0.015981469717631078,-0.01893626500051368,-0.014027600191043654,-0.025316859725348917,0.4,30,0.422391934171553,165.29999999999998,174.0,174.0,0.0,0.0,False,"p3,p5,er3,er5,rr1,rr2,regime",False,False,False,False,False,False,True,True,True,False,False,"p3,p5,er3,er5,rr1,rr2,regime",False,False,False,False,False,False,True,True,True,False,False,"p3,p5,er3,er5,rr1,rr2,regime",False,False,False,False,False,False,True,True,True,False,REJECT,2026-08-13,2026-08-13,173.6999969482422,168.67999267578125,-0.028900428098204034,-0.030400428098204035,2026-08-13,2026-08-17,173.6999969482422,173.60000610351562,-0.0005756525416426017,-0.0020756525416426017,2026-08-13,2026-08-19,173.6999969482422,172.75,-0.005469182296677033,-0.006969182296677033
2026-08-12,DLF,UNFAVORABLE,24435.94921875,,11.6899995803833,661.75,54.914019856370516,0.04727335153821177,0.025087838337353882,0.7100586358236227,0.030763239875389425,0.019488560914893593,0.42535751349242473,0.3988205325163402,0.00518331784477888,-0.004624191636538107,-0.0023590563959018374,-0.019067878587503417,0.4,30,0.31869433032041067,636.847184470384,665.1800605837824,661.75,0.13773786260044182,0.0,False,"p3,p5,er5,rr1,rr2,regime",False,False,True,False,False,False,True,True,True,False,False,"p3,p5,er5,rr1,rr2,regime",False,False,True,False,False,False,True,True,True,False,False,"p3,p5,er5,rr1,rr2,regime",False,False,True,False,False,False,True,True,True,False,REJECT,2026-08-13,2026-08-13,661.2000122070312,664.0,0.004234706202776106,0.002734706202776106,2026-08-13,2026-08-17,661.2000122070312,671.0,0.014821517864552325,0.013321517864552325,2026-08-13,2026-08-19,661.2000122070312,669.9000244140625,0.013157912955856332,0.011657912955856333
2026-08-12,NAUKRI,UNFAVORABLE,24435.94921875,,11.6899995803833,1339.0,70.87771771555953,0.20073074777075384,0.03285768672316761,0.7446060089302549,0.09279355801921119,0.07809983896940409,0.40986136199206813,0.4765213515283121,-0.009318631167136611,-0.0020323056332701983,-0.007667832648853068,-0.0040459457309103275,0.4,30,0.7453417409995977,1273.005336216518,1339.0,1339.0,0.0,0.0,False,"p3,p5,er3,er5,rr1,rr2,regime",False,False,False,False,False,False,True,True,True,False,False,"p3,p5,er3,er5,rr1,rr2,regime",False,False,False,False,False,False,True,True,True,False,False,"p3,p5,er3,er5,rr1,rr2,regime",False,False,False,False,False,False,True,True,True,False,REJECT,2026-08-13,2026-08-13,1339.0,1357.300048828125,0.013666952074775862,0.012166952074775863,2026-08-13,2026-08-17,1339.0,1355.800048828125,0.012546713090459294,0.011046713090459294,2026-08-13,2026-08-19,1339.0,1378.4000244140625,0.02942496222110713,0.02792496222110713
2026-08-13,ADANIENT,UNFAVORABLE,24395.849609375,,11.420000076293945,2964.89990234375,39.73742332926277,-0.028637794224870894,0.02081736994205714,1.2305613528272774,-0.014983421148255793,-0.020191704446877012,0.3808290701610412,0.3118595657483552,-0.010750209056228723,-0.021427628211055785,-0.007777242735357792,-0.01811523129124548,0.4,30,0.2830735775393391,2872.3177751813614,2964.89990234375,2964.89990234375,0.0,0.0,False,"p3,p5,er3,er5,rr1,rr2,trend,regime",False,False,False,False,False,False,True,False,True,False,False,"p3,p5,er3,er5,rr1,rr2,trend,regime",False,False,False,False,False,False,True,False,True,False,False,"p3,p5,er3,er5,rr1,rr2,regime",False,False,False,False,False,False,True,True,True,False,REJECT,2026-08-14,2026-08-14,2965.0,3035.10009765625,0.02364252872048911,0.022142528720489107,2026-08-14,2026-08-18,2965.0,3002.5,0.012647554806070715,0.011147554806070716,2026-08-14,2026-08-20,2965.0,2994.89990234375,0.010084284095699836,0.008584284095699836
2026-08-13,ADANIPORTS,UNFAVORABLE,24395.849609375,,11.420000076293945,1658.0,29.88024054787283,-0.07139567747391284,0.021962774718154943,0.8916462977138051,-0.013682331945270687,-0.021828908554572313,0.42072176681791484,0.575924057327692,-0.0024750381306256,-0.0023597506547021196,-0.0040006838390496124,0.0036513580542844037,0.4,30,0.36305424837925254,1603.3785792759486,1658.0,1658.0,0.0,0.0,False,"p3,er3,er5,rr1,rr2,trend,regime",False,True,False,False,False,False,True,False,True,False,False,"p3,er3,er5,rr1,rr2,trend,regime",False,True,False,False,False,False,True,False,True,False,False,"p3,er3,er5,rr1,rr2,trend,regime",False,True,False,False,False,False,True,False,True,False,REJECT,2026-08-14,2026-08-14,1658.0,1700.0,0.02533172496984326,0.02383172496984326,2026-08-14,2026-08-18,1658.0,1682.4000244140625,0.014716540659868826,0.013216540659868827,2026-08-14,2026-08-20,1658.0,1696.0,0.022919179734619988,0.021419179734619986
2026-08-13,APOLLOHOSP,UNFAVORABLE,24395.849609375,,11.420000076293945,8590.0,39.43928054546825,-0.014286001516255142,0.02046096194386219,2.538741451585053,-0.035009029347105924,-0.041729335513043475,0.5249473507929088,0.5886127090600346,0.0024558681663433522,0.002155879997732642,0.0016979710648806767,0.005944096693065171,0.4,30,0.5725721275562353,8326.360505353336,8611.09590754889,8608.519009180523,0.08001800935464227,0.07024368335003456,False,"p3,er5,rr1,rr2,regime",False,True,True,False,False,False,True,True,True,False,False,"p3,rr1,rr2,regime",False,True,True,True,False,False,True,True,True,False,False,"rr1,rr2,regime",True,True,True,True,False,False,True,True,True,False,REJECT,2026-08-14,2026-08-14,8615.0,8920.5,0.03546140452698787,0.03396140452698787,2026-08-14,2026-08-18,8615.0,8817.0,0.023447475333720158,0.021947475333720157,2026-08-14,2026-08-20,8615.0,8735.0,0.013929193267556483,0.012429193267556484
2026-08-13,ASIANPAINT,UNFAVORABLE,24395.849609375,,11.420000076293945,2755.5,56.320947736543225,0.01940068828492003,0.022497858888554063,0.5671874935762115,0.0020000000000000018,0.00018148820326668869,0.560331472589602,0.5638942801689776,0.007526545739710846,0.01160556247189687,0.006529838178541358,0.009751301113012922,0.4,30,0.24436485966225707,2662.510724748884,2776.2393967857734,2787.479127391312,0.22302998630505472,0.3439012435031125,False,"rr1,rr2,regime",True,True,True,True,False,False,True,True,True,False,False,"rr1,rr2,regime",True,True,True,True,False,False,True,True,True,False,False,"rr1,rr2,regime",True,True,True,True,False,False,True,True,True,False,REJECT,2026-08-14,2026-08-14,2751.0,2696.300048828125,-0.019883660913077028,-0.02138366091307703,2026-08-14,2026-08-18,2751.0,2628.39990234375,-0.04456564800299889,-0.046065648002998894,2026-08-14,2026-08-20,2751.0,2625.199951171875,-0.04572884363072516,-0.04722884363072516
2026-08-13,AXISBANK,UNFAVORABLE,24395.849609375,,11.420000076293945,1221.800048828125,37.14567567707327,-0.06000842659625216,0.015632681044242216,0.6608059937353296,-0.02044415858394133,-0.027229260487161677,0.6117127029929399,0.7090245147434155,0.004894693388150088,0.009946868607836813,0.004865435645125427,0.011134364531743324,0.4,30,0.48596164648979406,1193.1500331333705,1227.7803854487656,1233.9531333788668,0.20873763855339023,0.4241912004595134,False,"rr1,rr2,trend,regime",True,True,True,True,False,False,True,False,True,False,False,"rr1,rr2,trend,regime",True,True,True,True,False,False,True,False,True,False,False,"rr1,rr2,trend,regime",True,True,True,True,False,False,True,False,True,False,REJECT,2026-08-14,2026-08-14,1216.0,1217.4000244140625,0.0011513358668278073,-0.0003486641331721927,2026-08-14,2026-08-18,1216.0,1243.0,0.022203947368421018,0.020703947368421016,2026-08-14,2026-08-20,1216.0,1251.0,0.028782894736842035,0.027282894736842034
2026-08-13,BAJAJ-AUTO,UNFAVORABLE,24395.849609375,,11.420000076293945,11661.0,65.80722071009907,0.10348390906406846,0.0194696607740086,0.3312481757556101,-0.0013702149524706941,0.0035283993115318157,0.3703086394633002,0.2128922215103123,-0.0024294426382737797,-0.009412483752395256,-0.007683643321611533,-0.018698222481748072,0.4,30,0.5259853432789098,11320.44642857143,11661.0,11661.0,0.0,0.0,False,"p3,p5,er3,er5,rr1,rr2,regime",False,False,False,False,False,False,True,True,True,False,False,"p3,p5,er3,er5,rr1,rr2,regime",False,False,False,False,False,False,True,True,True,False,False,"p3,p5,er3,er5,rr1,rr2,regime",False,False,False,False,False,False,True,True,True,False,REJECT,2026-08-14,2026-08-14,11698.0,11700.0,0.00017096939647798237,-0.0013290306035220177,2026-08-14,2026-08-18,11698.0,11607.0,-0.007779107539750418,-0.009279107539750418,2026-08-14,2026-08-20,11698.0,11793.0,0.008121046332706383,0.0066210463327063835
2026-08-13,BAJFINANCE,UNFAVORABLE,24395.849609375,,11.420000076293945,1090.800048828125,54.74091438678083,0.0726834055603438,0.02906778403192616,0.23399077337256086,-0.010342862319699275,-0.047169809308863275,0.708757279566568,0.7731910504062771,0.011875307901608914,0.01906493341104904,0.00528931535050392,0.012659653707149277,0.41870032085438424,30,0.8870331751787739,1043.2393384660993,1103.753635267049,1111.5960791238024,0.2723589774064159,0.43725230631293793,False,"rr1,rr2,regime",True,True,True,True,False,False,True,True,True,False,False,"rr1,rr2,regime",True,True,True,True,False,False,True,True,True,False,False,"rr1,rr2,regime",True,True,True,True,False,False,True,True,True,False,REJECT,2026-08-14,2026-08-14,1090.800048828125,1087.0,-0.0034837263091502813,-0.004983726309150281,2026-08-14,2026-08-18,1090.800048828125,1094.300048828125,0.003208654055122384,0.001708654055122384,2026-08-14,2026-08-20,1090.800048828125,1095.0,0.0038503401025578032,0.002350340102557803
2026-08-13,BAJAJFINSV,UNFAVORABLE,24395.849609375,,11.420000076293945,2025.0,60.499550630862856,0.0868034034567251,0.02431393039710097,0.592460565320716,0.0018304809194558125,-0.029242569511025884,0.4216293042409295,0.42837846021824705,0.0008198260488989111,0.00032749970034350365,-0.004340889060047537,-0.006035518191274292,0.4,30,0.4016372524091693,1951.146436418806,2026.6601477490203,2025.6631868931956,0.02247891189698884,0.008979754815304756,False,"p3,p5,er3,er5,rr1,rr2,regime",False,False,False,False,False,False,True,True,True,False,False,"p3,p5,er3,er5,rr1,rr2,regime",False,False,False,False,False,False,True,True,True,False,False,"p3,p5,er5,rr1,rr2,regime",False,False,True,False,False,False,True,True,True,False,REJECT,2026-08-14,2026-08-14,2033.5,2008.300048828125,-0.012392402838394379,-0.013892402838394378,2026-08-14,2026-08-18,2033.5,2011.199951171875,-0.010966338248401764,-0.012466338248401763,2026-08-14,2026-08-20,2033.5,2016.0,-0.008605851979345935,-0.010105851979345935
2026-08-13,BEL,UNFAVORABLE,24395.849609375,,11.420000076293945,410.5,58.4656011109805,0.0070338666067060185,0.0180392614936582,1.083044288569073,0.01658779341672756,0.02970255798479582,0.39335606666467177,0.3958290180602278,-0.0005417664654545222,-0.0007452695877891397,-0.004796401002824524,-0.004699538873130071,0.4,30,0.3185741258840884,399.39232473527994,410.5,410.5,0.0,0.0,False,"p3,p5,er3,er5,rr1,rr2,regime",False,False,False,False,False,False,True,True,True,False,False,"p3,p5,er3,er5,rr1,rr2,regime",False,False,False,False,False,False,True,True,True,False,False,"p3,p5,er3,er5,rr1,rr2,regime",False,False,False,False,False,False,True,True,True,False,REJECT,2026-08-14,2026-08-14,410.45001220703125,410.79998779296875,0.0008526631149445851,-0.0006473368850554149,2026-08-14,2026-08-18,410.45001220703125,412.0,0.0037763131852142084,0.0022763131852142084,2026-08-14,2026-08-20,410.45001220703125,409.3999938964844,-0.00255821239936338,-0.0040582123993633794
2026-08-13,BHARTIARTL,UNFAVORABLE,24395.849609375,,11.420000076293945,1939.0999755859375,53.72405440185914,0.02952723056619111,0.01868317825711125,2.0178938674431715,-0.002007217917685322,-0.004568801033912995,0.6607723765035196,0.5776451293520245,0.005271895785138075,0.008212543118312573,0.008799901475032623,0.005550120200205622,0.4,30,0.383673736991345,1884.7571498325894,1949.3227085741903,1955.024917746156,0.18811559477329867,0.293045897769447,False,"rr1,rr2,regime",True,True,True,True,False,False,True,True,True,False,False,"rr1,rr2,regime",True,True,True,True,False,False,True,True,True,False,False,"rr1,rr2,regime",True,True,True,True,False,False,True,True,True,False,REJECT,2026-08-14,2026-08-14,1939.0999755859375,1992.0999755859375,0.027332267890924467,0.025832267890924465,2026-08-14,2026-08-18,1939.0999755859375,1934.199951171875,-0.002526958112400557,-0.0040269581124005565,2026-08-14,2026-08-20,1939.0999755859375,1941.699951171875,0.0013408156457492826,-0.00015918435425071745
2026-08-13,BPCL,UNFAVORABLE,24395.849609375,,11.420000076293945,315.0,48.59206408434272,0.013771195473578857,0.019591842270762473,0.7955935787846892,-0.01098901098901095,-0.02687677441750269,0.5726689092005723,0.5914055919595402,0.007833578161309548,0.012804525904053543,0.009608244126972032,0.01651798346343314,0.4,30,0.23240201782163314,305.74285452706476,317.4675771208125,319.0334256597768,0.26655918155622255,0.4357094388944393,False,"rr1,rr2,regime",True,True,True,True,False,False,True,True,True,False,False,"rr1,rr2,regime",True,True,True,True,False,False,True,True,True,False,False,"rr1,rr2,regime",True,True,True,True,False,False,True,True,True,False,REJECT,2026-08-14,2026-08-14,314.8500061035156,319.45001220703125,0.01461015091104434,0.01311015091104434,2026-08-14,2026-08-18,314.8500061035156,310.29998779296875,-0.014451383904534265,-0.015951383904534266,2026-08-14,2026-08-20,314.8500061035156,308.70001220703125,-0.019533091241111133,-0.021033091241111135
2026-08-13,BRITANNIA,UNFAVORABLE,24395.849609375,,11.420000076293945,5615.0,64.9073724107052,0.06423766226690164,0.020230773417861416,0.6567093900842799,-0.0015115141815594813,0.03904515173945233,0.5302599756848433,0.4615893329642441,-0.001017504033058134,-0.00039088158653914585,0.002785223731786357,-0.0005926637283411029,0.4,30,0.4098780187057783,5444.606310888062,5615.0,5615.0,0.0,0.0,False,"p3,p5,er3,er5,rr1,rr2,regime",False,False,False,False,False,False,True,True,True,False,False,"p5,er3,er5,rr1,rr2,regime",True,False,False,False,False,False,True,True,True,False,False,"p5,er3,er5,rr1,rr2,regime",True,False,False,False,False,False,True,True,True,False,REJECT,2026-08-14,2026-08-14,5614.5,5558.0,-0.010063229138836949,-0.011563229138836948,2026-08-14,2026-08-18,5614.5,5495.0,-0.021284174904265707,-0.022784174904265708,2026-08-14,2026-08-20,5614.5,5548.0,-0.011844331641285955,-0.013344331641285954
2026-08-13,CIPLA,UNFAVORABLE,24395.849609375,,11.420000076293945,1458.800048828125,54.09557285940677,0.0198531911632871,0.015639077799918067,0.3263865245646882,-0.006063843183100159,-0.012322241822528723,0.5599908656433876,0.4490243137324346,0.0025997200248531016,0.002529222500434057,0.002030620573166275,-0.0031699186223178577,0.4,30,0.3280608683731981,1424.578617640904,1462.5925205273202,1462.4896787352554,0.11082153982535255,0.1078163530608919,False,"p5,er5,rr1,rr2,regime",True,False,True,False,False,False,True,True,True,False,False,"p5,rr1,rr2,regime",True,False,True,True,False,False,True,True,True,False,False,"p5,rr1,rr2,regime",True,False,True,True,False,False,True,True,True,False,REJECT,2026-08-14,2026-08-14,1457.5,1450.0,-0.005145797598627766,-0.006645797598627766,2026-08-14,2026-08-18,1457.5,1431.0999755859375,-0.018113224297813035,-0.019613224297813037,2026-08-14,2026-08-20,1457.5,1438.0,-0.013379073756432214,-0.014879073756432213
2026-08-13,COALINDIA,UNFAVORABLE,24395.849609375,,11.420000076293945,410.5,37.810571704320516,-0.04129395939782354,0.014764846543588074,0.6392004488773164,-0.0012165450121655041,-0.012271429327759265,0.2768973578984875,0.18103024036426188,-0.009034295260832225,-0.014444844974282979,-0.006013493714544738,-0.005452243401495138,0.5604974657636216,30,0.3401526675412296,401.40854574078566,410.5,410.5,0.0,0.0,False,"p3,p5,er3,er5,rr1,rr2,trend,regime",False,False,False,False,False,False,True,False,True,False,False,"p3,p5,er3,er5,rr1,rr2,trend,regime",False,False,False,False,False,False,True,False,True,False,False,"p3,p5,er3,er5,rr1,rr2,trend,regime",False,False,False,False,False,False,True,False,True,False,REJECT,2026-08-14,2026-08-14,409.79998779296875,407.1000061035156,-0.0065885353096134525,-0.008088535309613452,2026-08-14,2026-08-18,409.79998779296875,406.8999938964844,-0.007076608059709,-0.008576608059709,2026-08-14,2026-08-20,409.79998779296875,402.5,-0.01781353833679644,-0.019313538336796443
2026-08-13,DRREDDY,UNFAVORABLE,24395.849609375,,11.420000076293945,1206.0,51.21960656122544,-0.031198039939251965,0.017424814115342187,0.7851561452845962,0.04073174765535037,0.029888983774551736,0.6032074317645708,0.5673040376476122,0.004481856095885252,0.006795728503799748,0.0041062313384674365,0.0056464520660710615,0.4,30,0.33463880008839914,1174.478511265346,1211.4051184516377,1214.1956485755827,0.17147408541321305,0.2600019511950464,False,"rr1,rr2,trend,regime",True,True,True,True,False,False,True,False,True,False,False,"rr1,rr2,trend,regime",True,True,True,True,False,False,True,False,True,False,False,"rr1,rr2,trend,regime",True,True,True,True,False,False,True,False,True,False,REJECT,2026-08-14,2026-08-14,1205.9000244140625,1200.0,-0.004892631474096909,-0.006392631474096909,2026-08-14,2026-08-18,1205.9000244140625,1178.800048828125,-0.02247282116036542,-0.02397282116036542,2026-08-14,2026-08-20,1205.9000244140625,1180.0,-0.021477754282862027,-0.02297775428286203
2026-08-13,EICHERMOT,UNFAVORABLE,24395.849609375,,11.420000076293945,8100.0,68.87722980998569,0.0782175393399096,0.01833721385391991,0.46325841664155715,0.01567398119122254,0.01663005961719488,0.6175753374882931,0.7133731169391065,0.0097212400850263,0.009002623548940993,0.00515416916454603,0.010672154279930512,0.4,30,0.36734409933119083,7877.202851674873,8178.742044688714,8172.921250746423,0.3534248318735468,0.32729885141980825,False,"rr1,rr2,regime",True,True,True,True,False,False,True,True,True,False,False,"rr1,rr2,regime",True,True,True,True,False,False,True,True,True,False,False,"rr1,rr2,regime",True,True,True,True,False,False,True,True,True,False,REJECT,2026-08-14,2026-08-14,8100.0,8066.5,-0.0041358024691358075,-0.005635802469135807,2026-08-14,2026-08-18,8100.0,8018.5,-0.010061728395061698,-0.011561728395061697,2026-08-14,2026-08-20,8100.0,8042.0,-0.007160493827160441,-0.00866049382716044
2026-08-13,ETERNAL,UNFAVORABLE,24395.849609375,,11.420000076293945,318.0,64.75564335405251,0.1300519164622156,0.02849282044498961,0.815843790461846,0.024979854955681002,0.005533596837944632,0.6595873791798122,0.7087730087694609,0.013866597702527928,0.02655264958354593,0.015625889450461283,0.02322098974391451,0.4,30,0.29174215940546366,304.40892464774,322.40957806940384,326.4437425675676,0.32444659124567204,0.6212711171646556,False,"rr1,rr2,regime",True,True,True,True,False,False,True,True,True,False,False,"rr1,rr2,regime",True,True,True,True,False,False,True,True,True,False,False,"rr1,rr2,regime",True,True,True,True,False,False,True,True,True,False,REJECT,2026-08-14,2026-08-14,317.79998779296875,318.5,0.0022026816674620697,0.0007026816674620697,2026-08-14,2026-08-18,317.79998779296875,315.8999938964844,-0.00597858391902184,-0.00747858391902184,2026-08-14,2026-08-20,317.79998779296875,327.95001220703125,0.03193840404007431,0.030438404040074307
2026-08-13,GRASIM,UNFAVORABLE,24395.849609375,,11.420000076293945,3257.0,55.69107963566383,0.03512051710004882,0.027169331970482172,1.4632968941202256,-0.03653305724005329,0.014641744548286706,0.6455912044865819,0.587103700189294,0.007880375089907068,0.009655307351142967,0.005956446268580051,0.0073442214560339725,0.4,30,0.4164839531078939,3124.2642286582095,3282.666381667827,3288.4473360426728,0.19336446692833703,0.2369168139438226,False,"rr1,rr2,regime",True,True,True,True,False,False,True,True,True,False,False,"rr1,rr2,regime",True,True,True,True,False,False,True,True,True,False,False,"rr1,rr2,regime",True,True,True,True,False,False,True,True,True,False,REJECT,2026-08-14,2026-08-14,3264.800048828125,3248.699951171875,-0.004931419203460519,-0.006431419203460518,2026-08-14,2026-08-18,3264.800048828125,3278.699951171875,0.004257504942374313,0.0027575049423743127,2026-08-14,2026-08-20,3264.800048828125,3300.0,0.010781656041848553,0.009281656041848553
2026-08-13,HCLTECH,UNFAVORABLE,24395.849609375,,11.420000076293945,1370.0,70.52526832790218,0.1415126430476008,0.02396767211532195,0.2601302782511466,0.009431218161386479,0.02621722846441954,0.5113382364563757,0.4146426637229875,-0.004980690263161516,-0.0048789680294453065,0.005717834239600816,-0.004880157809756536,0.4,30,0.37883922185068003,1320.7464338030134,1370.0,1370.0,0.0,0.0,False,"p3,p5,er3,er5,rr1,rr2,regime",False,False,False,False,False,False,True,True,True,False,False,"p3,p5,er3,er5,rr1,rr2,regime",False,False,False,False,False,False,True,True,True,False,False,"p3,p5,er3,er5,rr1,rr2,regime",False,False,False,False,False,False,True,True,True,False,REJECT,2026-08-14,2026-08-14,1372.800048828125,1360.0,-0.009324044560642064,-0.010824044560642064,2026-08-14,2026-08-18,1372.800048828125,1298.0,-0.05448721311743632,-0.05598721311743632,2026-08-14,2026-08-20,1372.800048828125,1318.4000244140625,-0.039627056001710126,-0.04112705600171013
2026-08-13,HDFCBANK,UNFAVORABLE,24395.849609375,,11.420000076293945,725.0,32.201844589364796,-0.05912839125545133,0.012945815213208128,0.7215470954859939,-0.008207934336525335,-0.012665106833136486,0.6284201597251547,0.6624035951564137,0.005925739594307011,0.0064289865592727915,0.006522942694605405,0.012006460103677563,0.4,30,0.5974768802101318,710.9214259556362,729.2961612058726,729.6610152554728,0.3051559903960983,0.331071544659649,False,"rr1,rr2,trend,regime",True,True,True,True,False,False,True,False,True,False,False,"rr1,rr2,trend,regime",True,True,True,True,False,False,True,False,True,False,False,"rr1,rr2,trend,regime",True,True,True,True,False,False,True,False,True,False,REJECT,2026-08-14,2026-08-14,725.0,727.0,0.0027586206896552667,0.0012586206896552667,2026-08-14,2026-08-18,725.0,723.0,-0.0027586206896551557,-0.004258620689655155,2026-08-14,2026-08-20,725.0,725.0499877929688,6.894867995699272e-05,-0.0014310513200430073
2026-08-13,HDFCLIFE,UNFAVORABLE,24395.849609375,,11.420000076293945,538.0499877929688,39.35653010543617,-0.04368362566607087,0.017112045517300816,0.45375570831422685,-0.0036111337167245017,-0.008202787478398643,0.45176257308425,0.5330979163403905,0.0032815199971612534,0.009835708322031064,-0.005257306215183832,0.0007804524554083647,0.4,30,0.25650958821183584,524.2392839704241,539.8156095873837,543.3420905355728,0.12784444711157875,0.3831884899280209,False,"p3,rr1,rr2,trend,regime",False,True,True,True,False,False,True,False,True,False,False,"p3,rr1,rr2,trend,regime",False,True,True,True,False,False,True,False,True,False,False,"p3,rr1,rr2,trend,regime",False,True,True,True,False,False,True,False,True,False,REJECT,2026-08-14,2026-08-14,539.5,535.8499755859375,-0.006765568886121454,-0.008265568886121453,2026-08-14,2026-08-18,539.5,538.25,-0.0023169601482854185,-0.0038169601482854186,2026-08-14,2026-08-20,539.5,542.0,0.004633920296570837,0.003133920296570837
2026-08-13,HEROMOTOCO,UNFAVORABLE,24395.849609375,,11.420000076293945,5850.0,75.50538335590034,0.15863813645589087,0.02459095862904457,0.6291118247383867,-0.0017064846416382506,0.05395910278353311,0.47887709244237536,0.33275655223414263,-0.007494127898666436,-0.010934630127695829,-0.0034901947105862585,-0.010312289419585507,0.4,30,0.3689387233683217,5634.214338030134,5850.0,5850.0,0.0,0.0,False,"p3,p5,er3,er5,rr1,rr2,regime",False,False,False,False,False,False,True,True,True,False,False,"p3,p5,er3,er5,rr1,rr2,regime",False,False,False,False,False,False,True,True,True,False,False,"p3,p5,er3,er5,rr1,rr2,regime",False,False,False,False,False,False,True,True,True,False,REJECT,2026-08-14,2026-08-14,5830.0,5790.0,-0.006861063464837058,-0.008361063464837058,2026-08-14,2026-08-18,5830.0,5745.5,-0.01449399656946826,-0.01599399656946826,2026-08-14,2026-08-20,5830.0,5740.5,-0.01535162950257285,-0.01685162950257285
2026-08-13,HINDALCO,UNFAVORABLE,24395.849609375,,11.420000076293945,1046.25,60.623183238924845,0.0586172364206452,0.02398020556648959,0.9515281071127505,-0.007400074443141391,0.018743914313534615,0.6444129859310068,0.7757585484917383,0.016257520081573745,0.026519560572829122,0.0174360207405857,0.033253188265671474,0.4024434263405134,30,0.34038334823998256,1008.6160648890905,1063.2594303853466,1073.9960902493226,0.4519705509195029,0.7372625309458913,False,"rr1,rr2,regime",True,True,True,True,False,False,True,True,True,False,False,"rr1,rr2,regime",True,True,True,True,False,False,True,True,True,False,False,"rr1,rr2,regime",True,True,True,True,False,False,True,True,True,False,REJECT,2026-08-14,2026-08-14,1035.800048828125,1029.5,-0.0060823021154060575,-0.007582302115406057,2026-08-14,2026-08-18,1035.800048828125,1041.5999755859375,0.0055994656153708355,0.004099465615370836,2026-08-14,2026-08-20,1035.800048828125,1029.8499755859375,-0.005744422631490775,-0.007244422631490775
2026-08-13,HINDUNILVR,UNFAVORABLE,24395.849609375,,11.420000076293945,2092.0,46.765429821880325,-0.020320053456611364,0.0232620968645435,0.6544206862038086,0.002299755145849902,0.006011060351045927,0.5264871965845771,0.4788474327648635,0.003260216070351783,0.0005328473396598301,0.0033375452506375636,-0.0022778716902212004,0.4,30,0.6377628728705514,2019.0035400390625,2098.820372019176,2093.114716634568,0.09343428466018348,0.01527083142339583,False,"p3,p5,er5,rr1,rr2,trend,regime",False,False,True,False,False,False,True,False,True,False,False,"p3,p5,er5,rr1,rr2,regime",False,False,True,False,False,False,True,True,True,False,False,"p5,er5,rr1,rr2,regime",True,False,True,False,False,False,True,True,True,False,REJECT,2026-08-14,2026-08-14,2089.0,2077.0,-0.005744375299186255,-0.007244375299186255,2026-08-14,2026-08-18,2089.0,2035.0,-0.02584968884633798,-0.027349688846337983,2026-08-14,2026-08-20,2089.0,2028.0,-0.02920057443752988,-0.03070057443752988
2026-08-13,ICICIBANK,UNFAVORABLE,24395.849609375,,11.420000076293945,1406.800048828125,46.923051087629574,0.016427036374633053,0.016647489823786405,0.9120754295785309,-0.01746053858599994,-0.03478555826543739,0.674289281628035,0.5971540820250204,0.006987329236935887,0.010823144502791907,0.005844016279608177,0.00855619626292492,0.45441843776889135,30,0.5166834525305922,1371.6705145826722,1416.6298239398245,1422.0260490431267,0.279815127721823,0.4334244829042272,False,"rr1,rr2,regime",True,True,True,True,False,False,True,True,True,False,False,"rr1,rr2,regime",True,True,True,True,False,False,True,True,True,False,False,"rr1,rr2,regime",True,True,True,True,False,False,True,True,True,False,REJECT,2026-08-14,2026-08-14,1403.0,1417.0,0.009978617248752597,0.008478617248752597,2026-08-14,2026-08-18,1403.0,1412.0,0.006414825374198241,0.004914825374198241,2026-08-14,2026-08-20,1403.0,1411.9000244140625,0.006343566938034506,0.0048435669380345065
2026-08-13,ICICIGI,UNFAVORABLE,24395.849609375,,11.420000076293945,1628.0,41.8493960541682,-0.05618701634070977,0.02671990171990172,0.3232428154873035,-0.012615264563406892,-0.018094089264173663,0.319746647766229,0.4507098607225945,0.0003389846786321462,-0.005197942062188376,-0.005028745926721201,-0.008908394250733642,0.4,30,0.3341323549967745,1562.75,1628.551867056813,1628.0,0.008457732671464829,0.0,False,"p3,p5,er3,er5,rr1,rr2,trend,regime",False,False,False,False,False,False,True,False,True,False,False,"p3,p5,er3,er5,rr1,rr2,trend,regime",False,False,False,False,False,False,True,False,True,False,False,"p3,p5,er5,rr1,rr2,trend,regime",False,False,True,False,False,False,True,False,True,False,REJECT,2026-08-14,2026-08-14,1633.800048828125,1630.0,-0.0023258958957986797,-0.0038258958957986798,2026-08-14,2026-08-18,1633.800048828125,1623.800048828125,-0.006120700025179171,-0.007620700025179171,2026-08-14,2026-08-20,1633.800048828125,1625.0,-0.00538624590838821,-0.006886245908388209
2026-08-13,ICICIPRULI,UNFAVORABLE,24395.849609375,,11.420000076293945,507.0,51.173959308283315,0.017775951263993894,0.019723874476635143,0.5753831989068396,0.014507253626813377,0.0,0.5133903203942425,0.6058606082243643,0.005434602693412408,0.007921984256626269,0.00375803801567709,0.0077079650830367274,0.4,30,0.25553268373101595,491.999993460519,509.7553435655601,511.0164460181095,0.18368949095507858,0.26776295113858434,False,"p3,rr1,rr2,regime",False,True,True,True,False,False,True,True,True,False,False,"p3,rr1,rr2,regime",False,True,True,True,False,False,True,True,True,False,False,"p3,rr1,rr2,regime",False,True,True,True,False,False,True,True,True,False,REJECT,2026-08-14,2026-08-14,506.0,509.1499938964844,0.006225284380403817,0.0047252843804038176,2026-08-14,2026-08-18,506.0,498.20001220703125,-0.015414995638278195,-0.016914995638278196,2026-08-14,2026-08-20,506.0,502.0,-0.007905138339920903,-0.009405138339920903
2026-08-13,INDUSINDBK,UNFAVORABLE,24395.849609375,,11.420000076293945,1024.699951171875,55.94385590166215,0.048275178801185925,0.01850019504634363,0.32012934457636044,-0.002531001199908456,0.008364435015487892,0.41716408669818683,0.5210115290984448,0.0004577893524618145,-0.0020505881410149275,-0.00568838680258138,0.0027626249135265235,0.4,30,0.37759322337963963,996.2642277308872,1025.1690478989897,1024.699951171875,0.01649673967635056,0.0,False,"p3,p5,er3,er5,rr1,rr2,regime",False,False,False,False,False,False,True,True,True,False,False,"p3,er3,er5,rr1,rr2,regime",False,True,False,False,False,False,True,True,True,False,False,"p3,er5,rr1,rr2,regime",False,True,True,False,False,False,True,True,True,False,REJECT,2026-08-14,2026-08-14,1022.5,1020.7999877929688,-0.0016626036254584475,-0.0031626036254584476,2026-08-14,2026-08-18,1022.5,1015.0,-0.007334963325183352,-0.008834963325183352,2026-08-14,2026-08-20,1022.5,1008.0,-0.01418092909535451,-0.015680929095354512
2026-08-13,INFY,UNFAVORABLE,24395.849609375,,11.420000076293945,1175.0,60.308074091238936,0.06641000857966173,0.026954401358282674,0.4594068960116437,-0.006762468300929858,0.008583690987124415,0.6197264239662147,0.6426991795150284,0.0015446816393657335,0.006153968977519328,0.004194439617641765,0.013030200090538457,0.4,30,0.497912369088271,1127.4928676060267,1176.815000926255,1182.2309135485852,0.038204809147461286,0.1522069041890341,False,"er3,rr1,rr2,regime",True,True,False,True,False,False,True,True,True,False,False,"rr1,rr2,regime",True,True,True,True,False,False,True,True,True,False,False,"rr1,rr2,regime",True,True,True,True,False,False,True,True,True,False,REJECT,2026-08-14,2026-08-14,1170.4000244140625,1169.199951171875,-0.0010253530563520963,-0.0025253530563520963,2026-08-14,2026-08-18,1170.4000244140625,1115.0,-0.0473342645748811,-0.0488342645748811,2026-08-14,2026-08-20,1170.4000244140625,1130.0,-0.034518133605036416,-0.03601813360503642
2026-08-13,ITC,UNFAVORABLE,24395.849609375,,11.420000076293945,278.5,41.49091514827242,-0.022210050210590748,0.016965887124002148,0.7147647177394597,-0.01468244820838116,-0.025883155139778347,0.4674552953096407,0.39992115116770754,-0.0013384391401951065,-0.0035455169382254932,0.0,-0.0034120790930931566,0.4,30,0.3236442971066955,271.4125006539481,278.5,278.5,0.0,0.0,False,"p3,p5,er3,er5,rr1,rr2,trend,regime",False,False,False,False,False,False,True,False,True,False,False,"p3,p5,er3,er5,rr1,rr2,regime",False,False,False,False,False,False,True,True,True,False,False,"p3,p5,er3,er5,rr1,rr2,regime",False,False,False,False,False,False,True,True,True,False,REJECT,2026-08-14,2026-08-14,278.3500061035156,278.20001220703125,-0.0005388679475314406,-0.0020388679475314407,2026-08-14,2026-08-18,278.3500061035156,270.0,-0.029998224970077203,-0.031498224970077204,2026-08-14,2026-08-20,278.3500061035156,271.6499938964844,-0.024070458272379525,-0.025570458272379526
2026-08-13,JIOFIN,UNFAVORABLE,24395.849609375,,11.420000076293945,255.60000610351562,58.26822513782885,0.057135560684224984,0.026882966095207694,2.0226716654062207,0.006299236628014349,-0.026231124837492015,0.34998395257593606,0.4870900244898285,-0.001952334370232236,0.0018191490564679722,-0.007650220650857409,-0.004097166081914516,0.4,30,0.5288230520767799,245.2930766564921,255.60000610351562,256.06498061345206,0.0,0.04511280612973603,False,"p3,p5,er3,er5,rr1,rr2,regime",False,False,False,False,False,False,True,True,True,False,False,"p3,p5,er3,er5,rr1,rr2,regime",False,False,False,False,False,False,True,True,True,False,False,"p3,p5,er3,rr1,rr2,regime",False,False,False,True,False,False,True,True,True,False,REJECT,2026-08-14,2026-08-14,255.60000610351562,249.0500030517578,-0.02562598941842409,-0.02712598941842409,2026-08-14,2026-08-18,255.60000610351562,245.8000030517578,-0.03834116908349716,-0.03984116908349716,2026-08-14,2026-08-20,255.60000610351562,244.60000610351562,-0.043035992712555315,-0.04453599271255532
2026-08-13,JSWSTEEL,UNFAVORABLE,24395.849609375,,11.420000076293945,1275.0,51.11584374473348,0.01380387427099583,0.020224103313200282,0.926044015439053,-0.020737327188940058,-0.025154846547848053,0.7598784754433373,0.8302964862018613,0.01325209461264352,0.022555521653442115,0.01828514073220011,0.023944964604875385,0.47980401481233537,30,0.2761964577565244,1236.3214024135043,1291.8964206311205,1303.7582901081387,0.436841604542035,0.743519463026741,False,"rr1,rr2,regime",True,True,True,True,False,False,True,True,True,False,False,"rr1,rr2,regime",True,True,True,True,False,False,True,True,True,False,False,"rr1,rr2,regime",True,True,True,True,False,False,True,True,True,False,REJECT,2026-08-14,2026-08-14,1267.300048828125,1270.0,0.0021304750791824034,0.0006304750791824034,2026-08-14,2026-08-18,1267.300048828125,1267.5999755859375,0.00023666594039029043,-0.0012633340596097096,2026-08-14,2026-08-20,1267.300048828125,1299.699951171875,0.025566086242725383,0.024066086242725382
2026-08-13,KOTAKBANK,UNFAVORABLE,24395.849609375,,11.420000076293945,392.3999938964844,52.66132016778083,0.004282665317909329,0.014662525498949024,0.4571776570744206,-0.0027954411779304023,-0.004060929196740171,0.4626207967574489,0.5700031240980393,0.002616141613587021,-0.004209772052226409,-0.0013867753464732457,0.005555499392957408,0.4,30,0.3601980672187108,383.7696315220424,393.42656784968824,392.3999938964844,0.11894911345136212,0.0,False,"p3,er5,rr1,rr2,regime",False,True,True,False,False,False,True,True,True,False,False,"p3,er5,rr1,rr2,regime",False,True,True,False,False,False,True,True,True,False,False,"p3,er5,rr1,rr2,regime",False,True,True,False,False,False,True,True,True,False,REJECT,2026-08-14,2026-08-14,393.1000061035156,391.1499938964844,-0.004960600805785198,-0.006460600805785198,2026-08-14,2026-08-18,393.1000061035156,387.6499938964844,-0.013864187541111628,-0.015364187541111627,2026-08-14,2026-08-20,393.1000061035156,397.3500061035156,0.010811498178610712,0.009311498178610713
2026-08-13,LT,UNFAVORABLE,24395.849609375,,11.420000076293945,4070.699951171875,60.47369013102766,0.01850762025912145,0.015472945323642717,1.340038591406384,-0.0022794237323835453,0.002191122713270266,0.46979318836482475,0.4616370751218876,-0.0036434276357189704,-0.005108769067056542,-0.0006596130183864624,-0.0006556362063355747,0.4,30,0.26901531131996875,3976.2213745117188,4070.699951171875,4070.699951171875,0.0,0.0,False,"p3,p5,er3,er5,rr1,rr2,regime",False,False,False,False,False,False,True,True,True,False,False,"p3,p5,er3,er5,rr1,rr2,regime",False,False,False,False,False,False,True,True,True,False,False,"p3,p5,er3,er5,rr1,rr2,regime",False,False,False,False,False,False,True,True,True,False,REJECT,2026-08-14,2026-08-14,4068.699951171875,4057.0,-0.002875599408234897,-0.004375599408234896,2026-08-14,2026-08-18,4068.699951171875,4064.300048828125,-0.001081402511011631,-0.002581402511011631,2026-08-14,2026-08-20,4068.699951171875,4081.0,0.0030230906618176068,0.0015230906618176067
2026-08-13,M&M,UNFAVORABLE,24395.849609375,,11.420000076293945,3428.199951171875,60.05289747217379,0.07918672914751923,0.023983840452928305,0.8917296735579071,-0.0252488054671951,0.006517895235430116,0.5313641161248776,0.6022685981747835,0.006712708173195046,0.01702185236366638,0.0012984140868053107,0.00433972453960918,0.4,30,0.38222495877847773,3304.867850167411,3451.2124570034534,3486.5542646138515,0.1865897494987575,0.4731478095866077,False,"p3,rr1,rr2,regime",False,True,True,True,False,False,True,True,True,False,False,"rr1,rr2,regime",True,True,True,True,False,False,True,True,True,False,False,"rr1,rr2,regime",True,True,True,True,False,False,True,True,True,False,REJECT,2026-08-14,2026-08-14,3425.0,3428.300048828125,0.0009635179060218935,-0.0005364820939781066,2026-08-14,2026-08-18,3425.0,3421.5,-0.0010218978102189968,-0.002521897810218997,2026-08-14,2026-08-20,3425.0,3424.800048828125,-5.837990419710337e-05,-0.0015583799041971034
2026-08-13,MARUTI,UNFAVORABLE,24395.849609375,,11.420000076293945,13905.0,53.501987901617134,0.020172063501635584,0.017545873312498787,0.5368400740536364,-0.013619919131730107,-0.0025107604017217122,0.6416097138389705,0.5224204513357922,0.004116559322963117,0.0027684132018693593,0.002041848720831241,0.005368249805171588,0.41172619494488094,30,0.30774648835528007,13539.036947384557,13962.240757385802,13943.494785571993,0.15641130156915262,0.10518762835996866,False,"p5,er5,rr1,rr2,regime",True,False,True,False,False,False,True,True,True,False,False,"rr1,rr2,regime",True,True,True,True,False,False,True,True,True,False,False,"rr1,rr2,regime",True,True,True,True,False,False,True,True,True,False,REJECT,2026-08-14,2026-08-14,13905.0,13834.0,-0.005106076950737171,-0.00660607695073717,2026-08-14,2026-08-18,13905.0,13691.0,-0.01539014742898237,-0.01689014742898237,2026-08-14,2026-08-20,13905.0,13809.0,-0.0069039913700107425,-0.008403991370010742
2026-08-13,NESTLEIND,UNFAVORABLE,24395.849609375,,11.420000076293945,1506.9000244140625,56.07414359302289,0.042625596767125185,0.02402756340506072,0.726495290097819,-0.01419596462021211,-0.018306173020154692,0.5150230529291543,0.5907846083826473,-0.00042523815339089426,0.0005191806961491678,0.0006850223938313915,0.004776887065628954,0.4,30,0.3450329774276556,1452.589320591518,1506.9000244140625,1507.682377817765,0.0,0.014405142055583426,False,"p3,er3,er5,rr1,rr2,regime",False,True,False,False,False,False,True,True,True,False,False,"p3,er3,er5,rr1,rr2,regime",False,True,False,False,False,False,True,True,True,False,False,"p3,er3,er5,rr1,rr2,regime",False,True,False,False,False,False,True,True,True,False,REJECT,2026-08-14,2026-08-14,1506.9000244140625,1499.0999755859375,-0.005176221847337126,-0.006676221847337125,2026-08-14,2026-08-18,1506.9000244140625,1462.5,-0.029464479192192528,-0.03096447919219253,2026-08-14,2026-08-20,1506.9000244140625,1458.0,-0.032450742333139604,-0.033950742333139605
2026-08-13,NTPC,UNFAVORABLE,24395.849609375,,11.420000076293945,344.25,46.587658589697945,-0.01894847132858224,0.017792302106027596,1.0206402913841062,0.011161661497189002,-0.0021739130434782483,0.3623261924368712,0.44243215969967115,-0.0028443576902921395,-0.0026103761024027913,-0.004416413435363975,-0.007216464545503509,0.4096923030966174,30,0.30964705050080177,335.0625,344.25,344.25,0.0,0.0,False,"p3,p5,er3,er5,rr1,rr2,regime",False,False,False,False,False,False,True,True,True,False,False,"p3,p5,er3,er5,rr1,rr2,regime",False,False,False,False,False,False,True,True,True,False,False,"p3,p5,er3,er5,rr1,rr2,regime",False,False,False,False,False,False,True,True,True,False,REJECT,2026-08-14,2026-08-14,343.6499938964844,340.0,-0.010621254070453556,-0.012121254070453556,2026-08-14,2026-08-18,343.6499938964844,337.1000061035156,-0.019060055024886058,-0.02056005502488606,2026-08-14,2026-08-20,343.6499938964844,337.5,-0.017896097790523702,-0.019396097790523703
2026-08-13,ONGC,UNFAVORABLE,24395.849609375,,11.420000076293945,239.89999389648438,42.51134135080875,-0.01800985924950338,0.01801048265114802,0.6390314841106335,0.00025015660235938597,0.008830911765251193,0.6380580874907226,0.7059715975238408,0.0011400749969100803,0.004976021302729644,0.003733891860878913,0.009845219765706514,0.4,30,0.3783366237528104,233.41892187935966,240.17349788128465,241.093741376638,0.0422004236455946,0.1841898187521191,False,"er3,rr1,rr2,regime",True,True,False,True,False,False,True,True,True,False,False,"rr1,rr2,regime",True,True,True,True,False,False,True,True,True,False,False,"rr1,rr2,regime",True,True,True,True,False,False,True,True,True,False,REJECT,2026-08-14,2026-08-14,239.49000549316406,236.39999389648438,-0.012902465763933058,-0.014402465763933057,2026-08-14,2026-08-18,239.49000549316406,239.5,4.173245900318534e-05,-0.0014582675409968147,2026-08-14,2026-08-20,239.49000549316406,238.5,-0.004133807133727463,-0.0056338071337274625
2026-08-13,POWERGRID,UNFAVORABLE,24395.849609375,,11.420000076293945,266.6000061035156,30.05124107921486,-0.0615517673722783,0.019491495919414625,1.0794132479572585,-0.01295816335027633,-0.015327770624134374,0.6471783485723664,0.49367687466579224,0.008770007464301018,0.0007011735542103816,0.007300809103553574,0.001759879402303488,0.4,30,0.2769291783626923,258.80535670689176,268.9380901470262,266.78693897734775,0.29996012964011615,0.023982204242962768,False,"p5,er5,rr1,rr2,trend,regime",True,False,True,False,False,False,True,False,True,False,False,"p5,er5,rr1,rr2,trend,regime",True,False,True,False,False,False,True,False,True,False,False,"p5,er5,rr1,rr2,trend,regime",True,False,True,False,False,False,True,False,True,False,REJECT,2026-08-14,2026-08-14,267.0,266.04998779296875,-0.0035580981536751377,-0.005058098153675137,2026-08-14,2026-08-18,267.0,268.0,0.0037453183520599342,0.002245318352059934,2026-08-14,2026-08-20,267.0,264.79998779296875,-0.00823974609375,-0.00973974609375
2026-08-13,RELIANCE,UNFAVORABLE,24395.849609375,,11.420000076293945,1317.0,52.917555838053474,0.011834698740300853,0.015609064256308303,0.8029085050556175,-0.007760151020275274,-0.006037735849056647,0.45478162381821274,0.35721122450168885,-0.007776193632158045,-0.014812370897334583,-0.0052302498877115355,-0.012118314433351318,0.4059431455052984,30,0.3237870609279714,1286.1642935616628,1317.0,1317.0,0.0,0.0,False,"p3,p5,er3,er5,rr1,rr2,regime",False,False,False,False,False,False,True,True,True,False,False,"p3,p5,er3,er5,rr1,rr2,regime",False,False,False,False,False,False,True,True,True,False,False,"p3,p5,er3,er5,rr1,rr2,regime",False,False,False,False,False,False,True,True,True,False,REJECT,2026-08-14,2026-08-14,1317.0,1310.0,-0.005315110098709219,-0.006815110098709219,2026-08-14,2026-08-18,1317.0,1322.0,0.0037965072133636646,0.0022965072133636646,2026-08-14,2026-08-20,1317.0,1313.199951171875,-0.0028853825574222114,-0.004385382557422211
2026-08-13,SBILIFE,UNFAVORABLE,24395.849609375,,11.420000076293945,1812.0,41.560394683205274,-0.0018464722410431733,0.018748032862513798,1.538956328379072,-0.023180592991913773,-0.026591458501208698,0.5431701266381335,0.3686458774123249,0.002326263154163537,-0.00010649997201783322,0.0011501990341106216,-0.0017362182349283106,0.4,30,0.28179747519657034,1761.0428466796875,1816.2151888353444,1812.0,0.08272025732772147,0.0,False,"p5,er5,rr1,rr2,regime",True,False,True,False,False,False,True,True,True,False,False,"p5,er5,rr1,rr2,regime",True,False,True,False,False,False,True,True,True,False,False,"p5,er5,rr1,rr2,regime",True,False,True,False,False,False,True,True,True,False,REJECT,2026-08-14,2026-08-14,1812.800048828125,1795.0,-0.009819091101432642,-0.011319091101432642,2026-08-14,2026-08-18,1812.800048828125,1778.0,-0.01919684901300689,-0.02069684901300689,2026-08-14,2026-08-20,1812.800048828125,1782.0,-0.016990317739695282,-0.018490317739695283
2026-08-13,SBIN,UNFAVORABLE,24395.849609375,,11.420000076293945,1083.0,62.20393614943583,0.047203447865265424,0.01916634736125882,0.8184063442956084,0.011204481792717047,-0.0018433179723502668,0.4158035036799654,0.35187309354241336,-0.002720105356246251,-0.0072309482784186484,-0.0012754727237802577,-0.004973957907844995,0.4,30,0.36951559781322446,1051.864268711635,1083.0,1083.0,0.0,0.0,False,"p3,p5,er3,er5,rr1,rr2,regime",False,False,False,False,False,False,True,True,True,False,False,"p3,p5,er3,er5,rr1,rr2,regime",False,False,False,False,False,False,True,True,True,False,False,"p3,p5,er3,er5,rr1,rr2,regime",False,False,False,False,False,False,True,True,True,False,REJECT,2026-08-14,2026-08-14,1082.0,1067.699951171875,-0.013216311301409434,-0.014716311301409433,2026-08-14,2026-08-18,1082.0,1053.0,-0.026802218114602594,-0.028302218114602595,2026-08-14,2026-08-20,1082.0,1048.0,-0.031423290203327126,-0.03292329020332713
2026-08-13,SHRIRAMFIN,UNFAVORABLE,24395.849609375,,11.420000076293945,1132.300048828125,63.21613186894694,0.09865002013222024,0.024892452888247752,0.6474823565727167,-0.004833889755642695,-0.00762484765282645,0.6053590926532103,0.597422771551678,-0.006273181241713696,0.0026073016142628067,0.0053809049755930705,0.013604464473631062,0.4,30,0.3330644789315873,1090.021460396903,1132.300048828125,1135.2522965732644,0.0,0.06982843691534452,False,"er3,er5,rr1,rr2,regime",True,True,False,False,False,False,True,True,True,False,False,"er3,rr1,rr2,regime",True,True,False,True,False,False,True,True,True,False,False,"er3,rr1,rr2,regime",True,True,False,True,False,False,True,True,True,False,REJECT,2026-08-14,2026-08-14,1130.0,1122.0,-0.0070796460176991705,-0.00857964601769917,2026-08-14,2026-08-18,1130.0,1108.4000244140625,-0.019115022642422597,-0.020615022642422598,2026-08-14,2026-08-20,1130.0,1128.199951171875,-0.0015929635647123908,-0.003092963564712391
2026-08-13,SUNPHARMA,UNFAVORABLE,24395.849609375,,11.420000076293945,1932.0,47.80933792126522,0.017656643791980953,0.017243415496293626,0.4938528960036037,-0.006377301099756538,-0.009738595592004073,0.411082457289349,0.44896121718469273,-0.0037277929733946515,-0.002528124039439473,-0.0009242550485947243,-0.006208895941344883,0.4,30,0.34434031167884804,1882.028581891741,1932.0,1932.0,0.0,0.0,False,"p3,p5,er3,er5,rr1,rr2,regime",False,False,False,False,False,False,True,True,True,False,False,"p3,p5,er3,er5,rr1,rr2,regime",False,False,False,False,False,False,True,True,True,False,False,"p3,p5,er3,er5,rr1,rr2,regime",False,False,False,False,False,False,True,True,True,False,REJECT,2026-08-14,2026-08-14,1932.0,1930.0,-0.0010351966873706209,-0.002535196687370621,2026-08-14,2026-08-18,1932.0,1875.0999755859375,-0.029451358392371896,-0.030951358392371897,2026-08-14,2026-08-20,1932.0,1904.0,-0.01449275362318836,-0.01599275362318836
2026-08-13,TATACONSUM,UNFAVORABLE,24395.849609375,,11.420000076293945,1090.5,48.935278219000075,-0.009855143260393606,0.023423083757553056,1.1945991715678421,-0.016415578581597257,0.0004587155963302614,0.6248303626839046,0.4444223640519418,0.0058981162275777085,0.005350339133082484,0.005849790516178177,-0.0005013669183350777,0.4,30,0.2991047157628637,1052.1856907435824,1096.9318957461735,1096.3345448246264,0.16787189619231266,0.1522810912648547,False,"p5,rr1,rr2,regime",True,False,True,True,False,False,True,True,True,False,False,"p5,rr1,rr2,regime",True,False,True,True,False,False,True,True,True,False,False,"p5,rr1,rr2,regime",True,False,True,True,False,False,True,True,True,False,REJECT,2026-08-14,2026-08-14,1090.5,1079.5,-0.010087116001833984,-0.011587116001833984,2026-08-14,2026-08-18,1090.5,1061.5999755859375,-0.02650162715640758,-0.028001627156407582,2026-08-14,2026-08-20,1090.5,1056.300048828125,-0.031361715884342,-0.032861715884342
2026-08-13,TATASTEEL,UNFAVORABLE,24395.849609375,,11.420000076293945,184.85000610351562,42.31615386129969,-0.02901583302612787,0.02172803967343987,0.9447335942380303,-0.028332628437829355,-0.023507643299009784,0.47346989262224526,0.49450211185291315,0.0024610339174580584,0.005296593247646258,-0.0044080945453207065,-0.00045995946849120006,0.4,30,0.2754953206072772,178.82536370413644,185.3049282381787,185.82908139767088,0.07551023023539821,0.16251176903979234,False,"p3,p5,rr1,rr2,trend,regime",False,False,True,True,False,False,True,False,True,False,False,"p3,p5,rr1,rr2,trend,regime",False,False,True,True,False,False,True,False,True,False,False,"p3,p5,rr1,rr2,regime",False,False,True,True,False,False,True,True,True,False,REJECT,2026-08-14,2026-08-14,184.0,183.5,-0.0027173913043477826,-0.004217391304347782,2026-08-14,2026-08-18,184.0,185.5,0.008152173913043459,0.006652173913043459,2026-08-14,2026-08-20,184.0,183.5,-0.0027173913043477826,-0.004217391304347782
2026-08-13,TCS,UNFAVORABLE,24395.849609375,,11.420000076293945,2375.0,54.470531753339856,0.07412464265798224,0.03178042763157895,0.5640928429047333,-0.020901163454854155,0.0008428150021071446,0.5704286876393073,0.58248257554578,0.00154954585322713,0.00945832837898701,0.0038386555573081127,0.0014355156890900611,0.4,30,0.8864345898037393,2261.7822265625,2378.6801714014146,2397.4635299000943,0.03250524444773799,0.19840992467931629,False,"er3,rr1,rr2,regime",True,True,False,True,False,False,True,True,True,False,False,"rr1,rr2,regime",True,True,True,True,False,False,True,True,True,False,False,"rr1,rr2,regime",True,True,True,True,False,False,True,True,True,False,REJECT,2026-08-14,2026-08-14,2375.10009765625,2361.0,-0.005936633016083825,-0.007436633016083825,2026-08-14,2026-08-18,2375.10009765625,2280.0,-0.04004045882112284,-0.04154045882112284,2026-08-14,2026-08-20,2375.10009765625,2298.0,-0.03246183086444754,-0.03396183086444754
2026-08-13,TECHM,UNFAVORABLE,24395.849609375,,11.420000076293945,1639.0,64.47389837956143,0.09232153288649703,0.023559671390506517,1.0513449887046682,-0.0006097560975609762,0.004166186148481854,0.4744352300934297,0.4814277241952183,0.00030570637653918014,0.0012146196497531158,0.0013251295400402707,-7.216430872070134e-05,0.4,30,0.24862200410429003,1581.0785478864398,1639.5010527511479,1640.9907616059454,0.008650555758953042,0.0343700223889819,False,"p3,p5,er3,er5,rr1,rr2,regime",False,False,False,False,False,False,True,True,True,False,False,"p3,p5,er3,er5,rr1,rr2,regime",False,False,False,False,False,False,True,True,True,False,False,"p3,p5,rr1,rr2,regime",False,False,True,True,False,False,True,True,True,False,REJECT,2026-08-14,2026-08-14,1635.0,1632.800048828125,-0.0013455358849387977,-0.0028455358849387978,2026-08-14,2026-08-18,1635.0,1592.0,-0.02629969418960243,-0.02779969418960243,2026-08-14,2026-08-20,1635.0,1592.0999755859375,-0.026238547042240046,-0.027738547042240047
2026-08-13,TITAN,UNFAVORABLE,24395.849609375,,11.420000076293945,5063.7001953125,69.35722046549728,0.10818107226521678,0.020985510682638812,0.5470817132997144,-0.005166955734282941,0.013145297181372584,0.45883733601099086,0.396608202501381,-0.002528778359610553,-0.010496097633722746,-0.0008240910823636982,-0.002205068737127447,0.4,30,0.3751644065131797,4904.303693498884,5063.7001953125,5063.7001953125,0.0,0.0,False,"p3,p5,er3,er5,rr1,rr2,regime",False,False,False,False,False,False,True,True,True,False,False,"p3,p5,er3,er5,rr1,rr2,regime",False,False,False,False,False,False,True,True,True,False,False,"p3,p5,er3,er5,rr1,rr2,regime",False,False,False,False,False,False,True,True,True,False,REJECT,2026-08-14,2026-08-14,5064.0,5056.2001953125,-0.0015402457913704648,-0.003040245791370465,2026-08-14,2026-08-18,5064.0,5048.60009765625,-0.0030410549651954666,-0.004541054965195466,2026-08-14,2026-08-20,5064.0,5068.0,0.0007898894154818592,-0.0007101105845181408
2026-08-13,TRENT,UNFAVORABLE,24395.849609375,,11.420000076293945,2990.0,48.891479885379255,-0.005569038787487712,0.023795994787311873,0.7216637081081729,-0.011570247933884281,-0.03768790640011277,0.680889176972051,0.7412621965345327,0.011624946240271133,0.02274102644358452,0.020141744038247977,0.016153577936311336,0.4,30,0.22319246513437124,2883.2749633789062,3024.7585892584107,3057.995669066318,0.3256835542892733,0.6371107588158834,False,"rr1,rr2,regime",True,True,True,True,False,False,True,True,True,False,False,"rr1,rr2,regime",True,True,True,True,False,False,True,True,True,False,False,"rr1,rr2,regime",True,True,True,True,False,False,True,True,True,False,REJECT,2026-08-14,2026-08-14,2947.699951171875,2978.0,0.010279217467869861,0.008779217467869862,2026-08-14,2026-08-18,2947.699951171875,2942.10009765625,-0.0018997366110478087,-0.0033997366110478087,2026-08-14,2026-08-20,2947.699951171875,2970.0,0.0075652370314216455,0.006065237031421646
2026-08-13,ULTRACEMCO,UNFAVORABLE,24395.849609375,,11.420000076293945,11706.0,48.80197490727413,0.024509368273837318,0.01802993745143307,1.045553592645573,-0.027579332114969213,-0.03055900621118013,0.4425249965931239,0.4910436967611178,-0.007597804277139595,-0.011759956490515443,-0.0039220863098383685,-0.0023244528922496954,0.4,30,0.33179118257369844,11389.412328290287,11706.0,11706.0,0.0,0.0,False,"p3,p5,er3,er5,rr1,rr2,regime",False,False,False,False,False,False,True,True,True,False,False,"p3,p5,er3,er5,rr1,rr2,regime",False,False,False,False,False,False,True,True,True,False,False,"p3,p5,er3,er5,rr1,rr2,regime",False,False,False,False,False,False,True,True,True,False,REJECT,2026-08-14,2026-08-14,11657.0,11619.0,-0.0032598438706357147,-0.004759843870635714,2026-08-14,2026-08-18,11657.0,11499.0,-0.0135540876726431,-0.0150540876726431,2026-08-14,2026-08-20,11657.0,11575.0,-0.007034399931371671,-0.00853439993137167
2026-08-13,WIPRO,UNFAVORABLE,24395.849609375,,11.420000076293945,183.10000610351562,53.16192192725397,0.0287146785228245,0.021284224265071525,0.3750251856161362,-0.012937972487786387,-0.01622603209166429,0.3254331041141479,0.36931836845913163,-0.007026758569259013,-0.003239550001014058,-0.00823485312152511,-0.008661904213502214,0.4,30,0.43309971642947953,177.25429371425082,183.10000610351562,183.10000610351562,0.0,0.0,False,"p3,p5,er3,er5,rr1,rr2,regime",False,False,False,False,False,False,True,True,True,False,False,"p3,p5,er3,er5,rr1,rr2,regime",False,False,False,False,False,False,True,True,True,False,False,"p3,p5,er3,er5,rr1,rr2,regime",False,False,False,False,False,False,True,True,True,False,REJECT,2026-08-14,2026-08-14,183.5500030517578,184.0,0.0024516313852378513,0.0009516313852378513,2026-08-14,2026-08-18,183.5500030517578,178.05999755859375,-0.02991013566813172,-0.03141013566813172,2026-08-14,2026-08-20,183.5500030517578,181.0,-0.013892688691695354,-0.015392688691695354
2026-08-13,APOLLOTYRE,UNFAVORABLE,24395.849609375,,11.420000076293945,443.04998779296875,58.721511507491584,0.0382905751035596,0.021321355720284433,0.536889685907274,-0.006503025753290426,-0.014787690090168337,0.6748019449376894,0.5801576643873282,0.00759759833334009,0.004655214922271039,0.009171816076951611,0.009363492351291858,0.4,30,0.4722080493877149,428.8803482055664,446.41610364181093,445.11248070745455,0.2375583251838574,0.14555718949404195,False,"rr1,rr2,regime",True,True,True,True,False,False,True,True,True,False,False,"rr1,rr2,regime",True,True,True,True,False,False,True,True,True,False,False,"rr1,rr2,regime",True,True,True,True,False,False,True,True,True,False,REJECT,2026-08-14,2026-08-14,444.75,444.1000061035156,-0.0014614814985596247,-0.0029614814985596248,2026-08-14,2026-08-18,444.75,436.0,-0.01967397414277683,-0.02117397414277683,2026-08-14,2026-08-20,444.75,429.29998779296875,-0.034738644647625105,-0.03623864464762511
2026-08-13,AUROPHARMA,UNFAVORABLE,24395.849609375,,11.420000076293945,1663.4000244140625,64.66892230088621,0.07618016705373143,0.02411155447102196,0.9221090725870184,0.009344675008533088,0.04688778328106147,0.6023074580149969,0.6862465994478729,0.006101368550308081,0.009980757829834699,0.008949734843094248,0.015423125537670668,0.4,30,0.28127965762155005,1603.2392839704241,1673.5490410096043,1680.0020172318805,0.16869833251221147,0.27596057986306805,False,"rr1,rr2,regime",True,True,True,True,False,False,True,True,True,False,False,"rr1,rr2,regime",True,True,True,True,False,False,True,True,True,False,False,"rr1,rr2,regime",True,True,True,True,False,False,True,True,True,False,REJECT,2026-08-14,2026-08-14,1662.4000244140625,1622.0999755859375,-0.024242088688809615,-0.025742088688809617,2026-08-14,2026-08-18,1662.4000244140625,1645.0,-0.01046680952750556,-0.01196680952750556,2026-08-14,2026-08-20,1662.4000244140625,1608.0,-0.032723787063968945,-0.03422378706396895
2026-08-13,BOSCHLTD,UNFAVORABLE,24395.849609375,,11.420000076293945,46750.0,78.12445847115589,0.1455709316950784,0.024969352239940366,1.2082652780497236,0.07458912768647274,0.11309523809523814,0.48963052427725606,0.5910824956995487,0.00038749532750097,0.001318789907190808,0.0020807818109629395,0.0059251024014960185,0.4,30,0.5810670583124378,44999.024174174185,46768.11540656067,46811.65342816117,0.010345891869822994,0.03521089626242546,False,"p3,er3,er5,rr1,rr2,rsi,regime",False,True,False,False,False,False,True,True,False,False,False,"p3,er3,er5,rr1,rr2,rsi,regime",False,True,False,False,False,False,True,True,False,False,False,"p3,rr1,rr2,regime",False,True,True,True,False,False,True,True,True,False,REJECT,2026-08-14,2026-08-14,46810.0,47100.0,0.006195257423627476,0.004695257423627476,2026-08-14,2026-08-18,46810.0,48730.0,0.04101687673574017,0.03951687673574017,2026-08-14,2026-08-20,46810.0,48750.0,0.04144413586840412,0.03994413586840412
2026-08-13,SAIL,UNFAVORABLE,24395.849609375,,11.420000076293945,168.67999267578125,46.926571255807914,-0.01752019479688227,0.036235121982183933,0.5876378675214993,-0.021861434266029267,-0.045603782770588186,0.2906961916984232,0.19735910816142108,-0.015701927934564947,-0.023439294912926584,-0.02250958006280873,-0.028247682044384992,0.4,30,0.30773701874733483,160.2459930419922,168.67999267578125,168.67999267578125,0.0,0.0,False,"p3,p5,er3,er5,rr1,rr2,regime",False,False,False,False,False,False,True,True,True,False,False,"p3,p5,er3,er5,rr1,rr2,regime",False,False,False,False,False,False,True,True,True,False,False,"p3,p5,er3,er5,rr1,rr2,regime",False,False,False,False,False,False,True,True,True,False,REJECT,2026-08-14,2026-08-14,167.99000549316406,169.50999450683594,0.00904809193386047,0.00754809193386047,2026-08-14,2026-08-18,167.99000549316406,170.1999969482422,0.01315549367708102,0.011655493677081021,2026-08-14,2026-08-20,167.99000549316406,174.89999389648438,0.04113333042066891,0.03963333042066891
2026-08-13,DLF,UNFAVORABLE,24395.849609375,,11.420000076293945,664.0,55.61875087010605,0.047737955056933234,0.024284638554216868,0.7352677166213751,0.0060606060606061,0.03426791277258556,0.3296659051150456,0.2937277581743252,-0.004993545485069391,-0.015002709467480665,-0.008598762323665299,-0.02268956581170023,0.4,30,0.3518460965010737,639.8125,664.0,664.0,0.0,0.0,False,"p3,p5,er3,er5,rr1,rr2,regime",False,False,False,False,False,False,True,True,True,False,False,"p3,p5,er3,er5,rr1,rr2,regime",False,False,False,False,False,False,True,True,True,False,False,"p3,p5,er3,er5,rr1,rr2,regime",False,False,False,False,False,False,True,True,True,False,REJECT,2026-08-14,2026-08-14,664.0,665.0,0.001506024096385561,6.024096385560864e-06,2026-08-14,2026-08-18,664.0,665.75,0.002635542168674787,0.001135542168674787,2026-08-14,2026-08-20,664.0,676.1500244140625,0.018298229539250643,0.016798229539250642
2026-08-13,NAUKRI,UNFAVORABLE,24395.849609375,,11.420000076293945,1357.300048828125,72.50817904979216,0.2095150428606518,0.03217260094797305,0.4882239600429923,0.05873638754143906,0.09459681357106864,0.4470602675463265,0.49422402735206455,-0.006678963616353722,-0.0006500262017348469,-0.004686034184565868,-0.0014161066106983533,0.4,30,0.7144294619432926,1291.7982395717077,1357.300048828125,1357.300048828125,0.0,0.0,False,"p3,p5,er3,er5,rr1,rr2,regime",False,False,False,False,False,False,True,True,True,False,False,"p3,p5,er3,er5,rr1,rr2,regime",False,False,False,False,False,False,True,True,True,False,False,"p3,p5,er3,er5,rr1,rr2,regime",False,False,False,False,False,False,True,True,True,False,REJECT,2026-08-14,2026-08-14,1365.0,1343.0,-0.01611721611721617,-0.017617216117216172,2026-08-14,2026-08-18,1365.0,1354.9000244140625,-0.007399249513507344,-0.008899249513507344,2026-08-14,2026-08-20,1365.0,1360.9000244140625,-0.0030036451179029644,-0.004503645117902964
2026-08-14,ADANIENT,UNFAVORABLE,24366.0,,11.3100004196167,3035.10009765625,49.782700838297046,-0.005562284532608985,0.021481994461425385,1.5275806723237821,0.013219862345601685,0.005000032336506699,0.46987830935666236,0.34065311543211513,0.0001858925464826789,-0.010576404018241573,-0.0013582647910055368,-0.015268857932543234,0.4,30,0.3074580668145759,2937.3000924246653,3035.664300142233,3035.10009765625,0.005768941265872751,0.0,False,"p3,p5,er3,er5,rr1,rr2,regime",False,False,False,False,False,False,True,True,True,False,False,"p3,p5,er3,er5,rr1,rr2,regime",False,False,False,False,False,False,True,True,True,False,False,"p3,p5,er5,rr1,rr2,regime",False,False,True,False,False,False,True,True,True,False,REJECT,2026-08-17,2026-08-17,3049.0,3007.300048828125,-0.013676599269227596,-0.015176599269227596,2026-08-17,2026-08-19,3049.0,2990.300048828125,-0.019252197826131523,-0.020752197826131524,2026-08-17,2026-08-21,3049.0,2997.0,-0.017054772056411927,-0.018554772056411928
2026-08-14,ADANIPORTS,UNFAVORABLE,24366.0,,11.3100004196167,1700.0,42.52283398940015,-0.04662792981987107,0.02183613240217962,0.8653770903011863,0.019062492362373007,0.0038382049010923236,0.34258149443452013,0.4035833558749144,-0.007326853174324293,-0.0049914518057092875,-0.00848156972522196,-0.013305779491801006,0.4,30,0.25843506948623773,1644.317862374442,1700.0,1700.0,0.0,0.0,False,"p3,p5,er3,er5,rr1,rr2,trend,regime",False,False,False,False,False,False,True,False,True,False,False,"p3,p5,er3,er5,rr1,rr2,trend,regime",False,False,False,False,False,False,True,False,True,False,False,"p3,p5,er3,er5,rr1,rr2,trend,regime",False,False,False,False,False,False,True,False,True,False,REJECT,2026-08-17,2026-08-17,1700.0,1691.0,-0.0052941176470587825,-0.006794117647058782,2026-08-17,2026-08-19,1700.0,1681.9000244140625,-0.010647044462316124,-0.012147044462316124,2026-08-17,2026-08-21,1700.0,1700.0,0.0,-0.0015
2026-08-14,APOLLOHOSP,UNFAVORABLE,24366.0,,11.3100004196167,8920.5,54.74732125710672,0.022171581917218575,0.021465570870649882,3.44378129745528,0.020614199204410433,-0.001577981663409278,0.4833766767250879,0.4878406174652497,-0.0001930125241741288,-0.0006294513523954738,-0.001093062769939146,-0.0020748055732771054,0.4,30,0.7696377438536186,8633.274562572551,8920.5,8920.5,0.0,0.0,False,"p3,p5,er3,er5,rr1,rr2,regime",False,False,False,False,False,False,True,True,True,False,False,"p3,p5,er3,er5,rr1,rr2,regime",False,False,False,False,False,False,True,True,True,False,False,"p3,p5,er3,er5,rr1,rr2,regime",False,False,False,False,False,False,True,True,True,False,REJECT,2026-08-17,2026-08-17,8917.5,8825.5,-0.010316792823100607,-0.011816792823100606,2026-08-17,2026-08-19,8917.5,8750.0,-0.01878329128118872,-0.02028329128118872,2026-08-17,2026-08-21,8917.5,8693.0,-0.025175217269414074,-0.026675217269414075
2026-08-14,ASIANPAINT,UNFAVORABLE,24366.0,,11.3100004196167,2696.300048828125,45.697487256708776,-0.002741762711225282,0.022440800837529574,0.6464032485271999,-0.014330086335907488,-0.014149890739259652,0.49094006627834336,0.5507243468214472,0.002685171830999715,0.009905923768144614,-0.0029255308553560178,0.005567334268469559,0.4,30,0.17154074768191,2605.5393502371653,2703.5400777671616,2723.0093915678613,0.07977052900028879,0.29428313305641157,False,"p3,rr1,rr2,regime",False,True,True,True,False,False,True,True,True,False,False,"p3,rr1,rr2,regime",False,True,True,True,False,False,True,True,True,False,False,"p3,rr1,rr2,regime",False,True,True,True,False,False,True,True,True,False,REJECT,2026-08-17,2026-08-17,2694.5,2687.5,-0.002597884579699339,-0.0040978845796993384,2026-08-17,2026-08-19,2694.5,2630.800048828125,-0.023640731553859706,-0.025140731553859708,2026-08-17,2026-08-21,2694.5,2640.0,-0.0202263870848024,-0.0217263870848024
2026-08-14,AXISBANK,UNFAVORABLE,24366.0,,11.3100004196167,1217.4000244140625,36.09891053340283,-0.06261587425917925,0.015560104085645348,0.720382195454321,-0.010082959767222732,-0.016639721798010876,0.6239998163548147,0.7239496398302727,0.0032762698538536267,0.009877304452097656,0.006968308140031909,0.011411446212889254,0.4,30,0.34822391004511494,1188.9857177734375,1221.388555414131,1229.4246550951914,0.14037052005224204,0.42318930506426006,False,"rr1,rr2,trend,regime",True,True,True,True,False,False,True,False,True,False,False,"rr1,rr2,trend,regime",True,True,True,True,False,False,True,False,True,False,False,"rr1,rr2,trend,regime",True,True,True,True,False,False,True,False,True,False,REJECT,2026-08-17,2026-08-17,1220.0,1227.300048828125,0.0059836465804303796,0.00448364658043038,2026-08-17,2026-08-19,1220.0,1235.0,0.012295081967213184,0.010795081967213184,2026-08-17,2026-08-21,1220.0,1245.800048828125,0.02114758100665992,0.01964758100665992
2026-08-14,BAJAJ-AUTO,UNFAVORABLE,24366.0,,11.3100004196167,11700.0,66.64835462901193,0.10433617125705541,0.019203296703296704,0.5891805688411912,-0.0014508833319109016,0.0032584462356370913,0.3078947006415016,0.1510676171254282,-0.004027213190371455,-0.010927862725304754,-0.009078914528658943,-0.020943911317162556,0.4,30,0.485794304321495,11362.982142857143,11700.0,11700.0,0.0,0.0,False,"p3,p5,er3,er5,rr1,rr2,regime",False,False,False,False,False,False,True,True,True,False,False,"p3,p5,er3,er5,rr1,rr2,regime",False,False,False,False,False,False,True,True,True,False,False,"p3,p5,er3,er5,rr1,rr2,regime",False,False,False,False,False,False,True,True,True,False,REJECT,2026-08-17,2026-08-17,11700.0,11663.0,-0.0031623931623931956,-0.004662393162393195,2026-08-17,2026-08-19,11700.0,11645.0,-0.004700854700854684,-0.006200854700854684,2026-08-17,2026-08-21,11700.0,11700.0,0.0,-0.0015
2026-08-14,BAJFINANCE,UNFAVORABLE,24366.0,,11.3100004196167,1087.0,53.80109679103228,0.06469489283269692,0.027598896044158234,0.4291810940500697,-0.005762415207863358,0.008348794063079756,0.5346761278668382,0.7068533364962972,0.003938435563519016,0.010993385973989498,0.002627238872658255,0.008872017005131405,0.4,30,0.8293539732352299,1042.0,1091.2810794575453,1098.9498105537266,0.09513509905656166,0.26555134563836874,False,"p3,rr1,rr2,regime",False,True,True,True,False,False,True,True,True,False,False,"rr1,rr2,regime",True,True,True,True,False,False,True,True,True,False,False,"rr1,rr2,regime",True,True,True,True,False,False,True,True,True,False,REJECT,2026-08-17,2026-08-17,1080.0,1089.300048828125,0.008611156322337887,0.007111156322337888,2026-08-17,2026-08-19,1080.0,1080.199951171875,0.00018513997395830373,-0.0013148600260416963,2026-08-17,2026-08-21,1080.0,1095.0,0.01388888888888884,0.01238888888888884
2026-08-14,BAJAJFINSV,UNFAVORABLE,24366.0,,11.3100004196167,2008.300048828125,57.46629799368431,0.07430566480329892,0.02393637339209894,0.6319189052653413,-0.011663361797182525,-0.0002986587578506228,0.4342338158830115,0.41848075990716754,-0.003528906620699287,-6.290926719645397e-05,-0.00654074939128424,-0.006035518191274292,0.4,30,0.43651689347711387,1936.192919049944,2008.300048828125,2008.300048828125,0.0,0.0,False,"p3,p5,er3,er5,rr1,rr2,regime",False,False,False,False,False,False,True,True,True,False,False,"p3,p5,er3,er5,rr1,rr2,regime",False,False,False,False,False,False,True,True,True,False,False,"p3,p5,er3,er5,rr1,rr2,regime",False,False,False,False,False,False,True,True,True,False,REJECT,2026-08-17,2026-08-17,2001.4000244140625,2005.0,0.0017987286609488784,0.00029872866094887837,2026-08-17,2026-08-19,2001.4000244140625,2012.0,0.005296280332084402,0.003796280332084402,2026-08-17,2026-08-21,2001.4000244140625,2032.5,0.015539110226123976,0.014039110226123976
2026-08-14,BEL,UNFAVORABLE,24366.0,,11.3100004196167,410.79998779296875,58.73557837097246,0.007613898428284971,0.01809654545648863,0.5774132565701597,0.013570653234608931,0.025829600841447142,0.3886615804023413,0.38730343806100725,-0.005552523787934522,-0.0085145066104344,-0.008168228333394034,-0.008199613153181629,0.4,30,0.36168738394040884,399.6488968140381,410.79998779296875,410.79998779296875,0.0,0.0,False,"p3,p5,er3,er5,rr1,rr2,regime",False,False,False,False,False,False,True,True,True,False,False,"p3,p5,er3,er5,rr1,rr2,regime",False,False,False,False,False,False,True,True,True,False,False,"p3,p5,er3,er5,rr1,rr2,regime",False,False,False,False,False,False,True,True,True,False,REJECT,2026-08-17,2026-08-17,411.0,412.45001220703125,0.0035280102360857324,0.0020280102360857324,2026-08-17,2026-08-19,411.0,409.20001220703125,-0.0043795323429897115,-0.005879532342989711,2026-08-17,2026-08-21,411.0,414.0,0.007299270072992803,0.005799270072992803
2026-08-14,BHARTIARTL,UNFAVORABLE,24366.0,,11.3100004196167,1992.0999755859375,63.12519895644049,0.05524342184530706,0.019864169277535048,1.798266157689529,0.04015247826578561,0.01642938454552123,0.5494890698611241,0.6506828771521727,0.0053848853945278035,0.01501792937294713,0.004933164802012557,0.01373181447925842,0.42947779096805366,30,0.4283612742215456,1932.7428588867188,2002.8272056489093,2022.0171923231367,0.1807235704747932,0.5040207206963767,False,"rr1,rr2,regime",True,True,True,True,False,False,True,True,True,False,False,"rr1,rr2,regime",True,True,True,True,False,False,True,True,True,False,False,"rr1,rr2,regime",True,True,True,True,False,False,True,True,True,False,REJECT,2026-08-17,2026-08-17,1984.199951171875,1969.300048828125,-0.007509274624742379,-0.009009274624742379,2026-08-17,2026-08-19,1984.199951171875,1922.0,-0.03134762256955981,-0.03284762256955981,2026-08-17,2026-08-21,1984.199951171875,1946.0,-0.01925206738832641,-0.02075206738832641
2026-08-14,BPCL,UNFAVORABLE,24366.0,,11.3100004196167,319.45001220703125,53.51475495450764,0.026477335498599652,0.018648134459831312,1.3193719784082925,0.005192021640785693,-0.004828622408002303,0.6267849753968081,0.6418458469715695,0.00882276342400309,0.007785981518406596,0.011138923970121284,0.012262148972182696,0.4,30,0.29498936357493927,310.514292035784,322.26844409052876,321.93724409813,0.31541183357178926,0.278347110633792,False,"rr1,rr2,regime",True,True,True,True,False,False,True,True,True,False,False,"rr1,rr2,regime",True,True,True,True,False,False,True,True,True,False,False,"rr1,rr2,regime",True,True,True,True,False,False,True,True,True,False,REJECT,2026-08-17,2026-08-17,319.0,316.6499938964844,-0.007366790293152459,-0.008866790293152458,2026-08-17,2026-08-19,319.0,307.0,-0.037617554858934144,-0.039117554858934145,2026-08-17,2026-08-21,319.0,311.0,-0.025078369905956133,-0.026578369905956134
2026-08-14,BRITANNIA,UNFAVORABLE,24366.0,,11.3100004196167,5558.0,59.62589235577965,0.05135628097286915,0.02028443909440321,0.7470053235328492,-0.00714540907466954,0.00871143375680572,0.6129890717109655,0.340795912641329,-0.0006668985119325723,-0.0036982638635963045,0.00486868354525849,-0.004720262080584625,0.4,30,0.32762432153383436,5388.888631269961,5558.0,5558.0,0.0,0.0,False,"p5,er3,er5,rr1,rr2,regime",True,False,False,False,False,False,True,True,True,False,False,"p5,er3,er5,rr1,rr2,regime",True,False,False,False,False,False,True,True,True,False,False,"p5,er3,er5,rr1,rr2,regime",True,False,False,False,False,False,True,True,True,False,REJECT,2026-08-17,2026-08-17,5546.0,5521.0,-0.004507753335737497,-0.006007753335737496,2026-08-17,2026-08-19,5546.0,5453.0,-0.016768842408943385,-0.018268842408943387,2026-08-17,2026-08-21,5546.0,5365.0,-0.03263613415073929,-0.034136134150739295
2026-08-14,CIPLA,UNFAVORABLE,24366.0,,11.3100004196167,1450.0,50.72034968760371,0.013011253882668994,0.0157241475523399,0.577458485080886,-0.008885850991114164,-0.009427550463038226,0.6625092023591165,0.549063027937804,0.004343359482221818,0.00511067486446817,0.004568433874068245,0.00468811591718421,0.4,30,0.2196966028200114,1415.7999790736608,1456.2978712492215,1457.410478553479,0.18414816946416615,0.21668052687569347,False,"rr1,rr2,regime",True,True,True,True,False,False,True,True,True,False,False,"rr1,rr2,regime",True,True,True,True,False,False,True,True,True,False,False,"rr1,rr2,regime",True,True,True,True,False,False,True,True,True,False,REJECT,2026-08-17,2026-08-17,1445.4000244140625,1431.5,-0.009616731824601543,-0.011116731824601543,2026-08-17,2026-08-19,1445.4000244140625,1422.0,-0.01618930677931074,-0.017689306779310743,2026-08-17,2026-08-21,1445.4000244140625,1432.199951171875,-0.009132470609676813,-0.010632470609676812
2026-08-14,COALINDIA,UNFAVORABLE,24366.0,,11.3100004196167,407.1000061035156,34.338530284462536,-0.0466082853937706,0.01483889127947853,0.7181591126025513,-0.01333010159631487,-0.01962671618659695,0.2969867126841233,0.15981505328671455,-0.010819961256643603,-0.015614594385180343,-0.0055697691617878076,-0.007392611391698778,0.4678694243946939,30,0.3178181576992429,398.03863700784797,407.1000061035156,407.1000061035156,0.0,0.0,False,"p3,p5,er3,er5,rr1,rr2,trend,regime",False,False,False,False,False,False,True,False,True,False,False,"p3,p5,er3,er5,rr1,rr2,trend,regime",False,False,False,False,False,False,True,False,True,False,False,"p3,p5,er3,er5,rr1,rr2,trend,regime",False,False,False,False,False,False,True,False,True,False,REJECT,2026-08-17,2026-08-17,407.1000061035156,408.45001220703125,0.0033161534838501705,0.0018161534838501705,2026-08-17,2026-08-19,407.1000061035156,400.0,-0.01744044705740011,-0.01894044705740011,2026-08-17,2026-08-21,407.1000061035156,405.20001220703125,-0.004667142883808428,-0.006167142883808428
2026-08-14,DRREDDY,UNFAVORABLE,24366.0,,11.3100004196167,1200.0,49.43930619321529,-0.03493033827482295,0.017601216634114583,0.9309948336055381,-0.004149377593360981,0.023890784982935065,0.5953500559591984,0.6417565327291337,0.004740396908534204,0.015825159388841197,0.0025908846690798626,0.011676998249718018,0.4,30,0.30065926779266994,1168.3178100585938,1205.6884762902412,1218.9901912666094,0.17954807735076284,0.5993964211984796,False,"rr1,rr2,trend,regime",True,True,True,True,False,False,True,False,True,False,False,"rr1,rr2,trend,regime",True,True,True,True,False,False,True,False,True,False,False,"rr1,rr2,trend,regime",True,True,True,True,False,False,True,False,True,False,REJECT,2026-08-17,2026-08-17,1204.4000244140625,1192.0,-0.010295602924862979,-0.011795602924862978,2026-08-17,2026-08-19,1204.4000244140625,1170.0,-0.02856195924671956,-0.03006195924671956,2026-08-17,2026-08-21,1204.4000244140625,1174.699951171875,-0.024659641846683344,-0.026159641846683346
2026-08-14,EICHERMOT,UNFAVORABLE,24366.0,,11.3100004196167,8066.5,66.46155634943108,0.0707088558557587,0.017494837727803827,0.5882757045073982,0.008312499999999945,0.005798004987531247,0.6129645782421401,0.6421163852704208,0.009515432725514108,0.008378086000091262,0.009317898799586333,0.010135546655251293,0.4,30,0.38994076349988144,7854.816837203006,8143.256238080359,8134.081830719736,0.3625996374306308,0.3192593583106443,False,"rr1,rr2,regime",True,True,True,True,False,False,True,True,True,False,False,"rr1,rr2,regime",True,True,True,True,False,False,True,True,True,False,False,"rr1,rr2,regime",True,True,True,True,False,False,True,True,True,False,REJECT,2026-08-17,2026-08-17,8058.0,8050.0,-0.0009928021841647539,-0.002492802184164754,2026-08-17,2026-08-19,8058.0,7990.5,-0.008376768428890569,-0.009876768428890568,2026-08-17,2026-08-21,8058.0,8010.0,-0.005956813104988856,-0.007456813104988856
2026-08-14,ETERNAL,UNFAVORABLE,24366.0,,11.3100004196167,318.5,65.04131118962388,0.12686321419519975,0.026474556812766316,0.9197312958465521,0.0015723270440251014,0.011111111111111072,0.572246112226951,0.7112073020373951,0.00795205645210056,0.019014783760616855,0.0010481373713823183,0.01481219632088171,0.4,30,0.32472636107512703,305.8517804827009,321.03272997999403,324.5562086277565,0.2002439929612222,0.47881906377995637,False,"rr1,rr2,regime",True,True,True,True,False,False,True,True,True,False,False,"rr1,rr2,regime",True,True,True,True,False,False,True,True,True,False,False,"rr1,rr2,regime",True,True,True,True,False,False,True,True,True,False,REJECT,2026-08-17,2026-08-17,317.6000061035156,318.0,0.0012594266020071743,-0.00024057339799282576,2026-08-17,2026-08-19,317.6000061035156,320.0,0.007556655700132975,0.006056655700132975,2026-08-17,2026-08-21,317.6000061035156,328.0,0.03274557209263618,0.031245572092636176
2026-08-14,GRASIM,UNFAVORABLE,24366.0,,11.3100004196167,3248.699951171875,54.911683439955226,0.031364323350209444,0.02745873388736023,0.675815001105108,-0.022123894130476218,-0.022359328566995185,0.6232300163226463,0.5905988519406102,0.005903419381863788,0.007604935391145284,0.00340069351776473,0.006535757836744094,0.41231140424486773,30,0.47415370890916547,3114.8921700132123,3267.8783894294834,3273.4061044057544,0.14332827352444868,0.1846391369765263,False,"rr1,rr2,regime",True,True,True,True,False,False,True,True,True,False,False,"rr1,rr2,regime",True,True,True,True,False,False,True,True,True,False,False,"rr1,rr2,regime",True,True,True,True,False,False,True,True,True,False,REJECT,2026-08-17,2026-08-17,3240.0,3250.5,0.003240740740740655,0.0017407407407406552,2026-08-17,2026-08-19,3240.0,3270.0,0.0092592592592593,0.007759259259259301,2026-08-17,2026-08-21,3240.0,3308.0,0.020987654320987703,0.019487654320987702
2026-08-14,HCLTECH,UNFAVORABLE,24366.0,,11.3100004196167,1360.0,67.0688678887574,0.12909798575983888,0.023954830650521924,0.36992078183761395,-0.003954902825184736,0.0025062837057725496,0.6690589099965125,0.5703695623011451,0.0037610405142602583,0.006630784695797281,0.00889850722523955,0.00881076946762993,0.4,30,0.35460463757382044,1311.1321454729352,1365.115015099394,1369.0178671862843,0.10467034308946606,0.18453577046829225,False,"rr1,rr2,regime",True,True,True,True,False,False,True,True,True,False,False,"rr1,rr2,regime",True,True,True,True,False,False,True,True,True,False,False,"rr1,rr2,regime",True,True,True,True,False,False,True,True,True,False,REJECT,2026-08-17,2026-08-17,1355.0999755859375,1325.0,-0.022212365233732934,-0.023712365233732935,2026-08-17,2026-08-19,1355.0999755859375,1324.800048828125,-0.022359919787254823,-0.023859919787254824,2026-08-17,2026-08-21,1355.0999755859375,1302.5,-0.038816306201462036,-0.04031630620146204
2026-08-14,HDFCBANK,UNFAVORABLE,24366.0,,11.3100004196167,727.0,33.862179821010784,-0.05633950788835096,0.01254175313213856,0.6607976129900877,-0.002743484224965731,-0.005471956224350261,0.6874469577414213,0.7247374485751277,0.005561413581743657,0.005555228217126142,0.005934977030242594,0.008290965775399783,0.4,30,0.5950552759857212,713.3232182094029,731.0431476739276,731.0386509138507,0.295621275226258,0.2952924873472267,False,"rr1,rr2,trend,regime",True,True,True,True,False,False,True,False,True,False,False,"rr1,rr2,trend,regime",True,True,True,True,False,False,True,False,True,False,False,"rr1,rr2,trend,regime",True,True,True,True,False,False,True,False,True,False,REJECT,2026-08-17,2026-08-17,727.0499877929688,729.0,0.002682088219203127,0.001182088219203127,2026-08-17,2026-08-19,727.0499877929688,720.0,-0.009696702993379658,-0.011196702993379657,2026-08-17,2026-08-21,727.0499877929688,726.9500122070312,-0.00013750854496397125,-0.0016375085449639713
2026-08-14,HDFCLIFE,UNFAVORABLE,24366.0,,11.3100004196167,535.8499755859375,38.06339320367847,-0.046325751674443305,0.0167890743558736,0.2448282511170917,-0.00027989629489277856,-0.007685230396412002,0.37810798698926357,0.42178885501873864,0.0006359974037706939,0.0031621330002241993,-0.007875130389371765,-0.0075323006827005545,0.4,30,0.3104002259962498,522.3553379603794,536.1907747792208,537.5444044769072,0.025254416068039177,0.12556312647925588,False,"p3,p5,er3,er5,rr1,rr2,trend,regime",False,False,False,False,False,False,True,False,True,False,False,"p3,p5,er3,rr1,rr2,trend,regime",False,False,False,True,False,False,True,False,True,False,False,"p3,p5,rr1,rr2,trend,regime",False,False,True,True,False,False,True,False,True,False,REJECT,2026-08-17,2026-08-17,536.25,543.0,0.012587412587412583,0.011087412587412583,2026-08-17,2026-08-19,536.25,536.2999877929688,9.321732954536976e-05,-0.0014067826704546303,2026-08-17,2026-08-21,536.25,554.7999877929688,0.03459205182837999,0.03309205182837999
2026-08-14,HEROMOTOCO,UNFAVORABLE,24366.0,,11.3100004196167,5790.0,71.06979038595905,0.1421170620790002,0.024483094120096225,0.6020254790514882,-0.012871877930270226,0.011353711790393017,0.5810448485484233,0.51956936862453,0.0017983815220163513,0.007858488682566576,0.004846107015529566,0.00623794526696797,0.4,30,0.3272862443024644,5577.364327566965,5800.412629012475,5835.50064947206,0.0489693422243355,0.21398408343919564,False,"p5,er3,rr1,rr2,regime",True,False,False,True,False,False,True,True,True,False,False,"p5,rr1,rr2,regime",True,False,True,True,False,False,True,True,True,False,False,"rr1,rr2,regime",True,True,True,True,False,False,True,True,True,False,REJECT,2026-08-17,2026-08-17,5765.0,5745.0,-0.003469210754553309,-0.004969210754553309,2026-08-17,2026-08-19,5765.0,5709.5,-0.009627059843885566,-0.011127059843885566,2026-08-17,2026-08-21,5765.0,5735.0,-0.005203816131829964,-0.006703816131829963
2026-08-14,HINDALCO,UNFAVORABLE,24366.0,,11.3100004196167,1029.5,55.843694914086456,0.042881251088706884,0.025511695916338548,0.6586750864635563,-0.018682657556054805,-0.028406923631055014,0.47518282128809447,0.5728883016131281,0.008841326385578921,0.014032326293458514,0.005689512000705166,0.01120638012448305,0.4,30,0.40150138293440435,990.1035635811942,1038.6021455139535,1043.9462799191156,0.23103981835292545,0.36669001646604926,False,"p3,rr1,rr2,regime",False,True,True,True,False,False,True,True,True,False,False,"p3,rr1,rr2,regime",False,True,True,True,False,False,True,True,True,False,False,"p3,rr1,rr2,regime",False,True,True,True,False,False,True,True,True,False,REJECT,2026-08-17,2026-08-17,1033.0,1049.9000244140625,0.016360139800641438,0.014860139800641438,2026-08-17,2026-08-19,1033.0,1038.949951171875,0.005759875287391081,0.004259875287391081,2026-08-17,2026-08-21,1033.0,1034.0,0.0009680542110357404,-0.0005319457889642596
2026-08-14,HINDUNILVR,UNFAVORABLE,24366.0,,11.3100004196167,2077.0,44.612700911937125,-0.02713369379805497,0.023062120565268417,0.6321086449307048,0.005859895505111901,-0.009064885496183228,0.4936454813830272,0.44279835725734507,0.002434227753046143,-0.00064803461922305,0.0013591948158152567,-0.0035809667440055426,0.4,30,0.5971651118299355,2005.1499633789062,2082.0558910430773,2077.0,0.07036727162353278,0.0,False,"p3,p5,er5,rr1,rr2,trend,regime",False,False,True,False,False,False,True,False,True,False,False,"p3,p5,er5,rr1,rr2,trend,regime",False,False,True,False,False,False,True,False,True,False,False,"p3,p5,er5,rr1,rr2,regime",False,False,True,False,False,False,True,True,True,False,REJECT,2026-08-17,2026-08-17,2070.89990234375,2055.0,-0.00767777444277018,-0.00917777444277018,2026-08-17,2026-08-19,2070.89990234375,2020.699951171875,-0.024240645873352396,-0.025740645873352397,2026-08-17,2026-08-21,2070.89990234375,2015.0,-0.026993048906171158,-0.02849304890617116
2026-08-14,ICICIBANK,UNFAVORABLE,24366.0,,11.3100004196167,1417.0,50.16851047099175,0.021354745268755915,0.016364785881494315,0.4974968044377065,-0.00881363724196571,-0.0028149190710766714,0.6588955680806405,0.49389645236731833,0.003068950415368112,-0.00030555748729836423,0.004145626736882346,0.0003162245508094852,0.4,30,0.4495028536496777,1382.216647608884,1421.3487027385765,1417.0,0.1250225305967702,0.0,False,"p5,er5,rr1,rr2,regime",True,False,True,False,False,False,True,True,True,False,False,"p5,er5,rr1,rr2,regime",True,False,True,False,False,False,True,True,True,False,False,"p5,er5,rr1,rr2,regime",True,False,True,False,False,False,True,True,True,False,REJECT,2026-08-17,2026-08-17,1418.0,1415.300048828125,-0.0019040558334803004,-0.0034040558334803004,2026-08-17,2026-08-19,1418.0,1402.0,-0.01128349788434413,-0.012783497884344129,2026-08-17,2026-08-21,1418.0,1420.0,0.0014104372355430161,-8.956276445698389e-05
2026-08-14,ICICIGI,UNFAVORABLE,24366.0,,11.3100004196167,1630.0,42.24631434336127,-0.053622995823816355,0.025666085593435032,0.6029422749567814,-0.008214177061150019,-0.005491153142159866,0.5311302304149671,0.5667788551237578,0.006088595213890467,-7.842279688780756e-05,0.006069258595249427,0.0033428350434137055,0.4,30,0.3819667459520399,1567.2464207240514,1639.9244101986415,1630.0,0.15814891059839764,0.0,False,"p3,er5,rr1,rr2,trend,regime",False,True,True,False,False,False,True,False,True,False,False,"er5,rr1,rr2,trend,regime",True,True,True,False,False,False,True,False,True,False,False,"er5,rr1,rr2,trend,regime",True,True,True,False,False,False,True,False,True,False,REJECT,2026-08-17,2026-08-17,1629.199951171875,1626.300048828125,-0.0017799548432738677,-0.0032799548432738677,2026-08-17,2026-08-19,1629.199951171875,1615.699951171875,-0.008286275720969405,-0.009786275720969404,2026-08-17,2026-08-21,1629.199951171875,1617.0,-0.007488308088334783,-0.008988308088334783
2026-08-14,ICICIPRULI,UNFAVORABLE,24366.0,,11.3100004196167,509.1499938964844,52.67821047601521,0.021030225357599575,0.01977385901071396,0.49687072883938727,0.015254225117615983,0.016166063867588676,0.48393645684063774,0.5446199180893788,0.006815261871165472,0.006186331260180589,0.0014860998521619706,0.007748872064401113,0.4,30,0.2507385092908027,494.04820360456193,512.6199844365912,512.299764419847,0.2297734555328044,0.20856934591704057,False,"p3,rr1,rr2,regime",False,True,True,True,False,False,True,True,True,False,False,"p3,rr1,rr2,regime",False,True,True,True,False,False,True,True,True,False,False,"p3,rr1,rr2,regime",False,True,True,True,False,False,True,True,True,False,REJECT,2026-08-17,2026-08-17,509.1499938964844,507.0,-0.004222712211053303,-0.005722712211053303,2026-08-17,2026-08-19,509.1499938964844,499.5,-0.018953145462369037,-0.020453145462369038,2026-08-17,2026-08-21,509.1499938964844,515.0,0.011489749923683679,0.009989749923683679
2026-08-14,INDUSINDBK,UNFAVORABLE,24366.0,,11.3100004196167,1020.7999877929688,54.49318893388319,0.04178176243748544,0.01807056539152679,0.5052403662864892,0.011794987700409099,-0.0011741802417135627,0.365081346414731,0.5068254075684671,0.0007218644701900083,0.0001555045659674994,-0.00568838680258138,0.00033451845550441783,0.4,30,0.45683808070285475,993.1303383963449,1021.536867035327,1020.9587268520102,0.026631318373268743,0.005736937854397876,False,"p3,p5,er3,er5,rr1,rr2,regime",False,False,False,False,False,False,True,True,True,False,False,"p3,p5,er3,er5,rr1,rr2,regime",False,False,False,False,False,False,True,True,True,False,False,"p3,p5,er5,rr1,rr2,regime",False,False,True,False,False,False,True,True,True,False,REJECT,2026-08-17,2026-08-17,1020.0,1010.5999755859375,-0.009215710209865224,-0.010715710209865224,2026-08-17,2026-08-19,1020.0,1016.7000122070312,-0.0032352821499693762,-0.004735282149969376,2026-08-17,2026-08-21,1020.0,1005.5999755859375,-0.014117670994178932,-0.015617670994178932
2026-08-14,INFY,UNFAVORABLE,24366.0,,11.3100004196167,1169.199951171875,58.64666971740438,0.061202533875841736,0.02556081813064889,0.44161446954798556,-0.018056606098656447,-0.005020870169893943,0.6486366429489361,0.6458799558696761,-0.0012026934777668917,0.005640127055571747,0.003571113456108277,0.01250079622679423,0.4,30,0.3807419647450856,1124.3713902064733,1169.199951171875,1175.7943874498526,0.0,0.14710345672409872,False,"er3,rr1,rr2,regime",True,True,False,True,False,False,True,True,True,False,False,"er3,rr1,rr2,regime",True,True,False,True,False,False,True,True,True,False,False,"er3,rr1,rr2,regime",True,True,False,True,False,False,True,True,True,False,REJECT,2026-08-17,2026-08-17,1163.9000244140625,1139.9000244140625,-0.02062032777435696,-0.022120327774356963,2026-08-17,2026-08-19,1163.9000244140625,1119.800048828125,-0.03788983130929868,-0.039389831309298684,2026-08-17,2026-08-21,1163.9000244140625,1121.0,-0.03685885687274515,-0.03835885687274515
2026-08-14,ITC,UNFAVORABLE,24366.0,,11.3100004196167,278.20001220703125,41.06684996223828,-0.023091789878591618,0.01649635338933937,0.4745155617235622,-0.002867339759744625,-0.027612700901607168,0.48848267657196387,0.43086051703236966,-0.004444730670672567,-0.00788671080627885,0.00012287307686920101,-0.0026471334317954565,0.47045485657173675,30,0.36602331101943425,271.3160836356027,278.20001220703125,278.20001220703125,0.0,0.0,False,"p3,p5,er3,er5,rr1,rr2,trend,regime",False,False,False,False,False,False,True,False,True,False,False,"p3,p5,er3,er5,rr1,rr2,regime",False,False,False,False,False,False,True,True,True,False,False,"p3,p5,er3,er5,rr1,rr2,regime",False,False,False,False,False,False,True,True,True,False,REJECT,2026-08-17,2026-08-17,278.20001220703125,273.04998779296875,-0.018511948914761156,-0.020011948914761157,2026-08-17,2026-08-19,278.20001220703125,267.04998779296875,-0.040079165797321625,-0.04157916579732163,2026-08-17,2026-08-21,278.20001220703125,269.3999938964844,-0.03163198391234456,-0.033131983912344565
2026-08-14,JIOFIN,UNFAVORABLE,24366.0,,11.3100004196167,249.0500030517578,50.560338859793205,0.028963323578099498,0.02869885984723001,0.8236174483203578,-0.014638959241314309,-0.027907803078463855,0.4894607338249188,0.3976837727024388,0.005853360096046157,0.011374090807861722,0.0016435781094328306,-0.007476592272172955,0.4,30,0.3320113649249847,238.3288263529559,250.50778240154116,251.88272040216674,0.1359719544540533,0.26421701926855495,False,"p3,p5,rr1,rr2,regime",False,False,True,True,False,False,True,True,True,False,False,"p3,p5,rr1,rr2,regime",False,False,True,True,False,False,True,True,True,False,False,"p3,p5,rr1,rr2,regime",False,False,True,True,False,False,True,True,True,False,REJECT,2026-08-17,2026-08-17,249.0500030517578,249.75,0.0028106682981918762,0.0013106682981918762,2026-08-17,2026-08-19,249.0500030517578,243.14999389648438,-0.023690058554415194,-0.025190058554415196,2026-08-17,2026-08-21,249.0500030517578,244.0,-0.020277064805770406,-0.021777064805770407
2026-08-14,JSWSTEEL,UNFAVORABLE,24366.0,,11.3100004196167,1270.0,49.552793259247785,0.009935250059551981,0.02028685013006187,0.5615005007435239,-0.01044103487545145,-0.02270103886110042,0.7737120260921985,0.8077744688593788,0.012936680736378874,0.0224027814958797,0.01828514073220011,0.023744799728233734,0.5019709102942647,30,0.2949099583287296,1231.353550502232,1286.4295845352012,1298.4515324997672,0.4251253284250641,0.7362004238296311,False,"rr1,rr2,regime",True,True,True,True,False,False,True,True,True,False,False,"rr1,rr2,regime",True,True,True,True,False,False,True,True,True,False,False,"rr1,rr2,regime",True,True,True,True,False,False,True,True,True,False,REJECT,2026-08-17,2026-08-17,1263.5999755859375,1277.800048828125,0.011237791640192896,0.009737791640192896,2026-08-17,2026-08-19,1263.5999755859375,1285.800048828125,0.017568909204745076,0.016068909204745074,2026-08-17,2026-08-21,1263.5999755859375,1293.699951171875,0.023820810515590596,0.022320810515590594
2026-08-14,KOTAKBANK,UNFAVORABLE,24366.0,,11.3100004196167,391.1499938964844,51.14515987823829,0.0003486874484233127,0.014581552175284599,0.786110604571881,-0.004454059626330942,0.0010236568048225259,0.553007364486643,0.6406312157089524,0.005028054960033082,0.006911047379358901,0.002752340096648931,0.01162481118023806,0.4,30,0.24885300167164798,382.5946328299386,393.11671756341246,393.853250036739,0.22988201802710687,0.3159721862383116,False,"rr1,rr2,regime",True,True,True,True,False,False,True,True,True,False,False,"rr1,rr2,regime",True,True,True,True,False,False,True,True,True,False,False,"rr1,rr2,regime",True,True,True,True,False,False,True,True,True,False,REJECT,2026-08-17,2026-08-17,389.0,392.70001220703125,0.009511599503936319,0.00801159950393632,2026-08-17,2026-08-19,389.0,390.25,0.0032133676092545027,0.0017133676092545027,2026-08-17,2026-08-21,389.0,402.79998779296875,0.0354755470256265,0.033975547025626496
2026-08-14,LT,UNFAVORABLE,24366.0,,11.3100004196167,4057.0,58.63923944777669,0.014552846253848895,0.015308637628085495,0.5606888752831863,0.0048546337074195645,0.0002465483234714849,0.6714375529659402,0.7086131682283697,0.005442474568206366,0.004190470756555878,0.007465010557468843,0.008159813365092417,0.4196750762688059,30,0.186034660894019,3963.839285714286,4079.0801193232137,4074.000739859347,0.23701105656506952,0.18248829444574188,False,"rr1,rr2,regime",True,True,True,True,False,False,True,True,True,False,False,"rr1,rr2,regime",True,True,True,True,False,False,True,True,True,False,False,"rr1,rr2,regime",True,True,True,True,False,False,True,True,True,False,REJECT,2026-08-17,2026-08-17,4041.0,4086.699951171875,0.01130906982723956,0.00980906982723956,2026-08-17,2026-08-19,4041.0,4041.300048828125,7.425113291881225e-05,-0.0014257488670811878,2026-08-17,2026-08-21,4041.0,4093.0,0.012868101954961686,0.011368101954961686
2026-08-14,M&M,UNFAVORABLE,24366.0,,11.3100004196167,3428.300048828125,60.059681223982025,0.07637606479738812,0.023280997207023802,0.40725540375735725,-0.009190499676487773,-0.021045103133031096,0.44481227429262976,0.45739006675340965,-0.0052969550772077705,-0.0019247854822685272,-0.0030809111660645705,-0.009414882720599038,0.4,30,0.41515911244600384,3308.578683035714,3428.300048828125,3428.300048828125,0.0,0.0,False,"p3,p5,er3,er5,rr1,rr2,regime",False,False,False,False,False,False,True,True,True,False,False,"p3,p5,er3,er5,rr1,rr2,regime",False,False,False,False,False,False,True,True,True,False,False,"p3,p5,er3,er5,rr1,rr2,regime",False,False,False,False,False,False,True,True,True,False,REJECT,2026-08-17,2026-08-17,3428.300048828125,3390.39990234375,-0.011055084428018502,-0.012555084428018502,2026-08-17,2026-08-19,3428.300048828125,3415.0,-0.0038794879790848835,-0.005379487979084883,2026-08-17,2026-08-21,3428.300048828125,3412.199951171875,-0.004696233534679517,-0.006196233534679517
2026-08-14,MARUTI,UNFAVORABLE,24366.0,,11.3100004196167,13834.0,51.05002140952003,0.013603946286704804,0.016955207323947015,0.5302363869676451,-0.011150822015725481,-0.01446177958253192,0.647593318544749,0.4693084075892162,0.0059945568535359475,0.00359983808828088,0.0025770561693509997,-0.0008435211706513401,0.4,30,0.2389738307550706,13482.162492820775,13916.928699511816,13883.800160113278,0.23570170268848764,0.14154306774323003,False,"p5,er5,rr1,rr2,regime",True,False,True,False,False,False,True,True,True,False,False,"p5,rr1,rr2,regime",True,False,True,True,False,False,True,True,True,False,False,"p5,rr1,rr2,regime",True,False,True,True,False,False,True,True,True,False,REJECT,2026-08-17,2026-08-17,13834.0,13760.0,-0.005349139800491565,-0.006849139800491564,2026-08-17,2026-08-19,13834.0,13690.0,-0.010409136909064642,-0.011909136909064642,2026-08-17,2026-08-21,13834.0,13565.0,-0.019444846031516527,-0.02094484603151653
2026-08-14,NESTLEIND,UNFAVORABLE,24366.0,,11.3100004196167,1499.0999755859375,53.78054935786315,0.03551590835410767,0.023842878706437382,0.5753333527210022,0.0039512621263027015,-0.02655845741172891,0.5708763687499768,0.5548467532825553,0.001872152606367204,0.0017821257002186243,0.0015571741291113828,0.0013381653386522752,0.41830083579003546,30,0.4677166720774532,1445.4856872558594,1501.9065195124358,1501.7715601796262,0.052346939853416076,0.04982971287879549,False,"er3,er5,rr1,rr2,regime",True,True,False,False,False,False,True,True,True,False,False,"er5,rr1,rr2,regime",True,True,True,False,False,False,True,True,True,False,False,"rr1,rr2,regime",True,True,True,True,False,False,True,True,True,False,REJECT,2026-08-17,2026-08-17,1500.0,1470.0,-0.020000000000000018,-0.02150000000000002,2026-08-17,2026-08-19,1500.0,1465.0,-0.023333333333333317,-0.02483333333333332,2026-08-17,2026-08-21,1500.0,1477.0999755859375,-0.015266682942708387,-0.01676668294270839
2026-08-14,NTPC,UNFAVORABLE,24366.0,,11.3100004196167,340.0,42.272758736635495,-0.029863095887048052,0.018214288278788078,0.7926253769316157,0.004579665348100503,-0.007299270072992692,0.5361017780113726,0.3996550207590596,-0.0010418184508383188,-0.0008081500971380066,0.002211136044989015,-0.001887627357936128,0.43649434716075286,30,0.2820306818942121,330.7107129778181,340.0,340.0,0.0,0.0,False,"p3,p5,er3,er5,rr1,rr2,trend,regime",False,False,False,False,False,False,True,False,True,False,False,"p5,er3,er5,rr1,rr2,trend,regime",True,False,False,False,False,False,True,False,True,False,False,"p5,er3,er5,rr1,rr2,regime",True,False,False,False,False,False,True,True,True,False,REJECT,2026-08-17,2026-08-17,340.0,337.0,-0.008823529411764675,-0.010323529411764674,2026-08-17,2026-08-19,340.0,336.54998779296875,-0.0101470947265625,-0.0116470947265625,2026-08-17,2026-08-21,340.0,340.0,0.0,-0.0015
2026-08-14,ONGC,UNFAVORABLE,24366.0,,11.3100004196167,236.39999389648438,36.412211486875606,-0.03008542513645307,0.016473291539790557,1.0396095931969598,-0.01273753639853703,-0.010257534621830544,0.710028731433036,0.6696914590126385,0.008445227560768234,0.01104615809071944,0.005371178867842108,0.008057841688838718,0.4,30,0.3759103655792643,230.55856486729212,238.39644564030442,239.01130560171006,0.34177454418137687,0.447033027736156,False,"rr1,rr2,trend,regime",True,True,True,True,False,False,True,False,True,False,False,"rr1,rr2,trend,regime",True,True,True,True,False,False,True,False,True,False,False,"rr1,rr2,trend,regime",True,True,True,True,False,False,True,False,True,False,REJECT,2026-08-17,2026-08-17,237.99000549316406,238.49000549316406,0.002100928561953319,0.0006009285619533191,2026-08-17,2026-08-19,237.99000549316406,238.0,4.199548974859191e-05,-0.0014580045102514081,2026-08-17,2026-08-21,237.99000549316406,236.39999389648438,-0.006681001554602495,-0.008181001554602494
2026-08-14,POWERGRID,UNFAVORABLE,24366.0,,11.3100004196167,266.04998779296875,29.56450756389694,-0.062193820034159186,0.019115654014826133,0.7689420228335039,-0.007090965954479778,-0.020434529402888146,0.5785744955067049,0.4841119459504768,0.003963807097121495,2.901808165639238e-05,0.004329218549769975,0.002283465706071852,0.4,30,0.2853500370206486,258.4214085170201,267.1045586227716,266.0577080532392,0.1382394796797487,0.0010120180955301115,False,"p5,er5,rr1,rr2,trend,regime",True,False,True,False,False,False,True,False,True,False,False,"p5,er5,rr1,rr2,trend,regime",True,False,True,False,False,False,True,False,True,False,False,"p5,er5,rr1,rr2,trend,regime",True,False,True,False,False,False,True,False,True,False,REJECT,2026-08-17,2026-08-17,266.04998779296875,266.1499938964844,0.00037589215600131176,-0.0011241078439986883,2026-08-17,2026-08-19,266.04998779296875,263.5,-0.00958461909403685,-0.01108461909403685,2026-08-17,2026-08-21,266.04998779296875,272.3999938964844,0.023867718078818267,0.022367718078818266
2026-08-14,RELIANCE,UNFAVORABLE,24366.0,,11.3100004196167,1310.0,50.78553564432881,0.0061629373820766276,0.01598145995561273,0.9278340369138693,-0.010499300670543055,-0.01857959838246781,0.4999746670096026,0.34949411352336535,-0.007524105332886662,-0.01818764246350137,-0.0007149928208979306,-0.012926726108333564,0.4477503976965902,30,0.26823653992398244,1278.596431187221,1310.0,1310.0,0.0,0.0,False,"p3,p5,er3,er5,rr1,rr2,regime",False,False,False,False,False,False,True,True,True,False,False,"p3,p5,er3,er5,rr1,rr2,regime",False,False,False,False,False,False,True,True,True,False,False,"p3,p5,er3,er5,rr1,rr2,regime",False,False,False,False,False,False,True,True,True,False,REJECT,2026-08-17,2026-08-17,1314.0,1316.0,0.0015220700152207556,2.2070015220755548e-05,2026-08-17,2026-08-19,1314.0,1311.0,-0.0022831050228310223,-0.0037831050228310224,2026-08-17,2026-08-21,1314.0,1316.0,0.0015220700152207556,2.2070015220755548e-05
2026-08-14,SBILIFE,UNFAVORABLE,24366.0,,11.3100004196167,1795.0,38.3653581647892,-0.011343931214908065,0.018806211605899324,0.626265099747721,-0.023182398863688558,-0.0326057666397197,0.5286317545052308,0.4146606889884482,0.0036320348519706808,0.005505837140519525,0.0017007543152580684,-0.0008234249284033712,0.4,30,0.4037505328434066,1744.364275251116,1801.5195025592875,1804.8829776672324,0.12875302154001822,0.19517796410033927,False,"p3,p5,rr1,rr2,regime",False,False,True,True,False,False,True,True,True,False,False,"p3,p5,rr1,rr2,regime",False,False,True,True,False,False,True,True,True,False,False,"p5,rr1,rr2,regime",True,False,True,True,False,False,True,True,True,False,REJECT,2026-08-17,2026-08-17,1785.4000244140625,1790.4000244140625,0.0028004928484532954,0.0013004928484532953,2026-08-17,2026-08-19,1785.4000244140625,1780.4000244140625,-0.0028004928484532954,-0.004300492848453295,2026-08-17,2026-08-21,1785.4000244140625,1792.9000244140625,0.004200739272679943,0.002700739272679943
2026-08-14,SBIN,UNFAVORABLE,24366.0,,11.3100004196167,1067.699951171875,56.20796760985082,0.03061532448017612,0.020056475508698192,0.5454271755006271,0.0015947009117025512,-0.026886621685037637,0.581593909136628,0.5405856555335418,0.009543685581956746,0.004320388718228105,0.00494330551149913,0.003577430846982921,0.4,30,0.35927613384642126,1035.5785042898995,1077.88974380173,1072.3128299953707,0.3172270747110348,0.14360744210698037,False,"rr1,rr2,regime",True,True,True,True,False,False,True,True,True,False,False,"rr1,rr2,regime",True,True,True,True,False,False,True,True,True,False,False,"rr1,rr2,regime",True,True,True,True,False,False,True,True,True,False,REJECT,2026-08-17,2026-08-17,1064.199951171875,1061.199951171875,-0.002819019110738008,-0.004319019110738008,2026-08-17,2026-08-19,1064.199951171875,1048.5999755859375,-0.014658876434601509,-0.01615887643460151,2026-08-17,2026-08-21,1064.199951171875,1048.699951171875,-0.014564932072146486,-0.016064932072146487
2026-08-14,SHRIRAMFIN,UNFAVORABLE,24366.0,,11.3100004196167,1122.0,60.43888469864811,0.08436558214319367,0.02379043769496435,0.4276948723292825,-0.006991790639317208,0.00627802690582957,0.5531224882275867,0.4527317786878719,-0.009673398482779422,-0.008883053043802689,0.002501828423601804,-0.010134984848815809,0.4,30,0.28782182675468493,1081.960693359375,1122.0,1122.0,0.0,0.0,False,"p5,er3,er5,rr1,rr2,regime",True,False,False,False,False,False,True,True,True,False,False,"p5,er3,er5,rr1,rr2,regime",True,False,False,False,False,False,True,True,True,False,False,"p5,er3,er5,rr1,rr2,regime",True,False,False,False,False,False,True,True,True,False,REJECT,2026-08-17,2026-08-17,1116.0,1122.0,0.005376344086021501,0.0038763440860215006,2026-08-17,2026-08-19,1116.0,1106.0,-0.008960573476702538,-0.010460573476702538,2026-08-17,2026-08-21,1116.0,1130.0,0.012544802867383575,0.011044802867383576
2026-08-14,SUNPHARMA,UNFAVORABLE,24366.0,,11.3100004196167,1930.0,47.157668173956694,0.01497300755956843,0.016458177319462437,0.36987443989927526,-0.006179196704428458,-0.007712082262210762,0.4188674175974257,0.46126181421520496,-0.0034175577086464,-0.0021876917007029872,-0.0009242550485947243,-0.006208895941344883,0.4,30,0.4128811871914967,1882.3535766601562,1930.0,1930.0,0.0,0.0,False,"p3,p5,er3,er5,rr1,rr2,regime",False,False,False,False,False,False,True,True,True,False,False,"p3,p5,er3,er5,rr1,rr2,regime",False,False,False,False,False,False,True,True,True,False,False,"p3,p5,er3,er5,rr1,rr2,regime",False,False,False,False,False,False,True,True,True,False,REJECT,2026-08-17,2026-08-17,1945.0,1882.0,-0.0323907455012854,-0.0338907455012854,2026-08-17,2026-08-19,1945.0,1900.0,-0.023136246786632397,-0.0246362467866324,2026-08-17,2026-08-21,1945.0,1902.4000244140625,-0.021902301072461494,-0.023402301072461495
2026-08-14,TATACONSUM,UNFAVORABLE,24366.0,,11.3100004196167,1079.5,46.39603829092029,-0.0189271188339446,0.022239146412132767,0.6848159947882257,0.0013914656771800704,-0.0025871280622751236,0.6261455536644629,0.5370923440979682,0.004234334724036096,0.005003275699582187,0.006242540193485913,0.00018282102980593518,0.4,30,0.2799857975200241,1043.489262172154,1084.070964334597,1084.9010361176988,0.1269333707198406,0.1499840448568195,False,"rr1,rr2,regime",True,True,True,True,False,False,True,True,True,False,False,"rr1,rr2,regime",True,True,True,True,False,False,True,True,True,False,False,"rr1,rr2,regime",True,True,True,True,False,False,True,True,True,False,REJECT,2026-08-17,2026-08-17,1083.800048828125,1072.5999755859375,-0.010334077078422155,-0.011834077078422154,2026-08-17,2026-08-19,1083.800048828125,1068.0,-0.014578379882164594,-0.016078379882164595,2026-08-17,2026-08-21,1083.800048828125,1049.0,-0.03210928885429842,-0.033609288854298425
2026-08-14,TATASTEEL,UNFAVORABLE,24366.0,,11.3100004196167,183.5,40.083223218646324,-0.03416997365414476,0.022911639007532722,0.7715887502256376,-0.025232403718459473,-0.021594257455917698,0.5339069483953063,0.39305870709915103,0.0010550239254239304,-0.0028002877894311683,0.0020806298080910945,-0.00983568356937442,0.4,30,0.2851210736170496,177.19357136317663,183.6935968903153,183.5,0.030698339974050422,0.0,False,"p3,p5,er3,er5,rr1,rr2,trend,regime",False,False,False,False,False,False,True,False,True,False,False,"p5,er5,rr1,rr2,trend,regime",True,False,True,False,False,False,True,False,True,False,False,"p5,er5,rr1,rr2,trend,regime",True,False,True,False,False,False,True,False,True,False,REJECT,2026-08-17,2026-08-17,183.5,186.0,0.013623978201634968,0.012123978201634968,2026-08-17,2026-08-19,183.5,184.0,0.0027247956403269047,0.0012247956403269047,2026-08-17,2026-08-21,183.5,183.0,-0.0027247956403270157,-0.004224795640327015
2026-08-14,TCS,UNFAVORABLE,24366.0,,11.3100004196167,2361.0,53.16403114288678,0.06611415405054388,0.03184484072228399,0.6208564384358576,-0.034632192363290626,-0.03738734985829051,0.5786599651258443,0.587238620466958,0.001194368451666769,0.0026377130935973533,0.004435598128703755,0.0014355156890900611,0.4,30,0.785694026121421,2248.2214965820312,2363.8199039143856,2367.227640613983,0.025003913236325923,0.05522010334631623,False,"er3,er5,rr1,rr2,regime",True,True,False,False,False,False,True,True,True,False,False,"rr1,rr2,regime",True,True,True,True,False,False,True,True,True,False,False,"rr1,rr2,regime",True,True,True,True,False,False,True,True,True,False,REJECT,2026-08-17,2026-08-17,2351.0,2313.199951171875,-0.016078285337356446,-0.017578285337356447,2026-08-17,2026-08-19,2351.0,2289.0,-0.026371756699276938,-0.02787175669927694,2026-08-17,2026-08-21,2351.0,2302.0,-0.020842194810718806,-0.022342194810718807
2026-08-14,TECHM,UNFAVORABLE,24366.0,,11.3100004196167,1632.800048828125,62.46398816194899,0.08548571633056823,0.023539765330148302,1.1477352968972365,-0.006208126093654953,-0.0013455358849387977,0.33582842941951174,0.370824701855451,-0.004823629539885242,-0.003733739608103988,-0.011429502831753813,-0.006145529059463695,0.4,30,0.4123951498103965,1575.1464538574219,1632.800048828125,1632.800048828125,0.0,0.0,False,"p3,p5,er3,er5,rr1,rr2,regime",False,False,False,False,False,False,True,True,True,False,False,"p3,p5,er3,er5,rr1,rr2,regime",False,False,False,False,False,False,True,True,True,False,False,"p3,p5,er3,er5,rr1,rr2,regime",False,False,False,False,False,False,True,True,True,False,REJECT,2026-08-17,2026-08-17,1621.0,1610.0,-0.006785934608266486,-0.008285934608266486,2026-08-17,2026-08-19,1621.0,1589.800048828125,-0.019247348039404644,-0.020747348039404645,2026-08-17,2026-08-21,1621.0,1584.0,-0.022825416409623656,-0.024325416409623657
2026-08-14,TITAN,UNFAVORABLE,24366.0,,11.3100004196167,5056.2001953125,68.54895514668561,0.10263083449015387,0.020621085106375347,0.6054499498474822,-0.014001521974941533,0.02331515792602712,0.493548829884405,0.42600386173422206,-0.0011414682190276303,-0.00787974394993196,0.000396658161807395,-0.0018327033989676833,0.4,30,0.42556608169437127,4899.803693498884,5056.2001953125,5056.2001953125,0.0,0.0,False,"p3,p5,er3,er5,rr1,rr2,regime",False,False,False,False,False,False,True,True,True,False,False,"p3,p5,er3,er5,rr1,rr2,regime",False,False,False,False,False,False,True,True,True,False,False,"p3,p5,er3,er5,rr1,rr2,regime",False,False,False,False,False,False,True,True,True,False,REJECT,2026-08-17,2026-08-17,5056.2001953125,5068.5,0.0024326182137532903,0.0009326182137532903,2026-08-17,2026-08-19,5056.2001953125,5068.0,0.002333729724238287,0.000833729724238287,2026-08-17,2026-08-21,5056.2001953125,5086.10009765625,0.005913512358840078,0.004413512358840079
2026-08-14,TRENT,UNFAVORABLE,24366.0,,11.3100004196167,2978.0,47.588541305367215,-0.010927801038089768,0.02419410053375048,1.4634751738421399,-0.007333333333333303,-0.006339673006339641,0.5268459683548596,0.5122325117202933,0.007455554469013848,0.0050661610156438235,0.0050487813718977925,0.0004909074783336909,0.4,30,0.2575229180008211,2869.9249529157364,3000.202641208723,2993.087027504587,0.20543725686662992,0.13959769541274206,False,"p3,p5,rr1,rr2,regime",False,False,True,True,False,False,True,True,True,False,False,"p3,p5,rr1,rr2,regime",False,False,True,True,False,False,True,True,True,False,False,"rr1,rr2,regime",True,True,True,True,False,False,True,True,True,False,REJECT,2026-08-17,2026-08-17,2989.89990234375,2946.0,-0.014682733127399095,-0.016182733127399096,2026-08-17,2026-08-19,2989.89990234375,2953.0,-0.012341517625665155,-0.013841517625665154,2026-08-17,2026-08-21,2989.89990234375,2924.0,-0.02204083898999154,-0.02354083898999154
2026-08-14,ULTRACEMCO,UNFAVORABLE,24366.0,,11.3100004196167,11619.0,46.057617100184544,0.01525082198851746,0.01740240177489017,0.6768420954135714,-0.013667232597623036,-0.04014869888475836,0.38313596631812097,0.4771896402171342,-0.0057253286344267846,-0.006959108127052461,-0.0050776264284652095,-0.0023499808321131854,0.4,30,0.3222657066823228,11315.702240666327,11619.0,11619.0,0.0,0.0,False,"p3,p5,er3,er5,rr1,rr2,regime",False,False,False,False,False,False,True,True,True,False,False,"p3,p5,er3,er5,rr1,rr2,regime",False,False,False,False,False,False,True,True,True,False,False,"p3,p5,er3,er5,rr1,rr2,regime",False,False,False,False,False,False,True,True,True,False,REJECT,2026-08-17,2026-08-17,11610.0,11681.0,0.0061154177433246915,0.004615417743324692,2026-08-17,2026-08-19,11610.0,11450.0,-0.013781223083548677,-0.015281223083548677,2026-08-17,2026-08-21,11610.0,11570.0,-0.003445305770887197,-0.004945305770887197
2026-08-14,WIPRO,UNFAVORABLE,24366.0,,11.3100004196167,184.0,54.91911014047914,0.035182095719225925,0.02082296928263599,0.5372751021427513,-0.0032503038119032768,-0.01882364849504059,0.5105254101854972,0.4904718120428838,-0.0013841612247759906,0.0029263124283431716,0.0010637432935980407,0.0013222052088707192,0.4,30,0.3633923835090381,178.25286047799247,184.0,184.53844148681515,0.0,0.09368860539287249,False,"p3,p5,er3,er5,rr1,rr2,regime",False,False,False,False,False,False,True,True,True,False,False,"p3,p5,er3,rr1,rr2,regime",False,False,False,True,False,False,True,True,True,False,False,"p3,p5,er3,rr1,rr2,regime",False,False,False,True,False,False,True,True,True,False,REJECT,2026-08-17,2026-08-17,183.5,181.89999389648438,-0.008719379310711872,-0.010219379310711872,2026-08-17,2026-08-19,183.5,179.5500030517578,-0.021525868927750325,-0.023025868927750326,2026-08-17,2026-08-21,183.5,180.7899932861328,-0.014768428958404245,-0.016268428958404246
2026-08-14,APOLLOTYRE,UNFAVORABLE,24366.0,,11.3100004196167,444.1000061035156,59.58887688945676,0.03833953477863039,0.021110105136967202,0.41533058412843354,0.0024830837551141904,-0.0020224581943468767,0.6486763671035024,0.5817078141154344,0.006291407787914327,0.0012736485853202884,0.009382359052898193,0.0006333320885327787,0.4,30,0.4352305597671764,430.03750937325617,446.89402034052813,444.66563344803006,0.1986855030515591,0.04022239829555526,False,"er5,rr1,rr2,regime",True,True,True,False,False,False,True,True,True,False,False,"er5,rr1,rr2,regime",True,True,True,False,False,False,True,True,True,False,False,"rr1,rr2,regime",True,True,True,True,False,False,True,True,True,False,REJECT,2026-08-17,2026-08-17,444.1000061035156,436.70001220703125,-0.016662899785593543,-0.018162899785593545,2026-08-17,2026-08-19,444.1000061035156,427.3500061035156,-0.037716729947748995,-0.039216729947748996,2026-08-17,2026-08-21,444.1000061035156,439.70001220703125,-0.009907664571071395,-0.011407664571071395
2026-08-14,AUROPHARMA,UNFAVORABLE,24366.0,,11.3100004196167,1622.0999755859375,55.627734920582604,0.04729449254433349,0.025214238524342802,0.7786766371472811,-0.02165260821113535,-0.02165260821113535,0.5465554211995567,0.5575733865840096,0.006627389457855722,0.009298985219674094,0.0012291517237181804,0.00469042806365616,0.4,30,0.22108995201370257,1560.749952043806,1632.8502638637237,1637.1838592837448,0.17522875554242578,0.2458659805965454,False,"rr1,rr2,regime",True,True,True,True,False,False,True,True,True,False,False,"rr1,rr2,regime",True,True,True,True,False,False,True,True,True,False,False,"rr1,rr2,regime",True,True,True,True,False,False,True,True,True,False,REJECT,2026-08-17,2026-08-17,1630.5999755859375,1627.199951171875,-0.0020851370446272055,-0.0035851370446272055,2026-08-17,2026-08-19,1630.5999755859375,1624.5,-0.0037409393335392505,-0.00524093933353925,2026-08-17,2026-08-21,1630.5999755859375,1621.300048828125,-0.005703377221301986,-0.007203377221301986
2026-08-14,BOSCHLTD,UNFAVORABLE,24366.0,,11.3100004196167,47100.0,79.04233329297045,0.14846074827932632,0.024490760466412395,0.8117776055764225,0.04238132123492311,0.09662398137369044,0.502364062249902,0.6589132584331211,0.0022002361369082004,0.007106910770228575,0.0028929373873337605,0.010559594324351274,0.4,30,0.43266184821526754,45369.72777304796,47203.63112204838,47434.73549727777,0.059892958133488716,0.19345828480840954,False,"p3,rr1,rr2,rsi,regime",False,True,True,True,False,False,True,True,False,False,False,"p3,rr1,rr2,rsi,regime",False,True,True,True,False,False,True,True,False,False,False,"p3,rr1,rr2,regime",False,True,True,True,False,False,True,True,True,False,REJECT,2026-08-17,2026-08-17,47105.0,46970.0,-0.0028659377985351675,-0.004365937798535167,2026-08-17,2026-08-19,47105.0,48460.0,0.028765523829741957,0.027265523829741956,2026-08-17,2026-08-21,47105.0,48200.0,0.023245939921452186,0.021745939921452184
2026-08-14,SAIL,UNFAVORABLE,24366.0,,11.3100004196167,169.50999450683594,48.29663414999357,-0.010258866634769381,0.03935291297541587,1.6420580311441504,-0.020173442157017663,-0.04003855052047778,0.468275385712565,0.3868100848613312,-0.003227880913216065,-0.005593720499862828,-0.004021449723640769,-0.008848764157614764,0.4,30,0.39682131015338923,161.03449478149415,169.50999450683594,169.50999450683594,0.0,0.0,False,"p3,p5,er3,er5,rr1,rr2,regime",False,False,False,False,False,False,True,True,True,False,False,"p3,p5,er3,er5,rr1,rr2,regime",False,False,False,False,False,False,True,True,True,False,False,"p3,p5,er3,er5,rr1,rr2,regime",False,False,False,False,False,False,True,True,True,False,REJECT,2026-08-17,2026-08-17,168.61000061035156,173.60000610351562,0.029594955667521017,0.028094955667521015,2026-08-17,2026-08-19,168.61000061035156,172.75,0.024553700104750886,0.023053700104750885,2026-08-17,2026-08-21,168.61000061035156,173.4600067138672,0.028764640803980113,0.02726464080398011
2026-08-14,DLF,UNFAVORABLE,24366.0,,11.3100004196167,665.0,55.94831998832508,0.04619705676035002,0.023764769065520944,0.4793118510562344,0.022919589253380668,0.03582554517133962,0.32735193320109346,0.28605635132105817,-0.00331405921664969,-0.014410872817081331,-0.008598762323665299,-0.020738523640813966,0.4,30,0.38100386288729915,641.2946428571429,665.0,665.0,0.0,0.0,False,"p3,p5,er3,er5,rr1,rr2,regime",False,False,False,False,False,False,True,True,True,False,False,"p3,p5,er3,er5,rr1,rr2,regime",False,False,False,False,False,False,True,True,True,False,False,"p3,p5,er3,er5,rr1,rr2,regime",False,False,False,False,False,False,True,True,True,False,REJECT,2026-08-17,2026-08-17,666.7000122070312,671.0,0.006449659088402004,0.004949659088402005,2026-08-17,2026-08-19,666.7000122070312,669.9000244140625,0.004799778233748553,0.003299778233748553,2026-08-17,2026-08-21,666.7000122070312,678.0999755859375,0.01709908980077568,0.01559908980077568
2026-08-14,NAUKRI,UNFAVORABLE,24366.0,,11.3100004196167,1343.0,69.2456990634574,0.18919312729598436,0.032121593198197,0.4418522631520325,-0.012499999999999956,0.0960580645405531,0.5350247285965727,0.4389468082681755,0.001245313012642969,-0.0018537489353497565,0.0026139152462112403,-0.0033296913745566314,0.4,30,0.7521016292720104,1278.291050502232,1344.6724553759796,1343.0,0.02584581250290956,0.0,False,"p3,p5,er3,er5,rr1,rr2,regime",False,False,False,False,False,False,True,True,True,False,False,"p5,er5,rr1,rr2,regime",True,False,True,False,False,False,True,True,True,False,False,"p5,er5,rr1,rr2,regime",True,False,True,False,False,False,True,True,True,False,REJECT,2026-08-17,2026-08-17,1341.0,1355.800048828125,0.011036576307326573,0.009536576307326574,2026-08-17,2026-08-19,1341.0,1378.4000244140625,0.02788965280690725,0.02638965280690725,2026-08-17,2026-08-21,1341.0,1350.0999755859375,0.0067859624056207934,0.005285962405620794
2026-08-17,ADANIENT,UNFAVORABLE,24287.650390625,,11.329999923706055,3007.300048828125,46.47855803156002,-0.014920198722086053,0.02194897375082701,0.8649151825825527,0.007234517201827995,-0.0008969937448090048,0.2534666086262314,0.2182071263286469,-0.015586837751545575,-0.023324417940627493,-0.014777777437309514,-0.018716635961724515,0.4,30,0.2689228081680554,2908.289324079241,3007.300048828125,3007.300048828125,0.0,0.0,False,"p3,p5,er3,er5,rr1,rr2,regime",False,False,False,False,False,False,True,True,True,False,False,"p3,p5,er3,er5,rr1,rr2,regime",False,False,False,False,False,False,True,True,True,False,False,"p3,p5,er3,er5,rr1,rr2,regime",False,False,False,False,False,False,True,True,True,False,REJECT,2026-08-18,2026-08-18,3014.0,3002.5,-0.0038155275381552833,-0.005315527538155283,2026-08-18,2026-08-20,3014.0,2994.89990234375,-0.006337125964250179,-0.007837125964250178,2026-08-18,2026-08-24,3014.0,2998.60009765625,-0.005109456650215671,-0.006609456650215671
2026-08-17,ADANIPORTS,UNFAVORABLE,24287.650390625,,11.329999923706055,1691.0,40.824231804636746,-0.05054184857648869,0.022028385570668243,0.6848282246223792,0.01561561561561553,0.005948839976204656,0.31766855128242955,0.4320511070618068,-0.0062920836597740535,-0.0028489213207998207,-0.010563369286255508,-0.007343853149815782,0.4,30,0.2616856683367251,1635.125,1691.0,1691.0,0.0,0.0,False,"p3,p5,er3,er5,rr1,rr2,trend,regime",False,False,False,False,False,False,True,False,True,False,False,"p3,p5,er3,er5,rr1,rr2,trend,regime",False,False,False,False,False,False,True,False,True,False,False,"p3,p5,er3,er5,rr1,rr2,trend,regime",False,False,False,False,False,False,True,False,True,False,REJECT,2026-08-18,2026-08-18,1691.5999755859375,1682.4000244140625,-0.005438609189319932,-0.006938609189319931,2026-08-18,2026-08-20,1691.5999755859375,1696.0,0.0026011021976626303,0.0011011021976626303,2026-08-18,2026-08-24,1691.5999755859375,1672.0999755859375,-0.011527548050032088,-0.013027548050032088
2026-08-17,APOLLOHOSP,UNFAVORABLE,24287.650390625,,11.329999923706055,8825.5,50.77439787816868,0.010182197825762795,0.022049778426237444,0.9622277460436949,0.027774075376443275,-0.00855322334143005,0.5811308171788971,0.7423194124343926,0.0038010290646984593,0.010161950772233221,0.0069035594647604,0.00933120748154026,0.4,30,0.28516176907018015,8533.599520748861,8859.045982010495,8915.184296540345,0.11492266849494852,0.3072427176907246,False,"rr1,rr2,regime",True,True,True,True,False,False,True,True,True,False,False,"rr1,rr2,regime",True,True,True,True,False,False,True,True,True,False,False,"rr1,rr2,regime",True,True,True,True,False,False,True,True,True,False,REJECT,2026-08-18,2026-08-18,8825.5,8817.0,-0.0009631182369270741,-0.002463118236927074,2026-08-18,2026-08-20,8825.5,8735.0,-0.010254376522576658,-0.011754376522576658,2026-08-18,2026-08-24,8825.5,8702.0,-0.013993541442411161,-0.015493541442411161
2026-08-17,ASIANPAINT,UNFAVORABLE,24287.650390625,,11.329999923706055,2687.5,44.358066344453235,-0.006372689413924992,0.022078404017857142,0.3069346032127195,-0.019160583941605802,-0.022727272727272707,0.4630281381489545,0.41985391576658815,0.003148791014990145,0.0033143748199872505,-0.0036546773328610116,-0.00694498642389646,0.4,30,0.3385557333905748,2598.4964338030136,2695.962375852786,2696.407382328716,0.09507906496753928,0.10007893738776288,False,"p3,p5,er5,rr1,rr2,regime",False,False,True,False,False,False,True,True,True,False,False,"p3,p5,rr1,rr2,regime",False,False,True,True,False,False,True,True,True,False,False,"p3,p5,rr1,rr2,regime",False,False,True,True,False,False,True,True,True,False,REJECT,2026-08-18,2026-08-18,2663.10009765625,2628.39990234375,-0.013030000390536922,-0.014530000390536922,2026-08-18,2026-08-20,2663.10009765625,2625.199951171875,-0.014231589160967006,-0.015731589160967008,2026-08-18,2026-08-24,2663.10009765625,2640.800048828125,-0.008373717851518525,-0.009873717851518525
2026-08-17,AXISBANK,UNFAVORABLE,24287.650390625,,11.329999923706055,1227.300048828125,40.18331897391783,-0.05441307833306208,0.015853623846011387,0.8986071584157613,-0.0021950822535569126,-0.016034634183483387,0.42020810456332164,0.4123115543092334,-0.005485922058630417,-0.006948213200340145,-0.003076058455506403,-0.003507014885320514,0.4,30,0.3350581249369783,1198.1143188476562,1227.300048828125,1227.300048828125,0.0,0.0,False,"p3,p5,er3,er5,rr1,rr2,trend,regime",False,False,False,False,False,False,True,False,True,False,False,"p3,p5,er3,er5,rr1,rr2,trend,regime",False,False,False,False,False,False,True,False,True,False,False,"p3,p5,er3,er5,rr1,rr2,trend,regime",False,False,False,False,False,False,True,False,True,False,REJECT,2026-08-18,2026-08-18,1223.9000244140625,1243.0,0.01560582989209558,0.01410582989209558,2026-08-18,2026-08-20,1223.9000244140625,1251.0,0.02214231150041157,0.02064231150041157,2026-08-18,2026-08-24,1223.9000244140625,1236.0,0.009886408484819142,0.008386408484819143
2026-08-17,BAJAJ-AUTO,UNFAVORABLE,24287.650390625,,11.329999923706055,11663.0,65.0143188537539,0.09787597757369704,0.018593598804522236,0.4519050052361855,-0.0031623931623931956,-0.0011989380834118712,0.2603656585454287,0.25676751758392535,-0.0071383381224837195,-0.01562649881856826,-0.008513234476304032,-0.01766627287021999,0.4,30,0.5376948043354884,11337.714285714284,11663.0,11663.0,0.0,0.0,False,"p3,p5,er3,er5,rr1,rr2,regime",False,False,False,False,False,False,True,True,True,False,False,"p3,p5,er3,er5,rr1,rr2,regime",False,False,False,False,False,False,True,True,True,False,False,"p3,p5,er3,er5,rr1,rr2,regime",False,False,False,False,False,False,True,True,True,False,REJECT,2026-08-18,2026-08-18,11700.0,11607.0,-0.007948717948717987,-0.009448717948717987,2026-08-18,2026-08-20,11700.0,11793.0,0.007948717948717876,0.0064487179487178765,2026-08-18,2026-08-24,11700.0,11800.0,0.008547008547008517,0.007047008547008517
2026-08-17,BAJFINANCE,UNFAVORABLE,24287.650390625,,11.329999923706055,1089.300048828125,54.31238127034086,0.062296256250273574,0.02813077735177089,0.24181558640457457,-0.004478068508870114,-0.011703776914555819,0.5653168888164282,0.7020161011728457,0.003995579331579407,0.009743752304643482,0.004213805066842546,0.008904971036645892,0.4,30,0.8688085296155185,1043.3357631138392,1093.652433589111,1099.9139186893424,0.09469057755059035,0.23091558361622863,False,"rr1,rr2,regime",True,True,True,True,False,False,True,True,True,False,False,"rr1,rr2,regime",True,True,True,True,False,False,True,True,True,False,False,"rr1,rr2,regime",True,True,True,True,False,False,True,True,True,False,REJECT,2026-08-18,2026-08-18,1088.5999755859375,1094.300048828125,0.005236150440954601,0.003736150440954601,2026-08-18,2026-08-20,1088.5999755859375,1095.0,0.0058791333433732,0.0043791333433732,2026-08-18,2026-08-24,1088.5999755859375,1077.0,-0.010655866108846612,-0.012155866108846612
2026-08-17,BAJAJFINSV,UNFAVORABLE,24287.650390625,,11.329999923706055,2005.0,56.85963106578279,0.06874619228554302,0.024036331638815907,0.6865788347855873,-0.007671368473150197,-0.008064141114316636,0.45869957505365283,0.4306920642437266,-0.002517487204362976,-0.0032803474996373257,-0.00654074939128424,-0.008346218218960422,0.4,30,0.4574402723654419,1932.710732596261,2005.0,2005.0,0.0,0.0,False,"p3,p5,er3,er5,rr1,rr2,regime",False,False,False,False,False,False,True,True,True,False,False,"p3,p5,er3,er5,rr1,rr2,regime",False,False,False,False,False,False,True,True,True,False,False,"p3,p5,er3,er5,rr1,rr2,regime",False,False,False,False,False,False,True,True,True,False,REJECT,2026-08-18,2026-08-18,1998.4000244140625,2011.199951171875,0.006405087370615625,0.004905087370615626,2026-08-18,2026-08-20,1998.4000244140625,2016.0,0.008807033312110635,0.007307033312110635,2026-08-18,2026-08-24,1998.4000244140625,2001.699951171875,0.0016512843862579452,0.00015128438625794513
2026-08-17,BEL,UNFAVORABLE,24287.650390625,,11.329999923706055,412.45001220703125,60.26546368572147,0.011658123134703269,0.015552155511795108,0.574615077883534,0.0180180634839453,0.02141692522350369,0.39230938699214685,0.38672256639668684,-0.005818972396343913,-0.00829781263507793,-0.007050983477642214,-0.006416359973903052,0.4,30,0.3562764330736822,402.828282111003,412.45001220703125,412.45001220703125,0.0,0.0,False,"p3,p5,er3,er5,rr1,rr2,regime",False,False,False,False,False,False,True,True,True,False,False,"p3,p5,er3,er5,rr1,rr2,regime",False,False,False,False,False,False,True,True,True,False,False,"p3,p5,er3,er5,rr1,rr2,regime",False,False,False,False,False,False,True,True,True,False,REJECT,2026-08-18,2026-08-18,412.70001220703125,412.0,-0.0016961768508019226,-0.0031961768508019226,2026-08-18,2026-08-20,412.70001220703125,409.3999938964844,-0.007996167223012884,-0.009496167223012884,2026-08-18,2026-08-24,412.70001220703125,409.0,-0.008965379446548516,-0.010465379446548516
2026-08-17,BHARTIARTL,UNFAVORABLE,24287.650390625,,11.329999923706055,1969.300048828125,57.6951127911418,0.04119658344523103,0.0203806879990357,0.8160964844783839,0.012493598369216041,0.013535794558993786,0.5600582379236158,0.6373141243688242,0.006384230019268046,0.01830263402726308,0.0068975329440654765,0.014606183934285033,0.4014045559350648,30,0.2792692866193027,1909.0965140206472,1981.8725133167995,2005.3434269116976,0.20883266288066743,0.5986920568507171,False,"rr1,rr2,regime",True,True,True,True,False,False,True,True,True,False,False,"rr1,rr2,regime",True,True,True,True,False,False,True,True,True,False,False,"rr1,rr2,regime",True,True,True,True,False,False,True,True,True,False,REJECT,2026-08-18,2026-08-18,1956.699951171875,1934.199951171875,-0.0114989526046263,-0.0129989526046263,2026-08-18,2026-08-20,1956.699951171875,1941.699951171875,-0.0076659684030842,-0.0091659684030842,2026-08-18,2026-08-24,1956.699951171875,1935.0,-0.011090076002137628,-0.012590076002137627
2026-08-17,BPCL,UNFAVORABLE,24287.650390625,,11.329999923706055,316.6499938964844,50.25393497460417,0.015424555145967078,0.018824315907764448,0.8251933646702942,-0.0011041202003647665,-0.005808496400363072,0.5072119643127099,0.47172580546917364,0.004564821555613759,0.0010520198253743689,0.002670375871630215,-0.007958185158913056,0.4,30,0.3127205680754205,307.7089146205357,318.095444614208,316.98311596776813,0.16166400868538122,0.03725747876767473,False,"p3,p5,er5,rr1,rr2,regime",False,False,True,False,False,False,True,True,True,False,False,"p3,p5,er5,rr1,rr2,regime",False,False,True,False,False,False,True,True,True,False,False,"p3,p5,rr1,rr2,regime",False,False,True,True,False,False,True,True,True,False,REJECT,2026-08-18,2026-08-18,315.29998779296875,310.29998779296875,-0.015857913712585048,-0.01735791371258505,2026-08-18,2026-08-20,315.29998779296875,308.70001220703125,-0.020932368669392853,-0.022432368669392855,2026-08-18,2026-08-24,315.29998779296875,311.8999938964844,-0.010783361966753002,-0.012283361966753002
2026-08-17,BRITANNIA,UNFAVORABLE,24287.650390625,,11.329999923706055,5521.0,56.41680419126865,0.042284417397161045,0.01996923930048552,0.5766770742685557,-0.02205296253653355,-0.018227082777629633,0.5219114778476146,0.5288236878919763,0.0030911422884922586,0.005349400797258626,0.0049839936809648044,0.00996708077115449,0.4,30,0.2478452648611218,5355.624744733029,5538.066196574766,5550.534041801664,0.10319679656557618,0.17858803455200192,False,"p3,p5,rr1,rr2,regime",False,False,True,True,False,False,True,True,True,False,False,"p3,rr1,rr2,regime",False,True,True,True,False,False,True,True,True,False,False,"rr1,rr2,regime",True,True,True,True,False,False,True,True,True,False,REJECT,2026-08-18,2026-08-18,5543.5,5495.0,-0.008748985298096867,-0.010248985298096867,2026-08-18,2026-08-20,5543.5,5548.0,0.0008117615225038399,-0.0006882384774961601,2026-08-18,2026-08-24,5543.5,5311.0,-0.041941011996031397,-0.0434410119960314
2026-08-17,CIPLA,UNFAVORABLE,24287.650390625,,11.329999923706055,1431.5,44.44250420990224,-0.0005222579666074312,0.015323597611225113,0.572086369453195,-0.021531100478468845,-0.024664408514132208,0.6707864161622613,0.577817354650355,0.003584319771891115,0.007548173562571927,0.006607015202613198,0.005072088305516309,0.4,30,0.23769328836904283,1398.5964050292969,1436.6309537534623,1442.3052104548217,0.15593900174223702,0.32838996664171466,False,"rr1,rr2,regime",True,True,True,True,False,False,True,True,True,False,False,"rr1,rr2,regime",True,True,True,True,False,False,True,True,True,False,False,"rr1,rr2,regime",True,True,True,True,False,False,True,True,True,False,REJECT,2026-08-18,2026-08-18,1431.5,1431.0999755859375,-0.00027944422917391964,-0.0017794442291739197,2026-08-18,2026-08-20,1431.5,1438.0,0.00454069158225634,0.00304069158225634,2026-08-18,2026-08-24,1431.5,1437.9000244140625,0.0044708518435645495,0.0029708518435645494
2026-08-17,COALINDIA,UNFAVORABLE,24287.650390625,,11.329999923706055,408.45001220703125,36.819365479797234,-0.0411868156783769,0.011768476836701822,0.70147856501466,-0.0020766567585812634,-0.006204349861237857,0.3143922894037065,0.19345984898953028,-0.0088214604229673,-0.013182934889342033,-0.00521779028330982,-0.00607096934276341,0.5255980599559116,30,0.3184503810716705,401.2397604456177,408.45001220703125,408.45001220703125,0.0,0.0,False,"p3,p5,er3,er5,rr1,rr2,trend,regime",False,False,False,False,False,False,True,False,True,False,False,"p3,p5,er3,er5,rr1,rr2,trend,regime",False,False,False,False,False,False,True,False,True,False,False,"p3,p5,er3,er5,rr1,rr2,trend,regime",False,False,False,False,False,False,True,False,True,False,REJECT,2026-08-18,2026-08-18,408.95001220703125,406.8999938964844,-0.0050128823801307565,-0.006512882380130756,2026-08-18,2026-08-20,408.95001220703125,402.5,-0.01577212865753852,-0.01727212865753852,2026-08-18,2026-08-24,408.95001220703125,406.8999938964844,-0.0050128823801307565,-0.006512882380130756
2026-08-17,DRREDDY,UNFAVORABLE,24287.650390625,,11.329999923706055,1192.0,47.089126353555415,-0.04019762206155231,0.01805491461164085,0.9516799948804175,-0.00666666666666671,0.028650284581407837,0.6784723345905304,0.649339440751992,0.00842240410439173,0.016074558331034133,0.009971204795205968,0.013020534194698286,0.41607312957895365,30,0.3200050529096011,1159.717812674386,1202.039505692435,1211.1608735305929,0.31099211435617824,0.5935432236151459,False,"rr1,rr2,trend,regime",True,True,True,True,False,False,True,False,True,False,False,"rr1,rr2,trend,regime",True,True,True,True,False,False,True,False,True,False,False,"rr1,rr2,trend,regime",True,True,True,True,False,False,True,False,True,False,REJECT,2026-08-18,2026-08-18,1185.0,1178.800048828125,-0.005232026305379778,-0.006732026305379777,2026-08-18,2026-08-20,1185.0,1180.0,-0.00421940928270037,-0.00571940928270037,2026-08-18,2026-08-24,1185.0,1190.0,0.00421940928270037,0.0027194092827003704
2026-08-17,EICHERMOT,UNFAVORABLE,24287.650390625,,11.329999923706055,8050.0,65.2477431077424,0.06548352221822418,0.017264665012072127,0.7768444505247523,0.00012423903590508267,0.00940438871473348,0.6860206113555543,0.5892158730716128,0.009297361399209279,0.007653156826756456,0.009845571702305822,0.015839033482298648,0.4,30,0.44710615496867034,7841.52916997923,8124.843759263636,8111.607912455389,0.3590131015268598,0.29552293934480345,False,"rr1,rr2,regime",True,True,True,True,False,False,True,True,True,False,False,"rr1,rr2,regime",True,True,True,True,False,False,True,True,True,False,False,"rr1,rr2,regime",True,True,True,True,False,False,True,True,True,False,REJECT,2026-08-18,2026-08-18,8040.0,8018.5,-0.002674129353233856,-0.004174129353233856,2026-08-18,2026-08-20,8040.0,8042.0,0.00024875621890552146,-0.0012512437810944786,2026-08-18,2026-08-24,8040.0,8047.0,0.0008706467661692141,-0.0006293532338307859
2026-08-17,ETERNAL,UNFAVORABLE,24287.650390625,,11.329999923706055,318.0,64.4784888966239,0.11957244838407344,0.02424753879708207,0.5767995388140721,0.012577654388049808,0.024979854955681002,0.4458149187798934,0.6037403293610581,0.002331399612435219,0.006733876176151584,-0.00345964805438842,0.005291468905820107,0.4,30,0.2761218347882529,306.4339239937919,318.7413850767544,320.1413726240162,0.06409996582734354,0.18514253432770114,False,"p3,rr1,rr2,regime",False,True,True,True,False,False,True,True,True,False,False,"p3,rr1,rr2,regime",False,True,True,True,False,False,True,True,True,False,False,"p3,rr1,rr2,regime",False,True,True,True,False,False,True,True,True,False,REJECT,2026-08-18,2026-08-18,318.0,315.8999938964844,-0.006603792778350992,-0.008103792778350992,2026-08-18,2026-08-20,318.0,327.95001220703125,0.031289346562991316,0.029789346562991315,2026-08-18,2026-08-24,318.0,327.1499938964844,0.02877356571221501,0.02727356571221501
2026-08-17,GRASIM,UNFAVORABLE,24287.650390625,,11.329999923706055,3250.5,55.05857869566429,0.030562495469245166,0.027968219335244602,1.7583273581488095,-0.017322706325137438,-0.03845584972637184,0.568517707044437,0.6045826721714427,0.00555559934181251,0.01189221996181042,0.0022054678569916053,0.01337410407077888,0.4,30,0.7110220761483076,3114.133954576181,3268.5584756605617,3289.1556609858644,0.13242648200611,0.2834698393263848,False,"rr1,rr2,regime",True,True,True,True,False,False,True,True,True,False,False,"rr1,rr2,regime",True,True,True,True,False,False,True,True,True,False,False,"rr1,rr2,regime",True,True,True,True,False,False,True,True,True,False,REJECT,2026-08-18,2026-08-18,3257.0,3278.699951171875,0.006662557928116319,0.00516255792811632,2026-08-18,2026-08-20,3257.0,3300.0,0.013202333435677005,0.011702333435677005,2026-08-18,2026-08-24,3257.0,3288.0,0.009517961314092771,0.008017961314092771
2026-08-17,HCLTECH,UNFAVORABLE,24287.650390625,,11.329999923706055,1325.0,56.61120919792906,0.09666546661965336,0.02414016435731132,0.3647502217444781,-0.02958841635541898,-0.023725281705228474,0.575606122475699,0.6802331512144824,0.004464215688242961,0.008991824229673226,0.004486003907091862,0.010938037227213204,0.4,30,0.38107615627136826,1277.0214233398438,1330.915085786922,1336.914167104317,0.12328597884051319,0.2483226459323252,False,"rr1,rr2,regime",True,True,True,True,False,False,True,True,True,False,False,"rr1,rr2,regime",True,True,True,True,False,False,True,True,True,False,False,"rr1,rr2,regime",True,True,True,True,False,False,True,True,True,False,REJECT,2026-08-18,2026-08-18,1318.0,1298.0,-0.015174506828528056,-0.016674506828528057,2026-08-18,2026-08-20,1318.0,1318.4000244140625,0.0003035086601383963,-0.0011964913398616038,2026-08-18,2026-08-24,1318.0,1322.0,0.003034901365705611,0.0015349013657056112
2026-08-17,HDFCBANK,UNFAVORABLE,24287.650390625,,11.329999923706055,729.0,35.56162503461634,-0.05380163586183773,0.012443654611487729,0.515507354698507,0.0,-0.002735978112175075,0.6054240220294765,0.6441174227322233,-0.0005869843311634513,-0.0036751514619194057,0.0024113034415625956,0.004776191559884735,0.4,30,0.5177065826989176,715.3928636823382,729.0,729.0,0.0,0.0,False,"er3,er5,rr1,rr2,trend,regime",True,True,False,False,False,False,True,False,True,False,False,"er3,er5,rr1,rr2,trend,regime",True,True,False,False,False,False,True,False,True,False,False,"er3,er5,rr1,rr2,trend,regime",True,True,False,False,False,False,True,False,True,False,REJECT,2026-08-18,2026-08-18,726.2999877929688,723.0,-0.004543560303500116,-0.006043560303500116,2026-08-18,2026-08-20,726.2999877929688,725.0499877929688,-0.0017210519358514809,-0.003221051935851481,2026-08-18,2026-08-24,726.2999877929688,729.0,0.0037174889885869256,0.0022174889885869255
2026-08-17,HDFCLIFE,UNFAVORABLE,24287.650390625,,11.329999923706055,543.0,44.45143389565843,-0.032927766696606575,0.016587728828042787,0.9171793699696404,0.011173184357541999,0.005555555555555536,0.5211894805636476,0.5272817564793566,0.004154448071267312,0.0053017156184743406,0.004042050233313721,0.0027250003638308318,0.4,30,0.2978424702517869,529.4892948695591,545.2558653026982,545.8788315808315,0.1669687318995326,0.21307781888787003,False,"p3,p5,rr1,rr2,trend,regime",False,False,True,True,False,False,True,False,True,False,False,"p3,rr1,rr2,trend,regime",False,True,True,True,False,False,True,False,True,False,False,"rr1,rr2,trend,regime",True,True,True,True,False,False,True,False,True,False,REJECT,2026-08-18,2026-08-18,541.9500122070312,538.25,-0.0068272204515013035,-0.008327220451501303,2026-08-18,2026-08-20,541.9500122070312,542.0,9.22369071736373e-05,-0.0014077630928263627,2026-08-18,2026-08-24,541.9500122070312,552.9500122070312,0.0202970749187803,0.0187970749187803
2026-08-17,HEROMOTOCO,UNFAVORABLE,24287.650390625,,11.329999923706055,5745.0,67.8504107157519,0.12861553260119551,0.024616435438813252,0.44606019000478614,-0.025445292620865145,-0.019624573378839605,0.6775351548300086,0.6207903425634873,3.5628578064374585e-05,0.0063164845277655784,0.0046282385560146855,0.012535694458867708,0.4,30,0.30518270820785975,5532.867867606026,5745.2046861809795,5781.288203612014,0.0009648994646380779,0.17106415328262867,False,"er3,rr1,rr2,regime",True,True,False,True,False,False,True,True,True,False,False,"er3,rr1,rr2,regime",True,True,False,True,False,False,True,True,True,False,False,"rr1,rr2,regime",True,True,True,True,False,False,True,True,True,False,REJECT,2026-08-18,2026-08-18,5745.0,5745.5,8.703220191463856e-05,-0.0014129677980853615,2026-08-18,2026-08-20,5745.0,5740.5,-0.0007832898172324132,-0.0022832898172324132,2026-08-18,2026-08-24,5745.0,5685.0,-0.010443864229765065,-0.011943864229765065
2026-08-17,HINDALCO,UNFAVORABLE,24287.650390625,,11.329999923706055,1049.9000244140625,59.98179363175663,0.06369699243463267,0.02622018528649566,0.5946876481078511,-0.026518289833970754,-0.003937217609995325,0.5359395425280233,0.6284760081153755,0.01467611677595592,0.019023067852575314,0.013908452520847714,0.016525424259102195,0.4,30,0.4705872139236753,1008.6071646554129,1065.3084797754423,1069.8723438169118,0.3731505991941421,0.48367489003145875,False,"p3,rr1,rr2,regime",False,True,True,True,False,False,True,True,True,False,False,"rr1,rr2,regime",True,True,True,True,False,False,True,True,True,False,False,"rr1,rr2,regime",True,True,True,True,False,False,True,True,True,False,REJECT,2026-08-18,2026-08-18,1048.949951171875,1041.5999755859375,-0.007006984058415933,-0.008506984058415932,2026-08-18,2026-08-20,1048.949951171875,1029.8499755859375,-0.018208662448193302,-0.019708662448193304,2026-08-18,2026-08-24,1048.949951171875,1058.5,0.009104389411006553,0.007604389411006553
2026-08-17,HINDUNILVR,UNFAVORABLE,24287.650390625,,11.329999923706055,2055.0,41.588869117083924,-0.03713312758066356,0.017226289252585156,0.5586431362962874,-0.0038778477944740875,-0.015427343774033764,0.6006411126393173,0.5031111397661374,0.006636591574397635,0.00659852188704398,0.0061202710795643656,0.00422625111973246,0.4,30,0.7157708098862199,2001.8999633789062,2068.638195685387,2068.559962477875,0.2568396662831925,0.25536634889039844,False,"p5,rr1,rr2,trend,regime",True,False,True,True,False,False,True,False,True,False,False,"p5,rr1,rr2,trend,regime",True,False,True,True,False,False,True,False,True,False,False,"p5,rr1,rr2,trend,regime",True,False,True,True,False,False,True,False,True,False,REJECT,2026-08-18,2026-08-18,2055.0,2035.0,-0.009732360097323589,-0.011232360097323589,2026-08-18,2026-08-20,2055.0,2028.0,-0.013138686131386912,-0.014638686131386911,2026-08-18,2026-08-24,2055.0,2030.0,-0.012165450121654486,-0.013665450121654486
2026-08-17,ICICIBANK,UNFAVORABLE,24287.650390625,,11.329999923706055,1415.300048828125,49.62390226713742,0.01755431083657255,0.015805893139971893,0.49061387695917125,-0.011454845919584122,-0.011523955466759883,0.520649379661933,0.39817981457446994,0.0005204426535690223,-0.0006003474132478808,0.002345260682702799,-0.0032669597697752573,0.4,30,0.4699746062673356,1381.7449268289636,1416.0366313411334,1415.300048828125,0.021951418118129656,0.0,False,"p3,p5,er3,er5,rr1,rr2,regime",False,False,False,False,False,False,True,True,True,False,False,"p3,p5,er3,er5,rr1,rr2,regime",False,False,False,False,False,False,True,True,True,False,False,"p5,er5,rr1,rr2,regime",True,False,True,False,False,False,True,True,True,False,REJECT,2026-08-18,2026-08-18,1410.0,1412.0,0.0014184397163119478,-8.156028368805227e-05,2026-08-18,2026-08-20,1410.0,1411.9000244140625,0.0013475350454343893,-0.00015246495456561074,2026-08-18,2026-08-24,1410.0,1415.0,0.0035460992907800915,0.0020460992907800914
2026-08-17,ICICIGI,UNFAVORABLE,24287.650390625,,11.329999923706055,1626.300048828125,41.679526742930406,-0.054540477199603865,0.024586925273875692,0.34228456735277063,-0.005321071053134507,-0.013646287805481161,0.42453081247860897,0.6004776306068906,0.002075721469177925,0.005298838347359028,-0.0029749001344540615,0.00408267005446572,0.4,30,0.3794203585674603,1566.3214721679688,1629.6757947548028,1634.9175498911675,0.056282528106745555,0.14367631816056559,False,"p3,rr1,rr2,trend,regime",False,True,True,True,False,False,True,False,True,False,False,"p3,rr1,rr2,trend,regime",False,True,True,True,False,False,True,False,True,False,False,"p3,rr1,rr2,trend,regime",False,True,True,True,False,False,True,False,True,False,REJECT,2026-08-18,2026-08-18,1626.300048828125,1623.800048828125,-0.0015372317069051178,-0.003037231706905118,2026-08-18,2026-08-20,1626.300048828125,1625.0,-0.0007993905116474576,-0.0022993905116474576,2026-08-18,2026-08-24,1626.300048828125,1620.0,-0.003873853925457804,-0.005373853925457804
2026-08-17,ICICIPRULI,UNFAVORABLE,24287.650390625,,11.329999923706055,507.0,50.98656524681983,0.015431761262461485,0.020273319866731827,0.9605724325963052,0.001184846190259492,0.014507253626813377,0.5476577152528083,0.5825631183568397,0.007664121613362215,0.010344342790011734,0.004680255273573963,0.005356047431730793,0.4535172938538067,30,0.350209447803529,491.58214024135043,510.88570965797464,512.244581794536,0.2520265275986002,0.3401627642639383,False,"rr1,rr2,regime",True,True,True,True,False,False,True,True,True,False,False,"rr1,rr2,regime",True,True,True,True,False,False,True,True,True,False,False,"rr1,rr2,regime",True,True,True,True,False,False,True,True,True,False,REJECT,2026-08-18,2026-08-18,503.8500061035156,498.20001220703125,-0.01121364260800184,-0.012713642608001839,2026-08-18,2026-08-20,503.8500061035156,502.0,-0.0036717397660118722,-0.005171739766011872,2026-08-18,2026-08-24,503.8500061035156,511.25,0.014686898495271716,0.013186898495271717
2026-08-17,INDUSINDBK,UNFAVORABLE,24287.650390625,,11.329999923706055,1010.5999755859375,50.784094547698096,0.028915003015549168,0.018313027825084774,0.549196159963684,-0.006781350775491357,-0.01625627611060454,0.5604079558563362,0.5679733450902065,0.0019056718087962748,-0.0037657258701949193,0.006165054433925565,0.005217806481719323,0.4,30,0.4367824093474649,982.8392573765346,1012.5258474693817,1010.5999755859375,0.06937399345784485,0.0,False,"er3,er5,rr1,rr2,regime",True,True,False,False,False,False,True,True,True,False,False,"er5,rr1,rr2,regime",True,True,True,False,False,False,True,True,True,False,False,"er5,rr1,rr2,regime",True,True,True,False,False,False,True,True,True,False,REJECT,2026-08-18,2026-08-18,1007.0,1015.0,0.00794438927507457,0.006444389275074571,2026-08-18,2026-08-20,1007.0,1008.0,0.0009930486593843213,-0.0005069513406156787,2026-08-18,2026-08-24,1007.0,1018.4000244140625,0.011320778961333211,0.009820778961333211
2026-08-17,INFY,UNFAVORABLE,24287.650390625,,11.329999923706055,1139.9000244140625,51.002796924995884,0.03503259521689306,0.026230361344364135,0.4404526550002759,-0.03077965472607036,-0.03643277733384409,0.48960762346321707,0.5921537204471178,0.0025999639806627414,0.006855983488378106,0.00042971117191997754,0.008064816656172202,0.4,30,0.48601521019170857,1095.050040108817,1142.8637234190955,1147.715160159847,0.06608026849825291,0.17425057927769547,False,"p3,rr1,rr2,regime",False,True,True,True,False,False,True,True,True,False,False,"p3,rr1,rr2,regime",False,True,True,True,False,False,True,True,True,False,False,"p3,rr1,rr2,regime",False,True,True,True,False,False,True,True,True,False,REJECT,2026-08-18,2026-08-18,1124.5,1115.0,-0.008448199199644235,-0.009948199199644235,2026-08-18,2026-08-20,1124.5,1130.0,0.004891062694530879,0.003391062694530879,2026-08-18,2026-08-24,1124.5,1130.0,0.004891062694530879,0.003391062694530879
2026-08-17,ITC,UNFAVORABLE,24287.650390625,,11.329999923706055,273.04998779296875,34.54014285178101,-0.040745100982448434,0.016689771796171468,0.819716487590278,-0.011225805439190717,-0.0339642890883326,0.5701476389812103,0.6567122792762898,0.001113280947237994,0.004980008470999007,0.0028751107400130094,0.007236209856059772,0.4116761953851992,30,0.341511803530336,266.2142748151507,273.35396914202227,274.4097790451839,0.04446958935226473,0.1989245681654082,False,"er3,rr1,rr2,trend,regime",True,True,False,True,False,False,True,False,True,False,False,"rr1,rr2,trend,regime",True,True,True,True,False,False,True,False,True,False,False,"rr1,rr2,trend,regime",True,True,True,True,False,False,True,False,True,False,REJECT,2026-08-18,2026-08-18,273.04998779296875,270.0,-0.011170071156645922,-0.012670071156645922,2026-08-18,2026-08-20,273.04998779296875,271.6499938964844,-0.00512724394459918,-0.00662724394459918,2026-08-18,2026-08-24,273.04998779296875,269.70001220703125,-0.012268726371368666,-0.013768726371368665
2026-08-17,JIOFIN,UNFAVORABLE,24287.650390625,,11.329999923706055,249.75,51.301745096745854,0.030031884501476425,0.028749590282482546,0.5834040680292647,-0.024604522918636684,-0.0167322834645669,0.49985069439896396,0.36955056179928336,0.0031928220120353203,0.0003369412114583197,0.0016035892894231685,-0.016592804715828025,0.4,30,0.4320928359045818,238.979684740425,250.54740729750586,249.8341510675617,0.07403750756478061,0.007813240887900648,False,"p3,p5,er5,rr1,rr2,regime",False,False,True,False,False,False,True,True,True,False,False,"p3,p5,er5,rr1,rr2,regime",False,False,True,False,False,False,True,True,True,False,False,"p3,p5,er5,rr1,rr2,regime",False,False,True,False,False,False,True,True,True,False,REJECT,2026-08-18,2026-08-18,248.89999389648438,245.8000030517578,-0.012454764647426342,-0.013954764647426341,2026-08-18,2026-08-20,248.89999389648438,244.60000610351562,-0.01727596584336233,-0.01877596584336233,2026-08-18,2026-08-24,248.89999389648438,242.0,-0.02772195285530632,-0.02922195285530632
2026-08-17,JSWSTEEL,UNFAVORABLE,24287.650390625,,11.329999923706055,1277.800048828125,52.017754207794745,0.01574547557272732,0.021722608210921156,0.8397479521892387,0.006855309597000536,-0.01858675205213134,0.673392963239187,0.7759564615494411,0.008548585916007838,0.01438372549658071,0.012541632169708827,0.02287985829934891,0.4,30,0.28177416368328345,1236.1643240792412,1288.7234323290113,1296.179573969986,0.26235603119119805,0.4414364167481848,False,"rr1,rr2,regime",True,True,True,True,False,False,True,True,True,False,False,"rr1,rr2,regime",True,True,True,True,False,False,True,True,True,False,False,"rr1,rr2,regime",True,True,True,True,False,False,True,True,True,False,REJECT,2026-08-18,2026-08-18,1275.0,1267.5999755859375,-0.005803940716911815,-0.007303940716911815,2026-08-18,2026-08-20,1275.0,1299.699951171875,0.019372510723039138,0.017872510723039137,2026-08-18,2026-08-24,1275.0,1327.0,0.040784313725490184,0.03928431372549018
2026-08-17,KOTAKBANK,UNFAVORABLE,24287.650390625,,11.329999923706055,392.70001220703125,52.95394944885636,0.0034787289220667983,0.01508786062536243,0.47545811669477694,0.0056338340769046535,-0.0020330058271124107,0.5787158246687928,0.6848563638933645,0.004054231652517402,0.004682111803285086,0.005152501054742964,0.014620573291286743,0.4,30,0.24852379774747999,383.81250762939453,394.29210902646497,394.538677569336,0.1791387903686544,0.20688207204205872,False,"rr1,rr2,regime",True,True,True,True,False,False,True,True,True,False,False,"rr1,rr2,regime",True,True,True,True,False,False,True,True,True,False,False,"rr1,rr2,regime",True,True,True,True,False,False,True,True,True,False,REJECT,2026-08-18,2026-08-18,391.0,387.6499938964844,-0.008567790546075815,-0.010067790546075815,2026-08-18,2026-08-20,391.0,397.3500061035156,0.01624042481717547,0.01474042481717547,2026-08-18,2026-08-24,391.0,401.45001220703125,0.02672637393102617,0.02522637393102617
2026-08-17,LT,UNFAVORABLE,24287.650390625,,11.329999923706055,4086.699951171875,61.37471399526393,0.020901657280014918,0.015489269402840622,0.6474752970147266,0.016592027654695363,0.0016421448950674211,0.6744109788088634,0.6700377362265001,0.004703019914824624,0.004438119504922662,0.0060852713412750115,0.005758493498077555,0.4,30,0.3163306234644941,3991.7499564034597,4105.919782428149,4104.837213935937,0.20242056150873544,0.19101910230010274,False,"rr1,rr2,regime",True,True,True,True,False,False,True,True,True,False,False,"rr1,rr2,regime",True,True,True,True,False,False,True,True,True,False,False,"rr1,rr2,regime",True,True,True,True,False,False,True,True,True,False,REJECT,2026-08-18,2026-08-18,4068.0,4064.300048828125,-0.000909525853459936,-0.002409525853459936,2026-08-18,2026-08-20,4068.0,4081.0,0.0031956735496558863,0.0016956735496558863,2026-08-18,2026-08-24,4068.0,4090.0,0.005408062930186919,0.003908062930186919
2026-08-17,M&M,UNFAVORABLE,24287.650390625,,11.329999923706055,3390.39990234375,56.17019480553255,0.06144249054568229,0.02356020673113729,0.692786169317681,-0.0038783038352800947,-0.03599661576805513,0.5041981314751538,0.5953762068098388,0.0006312619544094547,0.01092014000703101,-0.001112846523234623,0.008252833568943796,0.4,30,0.34672343191863647,3270.5821184430806,3392.5401328123335,3427.4235439571676,0.017862377344232547,0.3089995525548251,False,"p3,er3,rr1,rr2,regime",False,True,False,True,False,False,True,True,True,False,False,"p3,er3,rr1,rr2,regime",False,True,False,True,False,False,True,True,True,False,False,"p3,rr1,rr2,regime",False,True,True,True,False,False,True,True,True,False,REJECT,2026-08-18,2026-08-18,3390.39990234375,3421.5,0.009172988010868854,0.007672988010868855,2026-08-18,2026-08-20,3390.39990234375,3424.800048828125,0.01014633892025385,0.00864633892025385,2026-08-18,2026-08-24,3390.39990234375,3414.10009765625,0.006990383434153591,0.005490383434153591
2026-08-17,MARUTI,UNFAVORABLE,24287.650390625,,11.329999923706055,13760.0,48.552472414282015,0.00674161290417441,0.016957000467849315,0.45187294497794683,-0.008288288288288315,-0.023905795559338916,0.6896182811167786,0.5323649354539984,0.007603947666482229,0.007003152051153315,0.0040416758970737154,0.005734767052823053,0.4620285870778516,30,0.21717050252832354,13410.00751034359,13864.630319890795,13856.36337222387,0.2989501860268822,0.2753298287013836,False,"rr1,rr2,regime",True,True,True,True,False,False,True,True,True,False,False,"rr1,rr2,regime",True,True,True,True,False,False,True,True,True,False,False,"rr1,rr2,regime",True,True,True,True,False,False,True,True,True,False,REJECT,2026-08-18,2026-08-18,13762.0,13691.0,-0.005159133846824537,-0.006659133846824537,2026-08-18,2026-08-20,13762.0,13809.0,0.0034152012788839503,0.0019152012788839503,2026-08-18,2026-08-24,13762.0,13620.0,-0.010318267693649186,-0.011818267693649185
2026-08-17,NESTLEIND,UNFAVORABLE,24287.650390625,,11.329999923706055,1470.0,46.18986971541387,0.014324746106402442,0.02305636540330418,0.6594717147445922,-0.024552090245520852,-0.038335716683153276,0.6051895733199163,0.6883444969078446,0.003049520261424055,0.006261306067299668,0.005991092316488089,0.013006124409123299,0.4,30,0.4366981170451094,1419.1607142857142,1474.4827947842932,1479.2041199189305,0.08817580186878116,0.18104345467513377,False,"rr1,rr2,regime",True,True,True,True,False,False,True,True,True,False,False,"rr1,rr2,regime",True,True,True,True,False,False,True,True,True,False,False,"rr1,rr2,regime",True,True,True,True,False,False,True,True,True,False,REJECT,2026-08-18,2026-08-18,1478.0,1462.5,-0.010487144790257141,-0.011987144790257141,2026-08-18,2026-08-20,1478.0,1458.0,-0.013531799729364025,-0.015031799729364024,2026-08-18,2026-08-24,1478.0,1471.300048828125,-0.00453311987271654,-0.00603311987271654
2026-08-17,NTPC,UNFAVORABLE,24287.650390625,,11.329999923706055,337.0,39.49222333641273,-0.03702730008300892,0.017507419691291992,0.8576892726908858,-0.007217593515763343,-0.010133682136375555,0.7474665751685109,0.6720914847633854,0.007279358113326554,0.008535421302625239,0.008280062458909554,0.010712844614979677,0.5970704177962474,30,0.2871667105794044,328.1499993460519,339.45314368419105,339.8764369789847,0.2771913562624057,0.3250211035522921,False,"rr1,rr2,trend,regime",True,True,True,True,False,False,True,False,True,False,False,"rr1,rr2,trend,regime",True,True,True,True,False,False,True,False,True,False,False,"rr1,rr2,trend,regime",True,True,True,True,False,False,True,False,True,False,REJECT,2026-08-18,2026-08-18,337.0,337.1000061035156,0.00029675401636675147,-0.0012032459836332486,2026-08-18,2026-08-20,337.0,337.5,0.0014836795252226587,-1.6320474777341363e-05,2026-08-18,2026-08-24,337.0,339.5,0.007418397626112849,0.00591839762611285
2026-08-17,ONGC,UNFAVORABLE,24287.650390625,,11.329999923706055,238.49000549316406,41.78345491472586,-0.019405457372092982,0.01616719770909866,2.0434052327282832,-0.0023425959064827806,-0.005628714415191527,0.5552182776714629,0.5530120101933712,0.006214099678821725,0.008024542049793712,0.0035188144657714027,0.0028942993691566388,0.4,30,0.4680693218887561,232.70643288748605,239.97200615970135,240.4037785706995,0.25624311607713474,0.33089808117159164,False,"rr1,rr2,regime",True,True,True,True,False,False,True,True,True,False,False,"rr1,rr2,regime",True,True,True,True,False,False,True,True,True,False,False,"rr1,rr2,regime",True,True,True,True,False,False,True,True,True,False,REJECT,2026-08-18,2026-08-18,239.5,239.5,0.0,-0.0015,2026-08-18,2026-08-20,239.5,238.5,-0.0041753653444676075,-0.005675365344467607,2026-08-18,2026-08-24,239.5,236.5500030517578,-0.012317315023975706,-0.013817315023975705
2026-08-17,POWERGRID,UNFAVORABLE,24287.650390625,,11.329999923706055,266.1499938964844,29.787186561122496,-0.06024133100349871,0.018303339901289177,0.775458399579579,-0.012247237561864743,-0.014624258118370426,0.5167808247045863,0.505871407966667,0.003793944644745976,-0.0003250636526260279,-0.0005573798921464923,0.002204435135478189,0.4,30,0.26680840051842347,258.8428431919643,267.1597522405271,266.1499938964844,0.13818769926533758,0.0,False,"p3,p5,er5,rr1,rr2,trend,regime",False,False,True,False,False,False,True,False,True,False,False,"p3,p5,er5,rr1,rr2,trend,regime",False,False,True,False,False,False,True,False,True,False,False,"p3,p5,er5,rr1,rr2,trend,regime",False,False,True,False,False,False,True,False,True,False,REJECT,2026-08-18,2026-08-18,266.20001220703125,268.0,0.00676178704142516,0.005261787041425161,2026-08-18,2026-08-20,266.20001220703125,264.79998779296875,-0.005259295078370085,-0.006759295078370085,2026-08-18,2026-08-24,266.20001220703125,271.3999938964844,0.019534115142748165,0.018034115142748164
2026-08-17,RELIANCE,UNFAVORABLE,24287.650390625,,11.329999923706055,1316.0,52.550206673971495,0.00995372135276451,0.016375383914578132,1.187804801226781,-0.009781790820165503,-0.008513560169083001,0.3997435555200495,0.33311540987355454,-0.007916468563102403,-0.014429545305794983,-0.0026700397419148203,-0.011198077680471819,0.4,30,0.2922097203115276,1283.6749921526227,1316.0,1316.0,0.0,0.0,False,"p3,p5,er3,er5,rr1,rr2,regime",False,False,False,False,False,False,True,True,True,False,False,"p3,p5,er3,er5,rr1,rr2,regime",False,False,False,False,False,False,True,True,True,False,False,"p3,p5,er3,er5,rr1,rr2,regime",False,False,False,False,False,False,True,True,True,False,REJECT,2026-08-18,2026-08-18,1314.0,1322.0,0.0060882800608828,0.004588280060882801,2026-08-18,2026-08-20,1314.0,1313.199951171875,-0.0006088651660007827,-0.0021088651660007827,2026-08-18,2026-08-24,1314.0,1309.800048828125,-0.0031963098720509953,-0.004696309872050995
2026-08-17,SBILIFE,UNFAVORABLE,24287.650390625,,11.329999923706055,1790.4000244140625,37.52472793412164,-0.014159872901840842,0.018256099651170216,0.28449114131414965,-0.021639330921277344,-0.0348247846824461,0.5176322171548173,0.5081276094199786,0.002751362340738804,0.008200754079016397,0.0017151702273437985,0.004416435542962227,0.4,30,0.4454926179903608,1741.3714425223216,1795.326063616093,1805.082654717347,0.10047280610537836,0.29947083388430185,False,"p3,p5,rr1,rr2,regime",False,False,True,True,False,False,True,True,True,False,False,"p3,p5,rr1,rr2,regime",False,False,True,True,False,False,True,True,True,False,False,"p3,p5,rr1,rr2,regime",False,False,True,True,False,False,True,True,True,False,REJECT,2026-08-18,2026-08-18,1789.0,1778.0,-0.0061486864169927324,-0.007648686416992732,2026-08-18,2026-08-20,1789.0,1782.0,-0.003912800447177234,-0.005412800447177233,2026-08-18,2026-08-24,1789.0,1761.800048828125,-0.0152039973012158,-0.0167039973012158
2026-08-17,SBIN,UNFAVORABLE,24287.650390625,,11.329999923706055,1061.199951171875,53.83385045832821,0.022776296989694744,0.020361060054935258,0.63838811257738,-0.019223705016751413,-0.009150372388538774,0.6157956269734035,0.6110991547261664,0.006441801144250581,0.0020416089225559686,0.007733944501526646,0.010538206106156855,0.4,30,0.3167388609367663,1028.7892172677177,1068.0359902316127,1063.3665064608033,0.21091898381421223,0.06684684448476476,False,"er5,rr1,rr2,regime",True,True,True,False,False,False,True,True,True,False,False,"rr1,rr2,regime",True,True,True,True,False,False,True,True,True,False,False,"rr1,rr2,regime",True,True,True,True,False,False,True,True,True,False,REJECT,2026-08-18,2026-08-18,1059.5999755859375,1053.0,-0.006228742674600274,-0.0077287426746002735,2026-08-18,2026-08-20,1059.5999755859375,1048.0,-0.010947504580228973,-0.012447504580228972,2026-08-18,2026-08-24,1059.5999755859375,1039.5,-0.018969399819797617,-0.020469399819797618
2026-08-17,SHRIRAMFIN,UNFAVORABLE,24287.650390625,,11.329999923706055,1122.0,60.43888469864811,0.07955797420719879,0.02404508500843519,0.3691311361957494,0.00429649931786158,-0.013886489848895844,0.5814490820494834,0.522608635482766,-0.005035961048734707,-0.00216638143047174,0.006061223443916242,0.006812633171002558,0.4,30,0.29358037099589596,1081.5321219308037,1122.0,1122.0,0.0,0.0,False,"p5,er3,er5,rr1,rr2,regime",True,False,False,False,False,False,True,True,True,False,False,"er3,er5,rr1,rr2,regime",True,True,False,False,False,False,True,True,True,False,False,"er3,er5,rr1,rr2,regime",True,True,False,False,False,False,True,True,True,False,REJECT,2026-08-18,2026-08-18,1114.0,1108.4000244140625,-0.005026908066371183,-0.0065269080663711825,2026-08-18,2026-08-20,1114.0,1128.199951171875,0.012746814337410317,0.011246814337410318,2026-08-18,2026-08-24,1114.0,1119.0,0.004488330341113178,0.002988330341113178
2026-08-17,SUNPHARMA,UNFAVORABLE,24287.650390625,,11.329999923706055,1882.0,34.87223365303248,-0.011287668464433964,0.018673144071656295,0.7909264758401948,-0.03189300411522633,-0.03209217425970079,0.4916965075647883,0.44782277008742105,-0.0032630757715211615,-0.003756981224499788,-0.002459958272531537,-0.0012998481930246442,0.4,30,0.3427854249491722,1829.2857142857142,1882.0,1882.0,0.0,0.0,False,"p3,p5,er3,er5,rr1,rr2,regime",False,False,False,False,False,False,True,True,True,False,False,"p3,p5,er3,er5,rr1,rr2,regime",False,False,False,False,False,False,True,True,True,False,False,"p3,p5,er3,er5,rr1,rr2,regime",False,False,False,False,False,False,True,True,True,False,REJECT,2026-08-18,2026-08-18,1890.0,1875.0999755859375,-0.007883610801091234,-0.009383610801091234,2026-08-18,2026-08-20,1890.0,1904.0,0.007407407407407307,0.0059074074074073075,2026-08-18,2026-08-24,1890.0,1910.0,0.010582010582010692,0.009082010582010693
2026-08-17,TATACONSUM,UNFAVORABLE,24287.650390625,,11.329999923706055,1072.5999755859375,44.82479787311282,-0.02458811435248498,0.02077729210542647,0.5826759520634393,0.010076232155450837,-0.03256063603843451,0.7347844193887683,0.5783602738998893,0.008038171642030377,0.00878297410148133,0.007241610341839677,0.0016639709828543126,0.42346476922619836,30,0.3135123304712071,1039.171391078404,1081.2217182929348,1082.0205933927582,0.2579152792142404,0.2818132429357772,False,"rr1,rr2,trend,regime",True,True,True,True,False,False,True,False,True,False,False,"rr1,rr2,regime",True,True,True,True,False,False,True,True,True,False,False,"rr1,rr2,regime",True,True,True,True,False,False,True,True,True,False,REJECT,2026-08-18,2026-08-18,1075.5,1061.5999755859375,-0.01292424399261971,-0.01442424399261971,2026-08-18,2026-08-20,1075.5,1056.300048828125,-0.017852116384820982,-0.019352116384820983,2026-08-18,2026-08-24,1075.5,1062.5,-0.012087401208740078,-0.013587401208740078
2026-08-17,TATASTEEL,UNFAVORABLE,24287.650390625,,11.329999923706055,186.0,45.788175662517844,-0.019708837610685537,0.023049156786659343,0.7692383211044903,-0.001074097483996117,-0.022287664900831894,0.23619151680352868,0.3284097893232688,-0.010668515640910259,-0.013017435516165469,-0.011958961156999015,-0.012394630085186098,0.4186698023364778,30,0.35288101141639244,179.56928525652202,186.0,186.0,0.0,0.0,False,"p3,p5,er3,er5,rr1,rr2,regime",False,False,False,False,False,False,True,True,True,False,False,"p3,p5,er3,er5,rr1,rr2,regime",False,False,False,False,False,False,True,True,True,False,False,"p3,p5,er3,er5,rr1,rr2,regime",False,False,False,False,False,False,True,True,True,False,REJECT,2026-08-18,2026-08-18,186.33999633789062,185.5,-0.004507869241166307,-0.006007869241166306,2026-08-18,2026-08-20,186.33999633789062,183.5,-0.015240938036409801,-0.016740938036409803,2026-08-18,2026-08-24,186.33999633789062,186.3000030517578,-0.00021462534570571012,-0.0017146253457057102
2026-08-17,TCS,UNFAVORABLE,24287.650390625,,11.329999923706055,2313.199951171875,48.85534304487833,0.042895552189901265,0.03030123950929488,0.6220772400053449,-0.015533898267221846,-0.046378365941612154,0.47198754673921717,0.5153348275907464,-0.010348968395561363,-0.011437935522170763,-0.0017246217334280223,-0.0005401702275381615,0.4,30,0.7908116277538049,2208.060712541853,2313.199951171875,2313.199951171875,0.0,0.0,False,"p3,p5,er3,er5,rr1,rr2,regime",False,False,False,False,False,False,True,True,True,False,False,"p3,p5,er3,er5,rr1,rr2,regime",False,False,False,False,False,False,True,True,True,False,False,"p3,er3,er5,rr1,rr2,regime",False,True,False,False,False,False,True,True,True,False,REJECT,2026-08-18,2026-08-18,2300.0,2280.0,-0.008695652173912993,-0.010195652173912993,2026-08-18,2026-08-20,2300.0,2298.0,-0.0008695652173913437,-0.0023695652173913438,2026-08-18,2026-08-24,2300.0,2284.10009765625,-0.006913001019021703,-0.008413001019021702
2026-08-17,TECHM,UNFAVORABLE,24287.650390625,,11.329999923706055,1610.0,55.59967382853085,0.06827324775274346,0.022355823804555787,0.515807543412824,-0.009230769230769265,-0.018292682926829285,0.30079614927982307,0.3929879330970219,-0.009088276472487715,-0.0044529122096279425,-0.012088101978445565,-0.009866549381656542,0.4,30,0.31378819684264037,1556.0106855119977,1610.0,1610.0,0.0,0.0,False,"p3,p5,er3,er5,rr1,rr2,regime",False,False,False,False,False,False,True,True,True,False,False,"p3,p5,er3,er5,rr1,rr2,regime",False,False,False,False,False,False,True,True,True,False,False,"p3,p5,er3,er5,rr1,rr2,regime",False,False,False,False,False,False,True,True,True,False,REJECT,2026-08-18,2026-08-18,1605.0,1592.0,-0.008099688473520272,-0.009599688473520272,2026-08-18,2026-08-20,1605.0,1592.0999755859375,-0.008037398388824002,-0.009537398388824002,2026-08-18,2026-08-24,1605.0,1584.0,-0.013084112149532756,-0.014584112149532756
2026-08-17,TITAN,UNFAVORABLE,24287.650390625,,11.329999923706055,5068.5,69.18322073119782,0.10104007373963575,0.01953804860024803,0.573665789223304,-0.005981565012747603,-0.004223968565815306,0.4491300846796819,0.3732581690341066,-0.004810204896898518,-0.012348521215485273,-0.0008240910823636982,-0.004276759213571846,0.4,30,0.29011462497273105,4919.957101004465,5068.5,5068.5,0.0,0.0,False,"p3,p5,er3,er5,rr1,rr2,regime",False,False,False,False,False,False,True,True,True,False,False,"p3,p5,er3,er5,rr1,rr2,regime",False,False,False,False,False,False,True,True,True,False,False,"p3,p5,er3,er5,rr1,rr2,regime",False,False,False,False,False,False,True,True,True,False,REJECT,2026-08-18,2026-08-18,5060.0,5048.60009765625,-0.0022529451272232937,-0.0037529451272232937,2026-08-18,2026-08-20,5060.0,5068.0,0.0015810276679841806,8.102766798418056e-05,2026-08-18,2026-08-24,5060.0,5079.0,0.00375494071146254,0.00225494071146254
2026-08-17,TRENT,UNFAVORABLE,24287.650390625,,11.329999923706055,2946.0,44.20540460584562,-0.02302197078566237,0.024660564974223524,0.6362887531182501,-0.013726146635420156,-0.02611570247933881,0.6226376567283455,0.7486726180711104,0.010516062214097024,0.021095941561396627,0.013794190795356598,0.027355931847836246,0.4,30,0.30361008170978415,2837.0249633789062,2976.98031928273,3008.1486438398747,0.28428822089272093,0.5703016559284633,False,"rr1,rr2,trend,regime",True,True,True,True,False,False,True,False,True,False,False,"rr1,rr2,regime",True,True,True,True,False,False,True,True,True,False,False,"rr1,rr2,regime",True,True,True,True,False,False,True,True,True,False,REJECT,2026-08-18,2026-08-18,2946.10009765625,2942.10009765625,-0.0013577271197208196,-0.0028577271197208196,2026-08-18,2026-08-20,2946.10009765625,2970.0,0.008112386392697069,0.006612386392697069,2026-08-18,2026-08-24,2946.10009765625,2905.0,-0.013950679302766056,-0.015450679302766055
2026-08-17,ULTRACEMCO,UNFAVORABLE,24287.650390625,,11.329999923706055,11681.0,48.28934131884249,0.018706556195596358,0.016977019149120146,0.6918315480812599,-0.017660415440248878,-0.02965608905133743,0.4952351681706002,0.5642591630623214,-0.00223163439417436,-0.0034892627094929305,-0.00015626567414450676,0.0008390357637331203,0.4,30,0.30560875676092153,11383.537158978692,11681.0,11681.0,0.0,0.0,False,"p3,er3,er5,rr1,rr2,regime",False,True,False,False,False,False,True,True,True,False,False,"p3,er3,er5,rr1,rr2,regime",False,True,False,False,False,False,True,True,True,False,False,"p3,er3,er5,rr1,rr2,regime",False,True,False,False,False,False,True,True,True,False,REJECT,2026-08-18,2026-08-18,11626.0,11499.0,-0.010923791501806335,-0.012423791501806334,2026-08-18,2026-08-20,11626.0,11575.0,-0.004386719421985208,-0.0058867194219852075,2026-08-18,2026-08-24,11626.0,11504.0,-0.010493720970239151,-0.01199372097023915
2026-08-17,WIPRO,UNFAVORABLE,24287.650390625,,11.329999923706055,181.89999389648438,50.18778374388541,0.023115092717278296,0.02099661214846034,0.3305191878274408,-0.01109061932067612,-0.01940704098930257,0.35002856369227087,0.39194521996629855,-0.005219488030436861,-0.004328515062141035,-0.008492744406590758,-0.008661904213502214,0.4,30,0.38193462187323396,176.1710684640067,181.89999389648438,181.89999389648438,0.0,0.0,False,"p3,p5,er3,er5,rr1,rr2,regime",False,False,False,False,False,False,True,True,True,False,False,"p3,p5,er3,er5,rr1,rr2,regime",False,False,False,False,False,False,True,True,True,False,False,"p3,p5,er3,er5,rr1,rr2,regime",False,False,False,False,False,False,True,True,True,False,REJECT,2026-08-18,2026-08-18,181.89999389648438,178.05999755859375,-0.021110480850680458,-0.02261048085068046,2026-08-18,2026-08-20,181.89999389648438,181.0,-0.004947740113705246,-0.006447740113705245,2026-08-18,2026-08-24,181.89999389648438,181.30999755859375,-0.003243520383108822,-0.004743520383108822
2026-08-17,APOLLOTYRE,UNFAVORABLE,24287.650390625,,11.329999923706055,436.70001220703125,51.39290210720154,0.018464212399576185,0.022113902631787384,0.342182232702981,-0.01898232462161531,-0.02074223510886619,0.5469342815564477,0.5182579327382438,0.002193244726547883,0.0037947901212917363,0.00881541618664683,0.004096921181387936,0.4,30,0.3772017888947879,422.2142998831613,437.65780220588766,438.3571970993225,0.06611963412238551,0.11440133941915202,False,"p5,er5,rr1,rr2,regime",True,False,True,False,False,False,True,True,True,False,False,"p5,rr1,rr2,regime",True,False,True,True,False,False,True,True,True,False,False,"rr1,rr2,regime",True,True,True,True,False,False,True,True,True,False,REJECT,2026-08-18,2026-08-18,435.5,436.0,0.0011481056257176547,-0.0003518943742823453,2026-08-18,2026-08-20,435.5,429.29998779296875,-0.01423653778882028,-0.015736537788820282,2026-08-18,2026-08-24,435.5,445.8500061035156,0.023765800467314913,0.02226580046731491
2026-08-17,AUROPHARMA,UNFAVORABLE,24287.650390625,,11.329999923706055,1627.199951171875,56.43765709833905,0.04821314043014069,0.02558295531266619,0.9542642329798345,-0.023875254246025768,-0.012621388852017579,0.6160661921257314,0.6146610058988986,0.00793883155899355,0.012759832414034306,0.0049098495845461,0.017460972971167776,0.4,30,0.24490578035881158,1564.757075718471,1640.118017497031,1647.962749852953,0.20687814632744775,0.33250868942721284,False,"rr1,rr2,regime",True,True,True,True,False,False,True,True,True,False,False,"rr1,rr2,regime",True,True,True,True,False,False,True,True,True,False,False,"rr1,rr2,regime",True,True,True,True,False,False,True,True,True,False,REJECT,2026-08-18,2026-08-18,1631.0,1645.0,0.008583690987124415,0.007083690987124415,2026-08-18,2026-08-20,1631.0,1608.0,-0.014101778050275904,-0.015601778050275903,2026-08-18,2026-08-24,1631.0,1608.0,-0.014101778050275904,-0.015601778050275903
2026-08-17,BOSCHLTD,UNFAVORABLE,24287.650390625,,11.329999923706055,46970.0,77.73761767030419,0.13940136691056781,0.024687956970446238,0.7107327903471987,0.010542168674698704,0.07964601769911495,0.47265561286523117,0.6312451039216429,0.0016249747991373012,0.007008240363681394,-0.0009133897476953923,0.0061097434467662914,0.4,30,0.37083605200258324,45230.60999164721,47046.325066315476,47299.17704988211,0.043880363776353966,0.18924855742608593,False,"p3,er3,rr1,rr2,rsi,regime",False,True,False,True,False,False,True,True,False,False,False,"p3,rr1,rr2,regime",False,True,True,True,False,False,True,True,True,False,False,"p3,rr1,rr2,regime",False,True,True,True,False,False,True,True,True,False,REJECT,2026-08-18,2026-08-18,47010.0,48730.0,0.036587960008508835,0.035087960008508834,2026-08-18,2026-08-20,47010.0,48750.0,0.0370134014039567,0.0355134014039567,2026-08-18,2026-08-24,47010.0,48100.0,0.023186556051903784,0.021686556051903783
2026-08-17,SAIL,UNFAVORABLE,24287.650390625,,11.329999923706055,173.60000610351562,54.526162121029785,0.01482845623715967,0.03797727505309875,0.631768350960297,-0.002298815497036588,0.0066686528015340585,0.4292177720904416,0.32973607907973335,-0.005728005818359779,-0.00987689273854037,-0.011241494939031815,-0.017774747749250197,0.4,30,0.43087481026152213,164.92000579833984,173.60000610351562,173.60000610351562,0.0,0.0,False,"p3,p5,er3,er5,rr1,rr2,regime",False,False,False,False,False,False,True,True,True,False,False,"p3,p5,er3,er5,rr1,rr2,regime",False,False,False,False,False,False,True,True,True,False,False,"p3,p5,er3,er5,rr1,rr2,regime",False,False,False,False,False,False,True,True,True,False,REJECT,2026-08-18,2026-08-18,173.5,170.1999969482422,-0.019020190500044998,-0.020520190500045,2026-08-18,2026-08-20,173.5,174.89999389648438,0.008069129086365256,0.006569129086365257,2026-08-18,2026-08-24,173.5,179.64999389648438,0.035446650700198035,0.03394665070019803
2026-08-17,DLF,UNFAVORABLE,24287.650390625,,11.329999923706055,671.0,57.96525249420909,0.05177572961766397,0.023211629638931763,0.9514889817566105,0.013978088401964461,0.016666666666666607,0.23950449797082696,0.20665316468022724,-0.010058363618828874,-0.017028297036260628,-0.008874178328974303,-0.021864880926815378,0.4,30,0.431302094674507,647.6374947684152,671.0,671.0,0.0,0.0,False,"p3,p5,er3,er5,rr1,rr2,regime",False,False,False,False,False,False,True,True,True,False,False,"p3,p5,er3,er5,rr1,rr2,regime",False,False,False,False,False,False,True,True,True,False,False,"p3,p5,er3,er5,rr1,rr2,regime",False,False,False,False,False,False,True,True,True,False,REJECT,2026-08-18,2026-08-18,672.0,665.75,-0.009300595238095233,-0.010800595238095232,2026-08-18,2026-08-20,672.0,676.1500244140625,0.006175631568545281,0.004675631568545282,2026-08-18,2026-08-24,672.0,689.0,0.02529761904761907,0.023797619047619067
2026-08-17,NAUKRI,UNFAVORABLE,24287.650390625,,11.329999923706055,1355.800048828125,70.52415541456661,0.19292870365175707,0.03050387874783281,1.297164691914329,0.012546713090459294,0.05756634073956701,0.41355925231812624,0.5247142060658588,-0.007800784224295676,-0.006858057288018215,-0.003944565324170979,0.001321086178344033,0.4,30,0.6405846246616935,1293.7643083844866,1355.800048828125,1355.800048828125,0.0,0.0,False,"p3,p5,er3,er5,rr1,rr2,regime",False,False,False,False,False,False,True,True,True,False,False,"p3,er3,er5,rr1,rr2,regime",False,True,False,False,False,False,True,True,True,False,False,"p3,er3,er5,rr1,rr2,regime",False,True,False,False,False,False,True,True,True,False,REJECT,2026-08-18,2026-08-18,1345.0,1354.9000244140625,0.007360612947258316,0.005860612947258316,2026-08-18,2026-08-20,1345.0,1360.9000244140625,0.011821579490009393,0.010321579490009393,2026-08-18,2026-08-24,1345.0,1349.0,0.0029739776951673846,0.0014739776951673846
2026-08-18,ADANIENT,UNFAVORABLE,24154.900390625,,11.390000343322754,3002.5,45.91193949990426,-0.01664669043685929,0.020982514571190675,0.6703936343859338,0.012681742687679742,0.002336838591220136,0.24695647019826683,0.28255101904070745,-0.010056848604683094,-0.014672784959404807,-0.01383843014141073,-0.017119292653759832,0.4,30,0.24206371918443828,2908.0,3002.5,3002.5,0.0,0.0,False,"p3,p5,er3,er5,rr1,rr2,regime",False,False,False,False,False,False,True,True,True,False,False,"p3,p5,er3,er5,rr1,rr2,regime",False,False,False,False,False,False,True,True,True,False,False,"p3,p5,er3,er5,rr1,rr2,regime",False,False,False,False,False,False,True,True,True,False,REJECT,2026-08-19,2026-08-19,3012.699951171875,2990.300048828125,-0.007435158730306646,-0.008935158730306645,2026-08-19,2026-08-21,3012.699951171875,2997.0,-0.005211256157709343,-0.006711256157709343,2026-08-19,2026-08-25,3012.699951171875,3110.0,0.03229662774425224,0.030796627744252236
2026-08-18,ADANIPORTS,UNFAVORABLE,24154.900390625,,11.390000343322754,1682.4000244140625,39.21235517915773,-0.05392211242891265,0.019585113106433075,0.5585408499188412,0.014716540659868826,0.008512212958771581,0.3230428359914836,0.4326444608768088,-0.004900426685912335,-0.0016104385978877494,-0.00848156972522196,-0.007343853149815782,0.4,30,0.3026960287637571,1632.9750322614398,1682.4000244140625,1682.4000244140625,0.0,0.0,False,"p3,p5,er3,er5,rr1,rr2,trend,regime",False,False,False,False,False,False,True,False,True,False,False,"p3,p5,er3,er5,rr1,rr2,trend,regime",False,False,False,False,False,False,True,False,True,False,False,"p3,p5,er3,er5,rr1,rr2,trend,regime",False,False,False,False,False,False,True,False,True,False,REJECT,2026-08-19,2026-08-19,1684.0,1681.9000244140625,-0.0012470163811980628,-0.002747016381198063,2026-08-19,2026-08-21,1684.0,1700.0,0.009501187648456089,0.008001187648456089,2026-08-19,2026-08-25,1684.0,1702.699951171875,0.011104484068809484,0.009604484068809484
2026-08-18,APOLLOHOSP,UNFAVORABLE,24154.900390625,,11.390000343322754,8817.0,50.42182743575811,0.008509937059009376,0.022505081745530953,1.2298680653936633,0.02642607683352738,0.008772534542378585,0.5726776730721895,0.5752219156817979,0.0009925432955618539,0.0023603378683088264,0.0059466741539246915,0.003745334836108949,0.4,30,0.4560233237947216,8519.35904137448,8825.751254236968,8837.81109898488,0.02940204962845258,0.06992014499947549,False,"er3,er5,rr1,rr2,regime",True,True,False,False,False,False,True,True,True,False,False,"er3,rr1,rr2,regime",True,True,False,True,False,False,True,True,True,False,False,"rr1,rr2,regime",True,True,True,True,False,False,True,True,True,False,REJECT,2026-08-19,2026-08-19,8817.0,8750.0,-0.007598956561188586,-0.009098956561188585,2026-08-19,2026-08-21,8817.0,8693.0,-0.014063740501304323,-0.015563740501304322,2026-08-19,2026-08-25,8817.0,8889.0,0.008166042871725177,0.006666042871725177
2026-08-18,ASIANPAINT,UNFAVORABLE,24154.900390625,,11.390000343322754,2628.39990234375,36.599408183508004,-0.02781778999189133,0.020724174452938705,0.996804218752726,-0.046125965398747915,-0.0391519274926887,0.39103005523893475,0.2698589627008587,-0.007004648686698849,-0.02273664347274905,-0.0038214018258372895,-0.011821952770767918,0.4,30,0.38232957291554015,2546.6927751813614,2628.39990234375,2628.39990234375,0.0,0.0,False,"p3,p5,er3,er5,rr1,rr2,trend,regime",False,False,False,False,False,False,True,False,True,False,False,"p3,p5,er3,er5,rr1,rr2,trend,regime",False,False,False,False,False,False,True,False,True,False,False,"p3,p5,er3,er5,rr1,rr2,regime",False,False,False,False,False,False,True,True,True,False,REJECT,2026-08-19,2026-08-19,2625.0,2630.800048828125,0.002209542410714249,0.0007095424107142491,2026-08-19,2026-08-21,2625.0,2640.0,0.005714285714285783,0.004214285714285783,2026-08-19,2026-08-25,2625.0,2639.800048828125,0.005638113839285808,0.004138113839285808
2026-08-18,AXISBANK,UNFAVORABLE,24154.900390625,,11.390000343322754,1243.0,46.07033654400919,-0.04160203787571004,0.015906227496749657,0.8096804891977725,0.017351408024748993,0.010733412463638459,0.4670843207120645,0.5082648045422508,0.005436230541728223,0.0021339496189790173,-0.0015203206240922418,0.0018050132846935685,0.4,30,0.35466686352436405,1213.3428388323102,1249.757234563368,1245.6524993763908,0.22784495539410313,0.08943874841535965,False,"p3,p5,er5,rr1,rr2,trend,regime",False,False,True,False,False,False,True,False,True,False,False,"p3,p5,rr1,rr2,trend,regime",False,False,True,True,False,False,True,False,True,False,False,"p3,p5,rr1,rr2,trend,regime",False,False,True,True,False,False,True,False,True,False,REJECT,2026-08-19,2026-08-19,1243.0999755859375,1235.0,-0.006515948632465851,-0.00801594863246585,2026-08-19,2026-08-21,1243.0999755859375,1245.800048828125,0.0021720483430263116,0.0006720483430263115,2026-08-19,2026-08-25,1243.0999755859375,1235.0,-0.006515948632465851,-0.00801594863246585
2026-08-18,BAJAJ-AUTO,UNFAVORABLE,24154.900390625,,11.390000343322754,11607.0,62.516075052181556,0.08968521456668888,0.018344841167275906,0.6388905007833807,-0.004630820684332404,-0.009388068618247036,0.19973710830542538,0.2244320958612831,-0.00471814011162889,-0.010786625634114347,-0.008513234476304032,-0.01766627287021999,0.4,30,0.514140176511114,11287.607142857143,11607.0,11607.0,0.0,0.0,False,"p3,p5,er3,er5,rr1,rr2,regime",False,False,False,False,False,False,True,True,True,False,False,"p3,p5,er3,er5,rr1,rr2,regime",False,False,False,False,False,False,True,True,True,False,False,"p3,p5,er3,er5,rr1,rr2,regime",False,False,False,False,False,False,True,True,True,False,REJECT,2026-08-19,2026-08-19,11607.0,11645.0,0.0032738864478332186,0.0017738864478332186,2026-08-19,2026-08-21,11607.0,11700.0,0.00801240630653921,0.006512406306539211,2026-08-19,2026-08-25,11607.0,11927.0,0.027569570087016437,0.026069570087016436
2026-08-18,BAJFINANCE,UNFAVORABLE,24154.900390625,,11.390000343322754,1094.300048828125,55.46620193164035,0.06276093671023553,0.027669351934013032,0.36226542559746433,0.003208654055122384,0.0009146619915290088,0.5963633651766506,0.7355257536016017,0.006004582957439981,0.01183522522796092,0.0046600874793744085,0.010595550005969345,0.4,30,0.8133899160595635,1048.8821890694753,1100.8708642516442,1107.2513363729745,0.14467470414582484,0.28515847320134813,False,"rr1,rr2,regime",True,True,True,True,False,False,True,True,True,False,False,"rr1,rr2,regime",True,True,True,True,False,False,True,True,True,False,False,"rr1,rr2,regime",True,True,True,True,False,False,True,True,True,False,REJECT,2026-08-19,2026-08-19,1093.9000244140625,1080.199951171875,-0.01252406338460943,-0.01402406338460943,2026-08-19,2026-08-21,1093.9000244140625,1095.0,0.0010055540372866378,-0.0004944459627133622,2026-08-19,2026-08-25,1093.9000244140625,1087.4000244140625,-0.005942042101591216,-0.007442042101591216
2026-08-18,BAJAJFINSV,UNFAVORABLE,24154.900390625,,11.390000343322754,2011.199951171875,57.76181468558061,0.06841137562867572,0.02341885151553907,0.2884718418558097,-0.006814838927469147,-0.010236244502029979,0.4577253422455226,0.4426582402762915,-0.0024285554130376668,0.0007580952530650683,-0.004019867304894675,-0.00496908674838642,0.4,30,0.5031950114064824,1940.5499616350446,2011.199951171875,2012.724632307823,0.0,0.0215807694515387,False,"p3,p5,er3,er5,rr1,rr2,regime",False,False,False,False,False,False,True,True,True,False,False,"p3,p5,er3,er5,rr1,rr2,regime",False,False,False,False,False,False,True,True,True,False,False,"p3,p5,er3,er5,rr1,rr2,regime",False,False,False,False,False,False,True,True,True,False,REJECT,2026-08-19,2026-08-19,2002.0999755859375,2012.0,0.00494482020617637,0.00344482020617637,2026-08-19,2026-08-21,2002.0999755859375,2032.5,0.015184069119807964,0.013684069119807964,2026-08-19,2026-08-25,2002.0999755859375,2004.0,0.0009490157520761766,-0.0005509842479238234
2026-08-18,BEL,UNFAVORABLE,24154.900390625,,11.390000343322754,412.0,59.61628148301186,0.010529117985071945,0.014990407464482065,0.696756232128925,0.0036540803897686658,0.016531454580063443,0.4675667232220884,0.46986716797240213,-0.0028213792144643713,-0.005424963984557211,-0.003874308830019657,-0.001464600214493128,0.4,30,0.3865492282729351,402.7359281869501,412.0,412.0,0.0,0.0,False,"p3,p5,er3,er5,rr1,rr2,regime",False,False,False,False,False,False,True,True,True,False,False,"p3,p5,er3,er5,rr1,rr2,regime",False,False,False,False,False,False,True,True,True,False,False,"p3,p5,er3,er5,rr1,rr2,regime",False,False,False,False,False,False,True,True,True,False,REJECT,2026-08-19,2026-08-19,412.0,409.20001220703125,-0.006796086876137752,-0.008296086876137752,2026-08-19,2026-08-21,412.0,414.0,0.004854368932038833,0.0033543689320388328,2026-08-19,2026-08-25,412.0,413.25,0.0030339805825243538,0.0015339805825243537
2026-08-18,BHARTIARTL,UNFAVORABLE,24154.900390625,,11.390000343322754,1934.199951171875,50.49394660008075,0.020937707336334155,0.02041448729791261,0.977079079188031,-0.002526958112400557,0.00992063517356212,0.5640367820341862,0.6736727061019934,0.0046707044883558015,0.011734592679916427,0.007036281361526231,0.009853940502985048,0.4,30,0.3152038559235703,1874.971400669643,1943.2340275651911,1956.896999760391,0.15252908127433687,0.383211278953394,False,"rr1,rr2,regime",True,True,True,True,False,False,True,True,True,False,False,"rr1,rr2,regime",True,True,True,True,False,False,True,True,True,False,False,"rr1,rr2,regime",True,True,True,True,False,False,True,True,True,False,REJECT,2026-08-19,2026-08-19,1924.800048828125,1922.0,-0.001454721922845792,-0.002954721922845792,2026-08-19,2026-08-21,1924.800048828125,1946.0,0.011014105691020903,0.009514105691020904,2026-08-19,2026-08-25,1924.800048828125,1947.0,0.01153364017493197,0.01003364017493197
2026-08-18,BPCL,UNFAVORABLE,24154.900390625,,11.390000343322754,310.29998779296875,43.74409030054626,-0.006289589737005663,0.01980803893256895,0.9273126794993771,-0.014920673673115115,-0.023599749175842955,0.6504437277006074,0.6781755908806678,0.010190489418480076,0.016564086056366365,0.011346620973003763,0.01872625511519277,0.4,30,0.2512832075106523,301.08033643450057,313.4620965351275,315.4398234940609,0.34297487174006597,0.5574869917799248,False,"rr1,rr2,regime",True,True,True,True,False,False,True,True,True,False,False,"rr1,rr2,regime",True,True,True,True,False,False,True,True,True,False,False,"rr1,rr2,regime",True,True,True,True,False,False,True,True,True,False,REJECT,2026-08-19,2026-08-19,310.29998779296875,307.0,-0.010634830560065978,-0.012134830560065977,2026-08-19,2026-08-21,310.29998779296875,311.0,0.002255920833288183,0.000755920833288183,2026-08-19,2026-08-25,310.29998779296875,318.1000061035156,0.025137024226217664,0.023637024226217662
2026-08-18,BRITANNIA,UNFAVORABLE,24154.900390625,,11.390000343322754,5495.0,54.20893206840773,0.03553378471668389,0.019663299947316446,0.8412987964960931,-0.021371326803205748,-0.01839942836727404,0.48804542619378544,0.4943559243110422,0.0019259402208218074,0.0028757866332035026,0.0001346604031313703,0.0023352574721787756,0.4,30,0.19226706265401905,5332.925250184244,5505.583041513416,5510.802447549453,0.06529728736553113,0.09750098375852513,False,"p3,p5,er3,er5,rr1,rr2,regime",False,False,False,False,False,False,True,True,True,False,False,"p3,p5,rr1,rr2,regime",False,False,True,True,False,False,True,True,True,False,False,"p3,p5,rr1,rr2,regime",False,False,True,True,False,False,True,True,True,False,REJECT,2026-08-19,2026-08-19,5495.0,5453.0,-0.007643312101910826,-0.009143312101910826,2026-08-19,2026-08-21,5495.0,5365.0,-0.023657870791628732,-0.025157870791628734,2026-08-19,2026-08-25,5495.0,5382.5,-0.020473157415832555,-0.021973157415832556
2026-08-18,CIPLA,UNFAVORABLE,24154.900390625,,11.390000343322754,1431.0999755859375,44.31477905918883,-0.00156280216253879,0.013331414610299687,0.4587544529703249,-0.018988259058833612,-0.021804527965866405,0.6737673748449649,0.6326694404862474,0.0027387232502775606,0.007243024604799287,0.006720071794245386,0.005072088305516309,0.42038715368139296,30,0.3549618628008041,1402.4820949009486,1435.0193623625464,1441.465467921034,0.13695587104270704,0.3622033528336525,False,"rr1,rr2,regime",True,True,True,True,False,False,True,True,True,False,False,"rr1,rr2,regime",True,True,True,True,False,False,True,True,True,False,False,"rr1,rr2,regime",True,True,True,True,False,False,True,True,True,False,REJECT,2026-08-19,2026-08-19,1429.0,1422.0,-0.004898530440867743,-0.006398530440867743,2026-08-19,2026-08-21,1429.0,1432.199951171875,0.0022392940321027677,0.0007392940321027676,2026-08-19,2026-08-25,1429.0,1422.0,-0.004898530440867743,-0.006398530440867743
2026-08-18,COALINDIA,UNFAVORABLE,24154.900390625,,11.390000343322754,406.8999938964844,35.1760528241457,-0.042404640866859244,0.011601880736100776,1.0392701336477437,-0.00876980780393577,-0.013814862149083895,0.32875924794481826,0.3833844258865166,-0.008551203694489253,-0.009916114740930718,-0.0053794041246472135,-0.002851524615262946,0.4487875097538228,30,0.32167885412226743,399.81878609542366,406.8999938964844,406.8999938964844,0.0,0.0,False,"p3,p5,er3,er5,rr1,rr2,trend,regime",False,False,False,False,False,False,True,False,True,False,False,"p3,p5,er3,er5,rr1,rr2,trend,regime",False,False,False,False,False,False,True,False,True,False,False,"p3,p5,er3,er5,rr1,rr2,trend,regime",False,False,False,False,False,False,True,False,True,False,REJECT,2026-08-19,2026-08-19,406.95001220703125,400.0,-0.01707829462724164,-0.018578294627241643,2026-08-19,2026-08-21,406.95001220703125,405.20001220703125,-0.004300282461005778,-0.005800282461005777,2026-08-19,2026-08-25,406.95001220703125,404.0,-0.007249077573514007,-0.008749077573514006
2026-08-18,DRREDDY,UNFAVORABLE,24154.900390625,,11.390000343322754,1178.800048828125,43.42137939242032,-0.04957569498863834,0.01820861128530495,0.3620671054632974,-0.022553856693097063,-0.021742698067946042,0.7468519286402304,0.7474143715500923,0.011710228637866095,0.019901897122210813,0.010617019716833154,0.027977141850953013,0.4051547698511443,30,0.4288559958530418,1146.6035810198102,1192.60406691823,1202.2604061275595,0.428743245137597,0.7286624557422975,False,"rr1,rr2,trend,regime",True,True,True,True,False,False,True,False,True,False,False,"rr1,rr2,trend,regime",True,True,True,True,False,False,True,False,True,False,False,"rr1,rr2,trend,regime",True,True,True,True,False,False,True,False,True,False,REJECT,2026-08-19,2026-08-19,1171.9000244140625,1170.0,-0.001621319544738875,-0.003121319544738875,2026-08-19,2026-08-21,1171.9000244140625,1174.699951171875,0.002389219813535126,0.0008892198135351261,2026-08-19,2026-08-25,1171.9000244140625,1193.5,0.018431585575516385,0.016931585575516384
2026-08-18,EICHERMOT,UNFAVORABLE,24154.900390625,,11.390000343322754,8018.5,62.88645085698947,0.05881927414094834,0.016692891707335497,0.5226571891496368,-0.010061728395061698,0.0023124999999999396,0.5891052904256274,0.5634536835768607,0.004134051575172359,0.0021674565482820585,0.006639454949445511,0.006340121734714765,0.4,30,0.4367068849631469,7817.722071767095,8051.64889255552,8035.8797503324,0.1651022741756122,0.08656205632443646,False,"er5,rr1,rr2,regime",True,True,True,False,False,False,True,True,True,False,False,"rr1,rr2,regime",True,True,True,True,False,False,True,True,True,False,False,"rr1,rr2,regime",True,True,True,True,False,False,True,True,True,False,REJECT,2026-08-19,2026-08-19,8016.5,7990.5,-0.003243310671739552,-0.004743310671739552,2026-08-19,2026-08-21,8016.5,8010.0,-0.0008108276679348325,-0.0023108276679348326,2026-08-19,2026-08-25,8016.5,8055.0,0.004802594648537495,0.003302594648537495
2026-08-18,ETERNAL,UNFAVORABLE,24154.900390625,,11.390000343322754,315.8999938964844,62.049876750761385,0.1067046665299749,0.023877372852841028,0.562252692580701,-0.006603792778350992,-0.006603792778350992,0.5305551968643144,0.8636574556728316,0.005040667205575127,0.01981564684211621,0.00102763076265322,0.02014905969315517,0.4,30,0.3173449252586648,304.58570098876953,317.4923406359598,322.1597566129638,0.14073762739425477,0.5532615045003035,False,"p3,rr1,rr2,regime",False,True,True,True,False,False,True,True,True,False,False,"rr1,rr2,regime",True,True,True,True,False,False,True,True,True,False,False,"rr1,rr2,regime",True,True,True,True,False,False,True,True,True,False,REJECT,2026-08-19,2026-08-19,316.1499938964844,320.0,0.012177783260613362,0.010677783260613362,2026-08-19,2026-08-21,316.1499938964844,328.0,0.037482227842128735,0.03598222784212873,2026-08-19,2026-08-25,316.1499938964844,331.0,0.046971394560197055,0.045471394560197054
2026-08-18,GRASIM,UNFAVORABLE,24154.900390625,,11.390000343322754,3278.699951171875,57.40011517269376,0.038233851983914935,0.027802529760139038,1.8849553459985575,0.006662557928116319,-0.013093733260894136,0.7085101962569613,0.6077360055516173,0.006818249233324791,0.011392982320449673,0.006565211465342502,0.011463115772954224,0.4,30,0.6187891928849499,3141.965721721341,3301.054944600255,3316.0541217496357,0.16349229829438908,0.2731881455570293,False,"rr1,rr2,regime",True,True,True,True,False,False,True,True,True,False,False,"rr1,rr2,regime",True,True,True,True,False,False,True,True,True,False,False,"rr1,rr2,regime",True,True,True,True,False,False,True,True,True,False,REJECT,2026-08-19,2026-08-19,3278.699951171875,3270.0,-0.002653475859773491,-0.0041534758597734905,2026-08-19,2026-08-21,3278.699951171875,3308.0,0.00893648374797218,0.00743648374797218,2026-08-19,2026-08-25,3278.699951171875,3289.60009765625,0.003324533091379367,0.0018245330913793669
2026-08-18,HCLTECH,UNFAVORABLE,24154.900390625,,11.390000343322754,1298.0,50.1189499379899,0.07142235118460727,0.024554263330518793,1.1839023912853965,-0.052554744525547425,-0.04936284107874245,0.4108547614670759,0.518842516278067,-0.006525257193181533,-0.008512272512098308,-0.004549236137836088,-0.001777485273848023,0.4,30,0.4275072509665367,1250.19284929548,1298.0,1298.0,0.0,0.0,False,"p3,p5,er3,er5,rr1,rr2,regime",False,False,False,False,False,False,True,True,True,False,False,"p3,p5,er3,er5,rr1,rr2,regime",False,False,False,False,False,False,True,True,True,False,False,"p3,er3,er5,rr1,rr2,regime",False,True,False,False,False,False,True,True,True,False,REJECT,2026-08-19,2026-08-19,1309.0,1324.800048828125,0.012070319960370446,0.010570319960370446,2026-08-19,2026-08-21,1309.0,1302.5,-0.0049656226126814085,-0.006465622612681408,2026-08-19,2026-08-25,1309.0,1315.800048828125,0.005194842496657692,0.0036948424966576922
2026-08-18,HDFCBANK,UNFAVORABLE,24154.900390625,,11.390000343322754,723.0,32.835725497510296,-0.06150798536134505,0.011573796026368925,0.6505838036436484,-0.0027586206896551557,-0.008230452674897082,0.6365175288529998,0.651620127338528,0.002087811276911843,-0.00035353822034884234,0.0029186339583551213,0.0036440148979121068,0.4,30,0.4269211842886938,710.4482182094029,724.5094875532072,723.0,0.1202608186144561,0.0,False,"er5,rr1,rr2,trend,regime",True,True,True,False,False,False,True,False,True,False,False,"er5,rr1,rr2,trend,regime",True,True,True,False,False,False,True,False,True,False,False,"er5,rr1,rr2,trend,regime",True,True,True,False,False,False,True,False,True,False,REJECT,2026-08-19,2026-08-19,724.0,720.0,-0.0055248618784530246,-0.007024861878453024,2026-08-19,2026-08-21,724.0,726.9500122070312,0.004074602495899526,0.0025746024958995264,2026-08-19,2026-08-25,724.0,727.5,0.004834254143646355,0.003334254143646355
2026-08-18,HDFCLIFE,UNFAVORABLE,24154.900390625,,11.390000343322754,538.25,41.39680892139357,-0.04069175153039506,0.016614675885703506,0.382818334523238,0.0003717353620835695,0.004197761194029814,0.3715979945640013,0.4147904854416093,-0.000160071119087024,0.0010421097142991032,-0.008115198491084441,-0.0067539553393694,0.4,30,0.33349275820589047,524.8357260567801,538.25,538.8109155537215,0.0,0.04181482770486079,False,"p3,p5,er3,er5,rr1,rr2,trend,regime",False,False,False,False,False,False,True,False,True,False,False,"p3,p5,er3,er5,rr1,rr2,trend,regime",False,False,False,False,False,False,True,False,True,False,False,"p3,p5,er3,rr1,rr2,trend,regime",False,False,False,True,False,False,True,False,True,False,REJECT,2026-08-19,2026-08-19,538.0,536.2999877929688,-0.00315987399076445,-0.00465987399076445,2026-08-19,2026-08-21,538.0,554.7999877929688,0.03122674310960738,0.02972674310960738,2026-08-19,2026-08-25,538.0,546.7000122070312,0.016171026407121314,0.014671026407121314
2026-08-18,HEROMOTOCO,UNFAVORABLE,24154.900390625,,11.390000343322754,5745.5,67.86782755829562,0.12447025794676381,0.02440668094673471,0.577093175432221,-0.01786324786324789,-0.020458613928906355,0.6818482861364589,0.6790998111926017,0.003621411723074947,0.011640375720466865,0.004754511174728693,0.012535694458867708,0.4,30,0.25560178463944194,5535.157121930803,5766.306821054926,5812.379778701942,0.09891859066453158,0.31795599316626555,False,"rr1,rr2,regime",True,True,True,True,False,False,True,True,True,False,False,"rr1,rr2,regime",True,True,True,True,False,False,True,True,True,False,False,"rr1,rr2,regime",True,True,True,True,False,False,True,True,True,False,REJECT,2026-08-19,2026-08-19,5699.5,5709.5,0.0017545398719185368,0.00025453987191853674,2026-08-19,2026-08-21,5699.5,5735.0,0.006228616545310928,0.004728616545310928,2026-08-19,2026-08-25,5699.5,5624.5,-0.01315904903938947,-0.01465904903938947
2026-08-18,HINDALCO,UNFAVORABLE,24154.900390625,,11.390000343322754,1041.5999755859375,57.61595285052522,0.055919313900481216,0.02534562522521322,0.5022066429542613,-0.004444467779271211,-0.007148985010519304,0.4986447917166626,0.5994282427934576,0.009248415332592373,0.012632065886458316,0.0018140820064337926,0.007087412235879165,0.4,30,0.40250061357819944,1001.9999716622489,1051.2331247705745,1054.7575351048724,0.2432613189433158,0.33226157109201976,False,"p3,rr1,rr2,regime",False,True,True,True,False,False,True,True,True,False,False,"p3,rr1,rr2,regime",False,True,True,True,False,False,True,True,True,False,False,"p3,rr1,rr2,regime",False,True,True,True,False,False,True,True,True,False,REJECT,2026-08-19,2026-08-19,1030.5999755859375,1038.949951171875,0.008102052963071538,0.006602052963071538,2026-08-19,2026-08-21,1030.5999755859375,1034.0,0.0032990728649391343,0.0017990728649391343,2026-08-19,2026-08-25,1030.5999755859375,1051.050048828125,0.01984288155116709,0.01834288155116709
2026-08-18,HINDUNILVR,UNFAVORABLE,24154.900390625,,11.390000343322754,2035.0,39.00086283678929,-0.04582163168342712,0.014756064182333713,0.6696523407736528,-0.027246653919694053,-0.014480073494028578,0.43580706836672783,0.43580706836672783,0.00038105871693969965,0.002460022857620198,-0.0031467811819140268,-0.00830211514028023,0.4,30,0.8405761745113685,1989.9571140834262,2035.7754544889724,2040.006146515257,0.017215914859644167,0.11114177995897112,False,"p3,p5,er3,er5,rr1,rr2,trend,regime",False,False,False,False,False,False,True,False,True,False,False,"p3,p5,er3,rr1,rr2,trend,regime",False,False,False,True,False,False,True,False,True,False,False,"p3,p5,rr1,rr2,trend,regime",False,False,True,True,False,False,True,False,True,False,REJECT,2026-08-19,2026-08-19,2035.0,2020.699951171875,-0.00702705102119161,-0.00852705102119161,2026-08-19,2026-08-21,2035.0,2015.0,-0.009828009828009798,-0.011328009828009798,2026-08-19,2026-08-25,2035.0,2024.199951171875,-0.0053071493012899484,-0.006807149301289948
2026-08-18,ICICIBANK,UNFAVORABLE,24154.900390625,,11.390000343322754,1412.0,48.522701397608394,0.013030776127247234,0.015360596207578701,0.7635510547278863,0.003696297264281778,-0.01231111911478866,0.6222327628942386,0.43595495941922546,0.0033815724667096633,0.0019526578014696656,0.0036335246862515547,-0.001779346134155535,0.4,30,0.4422490570314705,1379.4662572323484,1416.774780322994,1414.7571528156752,0.1467639415819575,0.08474748310903454,False,"p5,er5,rr1,rr2,regime",True,False,True,False,False,False,True,True,True,False,False,"p5,er5,rr1,rr2,regime",True,False,True,False,False,False,True,True,True,False,False,"p5,rr1,rr2,regime",True,False,True,True,False,False,True,True,True,False,REJECT,2026-08-19,2026-08-19,1412.0,1402.0,-0.007082152974504208,-0.008582152974504207,2026-08-19,2026-08-21,1412.0,1420.0,0.0056657223796034994,0.0041657223796035,2026-08-19,2026-08-25,1412.0,1422.699951171875,0.007577869101894397,0.006077869101894397
2026-08-18,ICICIGI,UNFAVORABLE,24154.900390625,,11.390000343322754,1623.800048828125,41.27656504963543,-0.05430162251785209,0.023111578250551816,0.709583212670186,-0.0025798225871468405,-0.01198658422383636,0.6682746683692858,0.6057327876055599,0.00961995053999993,0.00682530372067325,0.008542672679826446,0.005611185224906001,0.4,30,0.38057573976549597,1567.5071759905134,1639.4209249847008,1634.8829773430211,0.27749296436935206,0.19687978168865397,False,"rr1,rr2,trend,regime",True,True,True,True,False,False,True,False,True,False,False,"rr1,rr2,trend,regime",True,True,True,True,False,False,True,False,True,False,False,"rr1,rr2,trend,regime",True,True,True,True,False,False,True,False,True,False,REJECT,2026-08-19,2026-08-19,1625.0,1615.699951171875,-0.005723106971153857,-0.007223106971153857,2026-08-19,2026-08-21,1625.0,1617.0,-0.004923076923076919,-0.0064230769230769185,2026-08-19,2026-08-25,1625.0,1616.0,-0.005538461538461492,-0.007038461538461492
2026-08-18,ICICIPRULI,UNFAVORABLE,24154.900390625,,11.390000343322754,498.20001220703125,44.66435584754733,-0.003129450739673856,0.021570507828624054,0.97909394693225,-0.017356977895401915,-0.006580234881293667,0.6475407890805543,0.5639409060832897,0.004519521687802461,0.007031144573053429,0.004941756343174841,0.006904953518342527,0.4,30,0.2990944722375917,482.0803713117327,500.45163796706436,501.70292851915593,0.13968212906590324,0.21730734170054228,False,"rr1,rr2,regime",True,True,True,True,False,False,True,True,True,False,False,"rr1,rr2,regime",True,True,True,True,False,False,True,True,True,False,False,"rr1,rr2,regime",True,True,True,True,False,False,True,True,True,False,REJECT,2026-08-19,2026-08-19,499.0,499.5,0.0010020040080160886,-0.0004979959919839115,2026-08-19,2026-08-21,499.0,515.0,0.03206412825651306,0.030564128256513057,2026-08-19,2026-08-25,499.0,510.0,0.022044088176352616,0.020544088176352615
2026-08-18,INDUSINDBK,UNFAVORABLE,24154.900390625,,11.390000343322754,1015.0,52.29261213495123,0.0314270073759928,0.017491206814083393,0.301555488308154,-0.009466138024874393,0.006046164573620727,0.35709865112877537,0.486705937722125,-0.002379874378286403,-0.006188652808462199,-0.006723496620606173,-0.00036300666948652083,0.4,30,0.37779960013610003,988.369637625558,1015.0,1015.0,0.0,0.0,False,"p3,p5,er3,er5,rr1,rr2,regime",False,False,False,False,False,False,True,True,True,False,False,"p3,p5,er3,er5,rr1,rr2,regime",False,False,False,False,False,False,True,True,True,False,False,"p3,p5,er3,er5,rr1,rr2,regime",False,False,False,False,False,False,True,True,True,False,REJECT,2026-08-19,2026-08-19,1011.9000244140625,1016.7000122070312,0.004743539556438137,0.0032435395564381366,2026-08-19,2026-08-21,1011.9000244140625,1005.5999755859375,-0.006225959755039034,-0.007725959755039034,2026-08-19,2026-08-25,1011.9000244140625,1015.0,0.0030635196275763388,0.0015635196275763387
2026-08-18,INFY,UNFAVORABLE,24154.900390625,,11.390000343322754,1115.0,45.567276979185614,0.01316478530450338,0.024804601479920724,0.6717850393524637,-0.051063829787234005,-0.06357600930223595,0.5864831189031129,0.6216992874886845,0.006683250239662092,0.007080061860460258,0.00518191418258962,0.00881373251301143,0.4,30,0.4866204277023462,1073.5143040248327,1122.4518240172233,1122.8942689744133,0.1796239364450787,0.19028893667684127,False,"rr1,rr2,regime",True,True,True,True,False,False,True,True,True,False,False,"rr1,rr2,regime",True,True,True,True,False,False,True,True,True,False,False,"rr1,rr2,regime",True,True,True,True,False,False,True,True,True,False,REJECT,2026-08-19,2026-08-19,1125.5999755859375,1119.800048828125,-0.005152742433912505,-0.006652742433912505,2026-08-19,2026-08-21,1125.5999755859375,1121.0,-0.004086687709408454,-0.005586687709408454,2026-08-19,2026-08-25,1125.5999755859375,1144.0,0.016346859286741067,0.014846859286741067
2026-08-18,ITC,UNFAVORABLE,24154.900390625,,11.390000343322754,270.0,31.361291844077243,-0.050793112641959515,0.0167724851578001,0.9190282754345963,-0.030520646319569078,-0.032258064516129004,0.6332956508605234,0.6632298318619569,0.003595358070086295,0.007920814112358012,0.008078181152605057,0.012118037449980967,0.4588537304191786,30,0.282811777443524,263.207143511091,270.9707466789233,272.1386198103367,0.14290699067591042,0.31483365117878154,False,"rr1,rr2,trend,regime",True,True,True,True,False,False,True,False,True,False,False,"rr1,rr2,trend,regime",True,True,True,True,False,False,True,False,True,False,False,"rr1,rr2,trend,regime",True,True,True,True,False,False,True,False,True,False,REJECT,2026-08-19,2026-08-19,270.0,267.04998779296875,-0.010925971137152768,-0.012425971137152768,2026-08-19,2026-08-21,270.0,269.3999938964844,-0.0022222448278356177,-0.0037222448278356178,2026-08-19,2026-08-25,270.0,271.3999938964844,0.0051851625795718,0.0036851625795718003
2026-08-18,JIOFIN,UNFAVORABLE,24154.900390625,,11.390000343322754,245.8000030517578,47.01703643148526,0.012727222855685172,0.02548304365433549,0.4790738560931458,-0.03834116908349716,-0.02749751512657639,0.362321409213682,0.36141484250587097,-0.004373260043293748,-0.0008215351433418004,-0.008570137473551731,-0.009922523534683536,0.4,30,0.4185330858297649,236.4044047397522,245.8000030517578,245.8000030517578,0.0,0.0,False,"p3,p5,er3,er5,rr1,rr2,regime",False,False,False,False,False,False,True,True,True,False,False,"p3,p5,er3,er5,rr1,rr2,regime",False,False,False,False,False,False,True,True,True,False,False,"p3,p5,er3,er5,rr1,rr2,regime",False,False,False,False,False,False,True,True,True,False,REJECT,2026-08-19,2026-08-19,245.8000030517578,243.14999389648438,-0.01078115997710316,-0.01228115997710316,2026-08-19,2026-08-21,245.8000030517578,244.0,-0.007323039175792023,-0.008823039175792023,2026-08-19,2026-08-25,245.8000030517578,243.14999389648438,-0.01078115997710316,-0.01228115997710316
2026-08-18,JSWSTEEL,UNFAVORABLE,24154.900390625,,11.390000343322754,1267.5999755859375,48.66876392462002,0.0074273532685475985,0.021052162965548703,0.4460546284269787,-0.005803940716911815,-0.01231108658840685,0.7870190038668974,0.8189713111568231,0.012264852936504254,0.019960798271073287,0.019403519064989938,0.02355190784136918,0.4753184516965168,30,0.18475299978451729,1227.5713936941966,1283.1469028688152,1292.9022829870257,0.3883956550078411,0.6321060153846926,False,"rr1,rr2,regime",True,True,True,True,False,False,True,True,True,False,False,"rr1,rr2,regime",True,True,True,True,False,False,True,True,True,False,False,"rr1,rr2,regime",True,True,True,True,False,False,True,True,True,False,REJECT,2026-08-19,2026-08-19,1273.699951171875,1285.800048828125,0.009499959268364,0.007999959268364,2026-08-19,2026-08-21,1273.699951171875,1293.699951171875,0.01570228528437867,0.01420228528437867,2026-08-19,2026-08-25,1273.699951171875,1320.300048828125,0.03658640138391722,0.03508640138391722
2026-08-18,KOTAKBANK,UNFAVORABLE,24154.900390625,,11.390000343322754,387.6499938964844,46.865899420394555,-0.009760149481083502,0.01494353114886529,0.556263590490594,-0.012104995091445026,-0.013362178878992825,0.594283138614712,0.7359442607678935,0.0025860983481834727,0.007188067961753223,0.007211334358283472,0.010795174958702525,0.4,30,0.32055254161578256,378.9607042585101,388.65249490537343,390.43644839798554,0.11537203277329869,0.3206769042803785,False,"rr1,rr2,regime",True,True,True,True,False,False,True,True,True,False,False,"rr1,rr2,regime",True,True,True,True,False,False,True,True,True,False,False,"rr1,rr2,regime",True,True,True,True,False,False,True,True,True,False,REJECT,2026-08-19,2026-08-19,387.0,390.25,0.008397932816537557,0.006897932816537557,2026-08-19,2026-08-21,387.0,402.79998779296875,0.04082684184229657,0.03932684184229657,2026-08-19,2026-08-25,387.0,401.6000061035156,0.03772611396257264,0.03622611396257264
2026-08-18,LT,UNFAVORABLE,24154.900390625,,11.390000343322754,4064.300048828125,58.24586684115313,0.01447620043956177,0.01365021461858963,0.8241925525874004,-0.001572187196432262,0.006662740163231984,0.5593529958364728,0.57025373915924,-0.0002594533354200141,-0.0013288909476729816,0.0021693134906766165,0.001130145604420707,0.4,30,0.2223229301872086,3981.0821969168524,4064.300048828125,4064.300048828125,0.0,0.0,False,"er3,er5,rr1,rr2,regime",True,True,False,False,False,False,True,True,True,False,False,"er3,er5,rr1,rr2,regime",True,True,False,False,False,False,True,True,True,False,False,"er3,er5,rr1,rr2,regime",True,True,False,False,False,False,True,True,True,False,REJECT,2026-08-19,2026-08-19,4064.0,4041.300048828125,-0.005585617906465279,-0.0070856179064652785,2026-08-19,2026-08-21,4064.0,4093.0,0.007135826771653475,0.0056358267716534755,2026-08-19,2026-08-25,4064.0,4119.0,0.013533464566929165,0.012033464566929166
2026-08-18,M&M,UNFAVORABLE,24154.900390625,,11.390000343322754,3421.5,58.542744574866695,0.06808616568062242,0.021997441867406212,0.5452677205778017,-0.0019543641757490127,-0.011155774852408595,0.40519769582848186,0.5135420878961741,-0.005949277141109641,-0.001021508630223996,-0.009601938396323284,0.0019356776009187282,0.4,30,0.33431927529514205,3308.6036289760045,3421.5,3421.5,0.0,0.0,False,"p3,p5,er3,er5,rr1,rr2,regime",False,False,False,False,False,False,True,True,True,False,False,"p3,p5,er3,er5,rr1,rr2,regime",False,False,False,False,False,False,True,True,True,False,False,"p3,er3,er5,rr1,rr2,regime",False,True,False,False,False,False,True,True,True,False,REJECT,2026-08-19,2026-08-19,3396.199951171875,3415.0,0.005535613067080503,0.004035613067080503,2026-08-19,2026-08-21,3396.199951171875,3412.199951171875,0.004711147821104822,0.003211147821104822,2026-08-19,2026-08-25,3396.199951171875,3443.0,0.013780121754014107,0.012280121754014108
2026-08-18,MARUTI,UNFAVORABLE,24154.900390625,,11.390000343322754,13691.0,46.27892804857827,0.0006661579458244749,0.016737699413583586,0.6889464657530364,-0.01539014742898237,-0.021372408863473913,0.792347555816009,0.5635846588621114,0.009636776520837057,0.008301679585945765,0.007342043523738462,0.006473863176916783,0.4015057073796002,30,0.20730001068736978,13347.266235992942,13822.937107346781,13804.658295211184,0.38383516884908575,0.3306579309702322,False,"rr1,rr2,regime",True,True,True,True,False,False,True,True,True,False,False,"rr1,rr2,regime",True,True,True,True,False,False,True,True,True,False,False,"rr1,rr2,regime",True,True,True,True,False,False,True,True,True,False,REJECT,2026-08-19,2026-08-19,13744.0,13690.0,-0.003928987194412148,-0.0054289871944121475,2026-08-19,2026-08-21,13744.0,13565.0,-0.013023864959254894,-0.014523864959254893,2026-08-19,2026-08-25,13744.0,13678.0,-0.004802095459837008,-0.006302095459837008
2026-08-18,NESTLEIND,UNFAVORABLE,24154.900390625,,11.390000343322754,1462.5,44.44859694961965,0.008330740239188783,0.0231062259138431,0.6934593988009853,-0.029464479192192528,-0.02055983938907946,0.6304728173531373,0.7379825960975812,0.0041168837260016095,0.009093662757151419,0.006886934655040977,0.013006124409123299,0.4,30,0.4855597298299956,1411.8107169015066,1468.5209424492775,1475.799481782334,0.11878136918169353,0.26237265491587164,False,"rr1,rr2,regime",True,True,True,True,False,False,True,True,True,False,False,"rr1,rr2,regime",True,True,True,True,False,False,True,True,True,False,False,"rr1,rr2,regime",True,True,True,True,False,False,True,True,True,False,REJECT,2026-08-19,2026-08-19,1462.4000244140625,1465.0,0.001777882619346416,0.00027788261934641586,2026-08-19,2026-08-21,1462.4000244140625,1477.0999755859375,0.010051935808579326,0.008551935808579327,2026-08-19,2026-08-25,1462.4000244140625,1479.0,0.011351186617073905,0.009851186617073905
2026-08-18,NTPC,UNFAVORABLE,24154.900390625,,11.390000343322754,337.1000061035156,39.634765931675275,-0.03571927449874979,0.017756491561573592,1.0798037830564517,-0.020769771667347503,-0.003988790234375372,0.6727910072243621,0.6578954143880166,0.0057891805491002615,0.007707876056342059,0.006316758618218787,0.008299498838899355,0.5954144031937338,30,0.26718068868174166,328.1214359828404,339.05153890195163,339.6983311691537,0.21735451995214183,0.28939185535287093,False,"rr1,rr2,trend,regime",True,True,True,True,False,False,True,False,True,False,False,"rr1,rr2,trend,regime",True,True,True,True,False,False,True,False,True,False,False,"rr1,rr2,trend,regime",True,True,True,True,False,False,True,False,True,False,REJECT,2026-08-19,2026-08-19,336.29998779296875,336.54998779296875,0.0007433839104207252,-0.0007566160895792749,2026-08-19,2026-08-21,336.29998779296875,340.0,0.011002118172270148,0.009502118172270148,2026-08-19,2026-08-25,336.29998779296875,339.8500061035156,0.010556105975038976,0.009056105975038977
2026-08-18,ONGC,UNFAVORABLE,24154.900390625,,11.390000343322754,239.5,44.23488069541878,-0.013671050494720505,0.016453921314925533,1.1889139578257175,-0.0016673360010879268,0.000208824608039615,0.46582154972058054,0.469871547065468,-0.0005951882063336786,0.0006497940366837732,-0.002951824554671023,-0.0013766358971979975,0.4,30,0.3638260971532571,233.588928767613,239.5,239.65562567178577,0.0,0.026327828860036612,False,"p3,p5,er3,er5,rr1,rr2,regime",False,False,False,False,False,False,True,True,True,False,False,"p3,p5,er3,er5,rr1,rr2,regime",False,False,False,False,False,False,True,True,True,False,False,"p3,p5,er3,er5,rr1,rr2,regime",False,False,False,False,False,False,True,True,True,False,REJECT,2026-08-19,2026-08-19,241.10000610351562,238.0,-0.01285776036929942,-0.01435776036929942,2026-08-19,2026-08-21,241.10000610351562,236.39999389648438,-0.01949403603504396,-0.02099403603504396,2026-08-19,2026-08-25,241.10000610351562,234.0,-0.029448386245445657,-0.030948386245445658
2026-08-18,POWERGRID,UNFAVORABLE,24154.900390625,,11.390000343322754,268.0,33.947340023278045,-0.052524778500247726,0.01781719020688966,0.7976366412209797,0.00525128981407752,0.00018655641235842957,0.489077338571934,0.4506783954418361,0.0023487082814661157,-0.0005578027426819798,0.00158559095721017,-0.0029676610550964933,0.4,30,0.30337520646117233,260.83748953683033,268.6294538194329,268.0,0.08788173122672896,0.0,False,"p3,p5,er5,rr1,rr2,trend,regime",False,False,True,False,False,False,True,False,True,False,False,"p3,p5,er5,rr1,rr2,trend,regime",False,False,True,False,False,False,True,False,True,False,False,"p3,p5,er5,rr1,rr2,trend,regime",False,False,True,False,False,False,True,False,True,False,REJECT,2026-08-19,2026-08-19,267.04998779296875,263.5,-0.01329334564778517,-0.01479334564778517,2026-08-19,2026-08-21,267.04998779296875,272.3999938964844,0.02003372532509995,0.018533725325099948,2026-08-19,2026-08-25,267.04998779296875,271.0,0.014791283982733328,0.013291283982733328
2026-08-18,RELIANCE,UNFAVORABLE,24154.900390625,,11.390000343322754,1322.0,54.31435633185025,0.01373682144818611,0.0164469431820868,0.9139495683514306,0.0037965072133636646,-0.0014351721270671192,0.38402239399983934,0.44804324804582873,-0.0055015593408819586,-0.00775484400812074,-0.0030946712419725464,-0.002002474791148401,0.4,30,0.2368522546693879,1289.3857116699219,1322.0,1322.0,0.0,0.0,False,"p3,p5,er3,er5,rr1,rr2,regime",False,False,False,False,False,False,True,True,True,False,False,"p3,p5,er3,er5,rr1,rr2,regime",False,False,False,False,False,False,True,True,True,False,False,"p3,p5,er3,er5,rr1,rr2,regime",False,False,False,False,False,False,True,True,True,False,REJECT,2026-08-19,2026-08-19,1320.300048828125,1311.0,-0.007043890391717822,-0.008543890391717822,2026-08-19,2026-08-21,1320.300048828125,1316.0,-0.003256872429825086,-0.004756872429825086,2026-08-19,2026-08-25,1320.300048828125,1317.0,-0.0024994688374465612,-0.003999468837446561
2026-08-18,SBILIFE,UNFAVORABLE,24154.900390625,,11.390000343322754,1778.0,35.28057184817355,-0.021083589250470602,0.018849432477992426,0.6614558125672428,-0.01876379690949226,-0.032433596200355574,0.5205641600615978,0.4114193193489181,0.0018549433998291199,0.005505151413745823,0.0017007543152580684,-0.0008234249284033712,0.4,30,0.375239920777085,1727.7285635811943,1781.2980893648962,1787.78815921364,0.06560563214108706,0.1947061773229627,False,"p3,p5,er3,rr1,rr2,trend,regime",False,False,False,True,False,False,True,False,True,False,False,"p3,p5,rr1,rr2,regime",False,False,True,True,False,False,True,True,True,False,False,"p5,rr1,rr2,regime",True,False,True,True,False,False,True,True,True,False,REJECT,2026-08-19,2026-08-19,1779.5,1780.4000244140625,0.0005057737645757232,-0.0009942262354242768,2026-08-19,2026-08-21,1779.5,1792.9000244140625,0.007530218833415203,0.0060302188334152036,2026-08-19,2026-08-25,1779.5,1755.0,-0.01376791233492558,-0.01526791233492558
2026-08-18,SBIN,UNFAVORABLE,24154.900390625,,11.390000343322754,1053.0,50.912324290226806,0.01389020516666406,0.02096052924096544,0.51795616596703,-0.027700831024930705,-0.012195121951219523,0.6762195297207185,0.7070373888961372,0.007964833223627333,0.006791117280417143,0.00652486586205725,0.01227409448245309,0.4,30,0.4350054247391375,1019.892844063895,1061.3869693844795,1060.1510464962792,0.25332799352097396,0.21599700409422928,False,"rr1,rr2,regime",True,True,True,True,False,False,True,True,True,False,False,"rr1,rr2,regime",True,True,True,True,False,False,True,True,True,False,False,"rr1,rr2,regime",True,True,True,True,False,False,True,True,True,False,REJECT,2026-08-19,2026-08-19,1053.199951171875,1048.5999755859375,-0.00436761849525269,-0.005867618495252689,2026-08-19,2026-08-21,1053.199951171875,1048.699951171875,-0.004272692944006451,-0.0057726929440064505,2026-08-19,2026-08-25,1053.199951171875,1048.0,-0.004937287706944127,-0.006437287706944126
2026-08-18,SHRIRAMFIN,UNFAVORABLE,24154.900390625,,11.390000343322754,1108.4000244140625,56.62914888098642,0.062346428786082875,0.024829881064833595,0.489976822688027,-0.02110750100099157,-0.019028232175806292,0.5521017911187235,0.6282413937792102,0.002626972637782932,0.010269389320897207,0.0051634060299231566,0.008165732132529135,0.4,30,0.26516581544812584,1067.1178632463727,1111.3117609499163,1119.7826157880625,0.07053256063863142,0.27572663475062326,False,"rr1,rr2,regime",True,True,True,True,False,False,True,True,True,False,False,"rr1,rr2,regime",True,True,True,True,False,False,True,True,True,False,False,"rr1,rr2,regime",True,True,True,True,False,False,True,True,True,False,REJECT,2026-08-19,2026-08-19,1108.4000244140625,1106.0,-0.002165305269937412,-0.003665305269937412,2026-08-19,2026-08-21,1108.4000244140625,1130.0,0.01948752716543467,0.01798752716543467,2026-08-19,2026-08-25,1108.4000244140625,1138.5,0.02715623865296224,0.025656238652962238
2026-08-18,SUNPHARMA,UNFAVORABLE,24154.900390625,,11.390000343322754,1875.0999755859375,33.52034550943789,-0.015954307290562908,0.01868090962002556,0.753642990928249,-0.029451358392371896,-0.0344490341987963,0.5182715966543927,0.48116618698173375,-0.002366728302071539,-0.0022856123683639854,-0.0002508476151495409,-0.0005374687999762373,0.4,30,0.3748203362702706,1822.557115827288,1875.0999755859375,1875.0999755859375,0.0,0.0,False,"p3,p5,er3,er5,rr1,rr2,regime",False,False,False,False,False,False,True,True,True,False,False,"p3,p5,er3,er5,rr1,rr2,regime",False,False,False,False,False,False,True,True,True,False,False,"p3,p5,er3,er5,rr1,rr2,regime",False,False,False,False,False,False,True,True,True,False,REJECT,2026-08-19,2026-08-19,1871.0,1900.0,0.015499732763228247,0.013999732763228247,2026-08-19,2026-08-21,1871.0,1902.4000244140625,0.01678248231644175,0.01528248231644175,2026-08-19,2026-08-25,1871.0,1922.0,0.027258150721539254,0.025758150721539252
2026-08-18,TATACONSUM,UNFAVORABLE,24154.900390625,,11.390000343322754,1061.5999755859375,42.361806143261816,-0.03380237764535965,0.02052159335534833,0.6278539575323103,-0.02650162715640758,-0.015213380718054226,0.6831005362434471,0.6112843385671292,0.006484921576798772,0.008584862319413054,0.005841608830044032,0.008904263155836811,0.4,30,0.3344846165692248,1028.921391078404,1068.4843681735438,1070.713665214635,0.21066985279056952,0.27888875133488555,False,"rr1,rr2,trend,regime",True,True,True,True,False,False,True,False,True,False,False,"rr1,rr2,trend,regime",True,True,True,True,False,False,True,False,True,False,False,"rr1,rr2,trend,regime",True,True,True,True,False,False,True,False,True,False,REJECT,2026-08-19,2026-08-19,1061.0999755859375,1068.0,0.0065027090498728235,0.005002709049872824,2026-08-19,2026-08-21,1061.0999755859375,1049.0,-0.011403238021239104,-0.012903238021239103,2026-08-19,2026-08-25,1061.0999755859375,1060.5,-0.0005654279518818583,-0.0020654279518818584
2026-08-18,TATASTEEL,UNFAVORABLE,24154.900390625,,11.390000343322754,185.5,44.868032733397605,-0.020943136884618352,0.021855991438438582,0.6454645227212802,0.003516331485108992,-0.014608233731739695,0.2643258073474595,0.3836491824834899,-0.009821544621833263,-0.009955620642268868,-0.009573564028070136,-0.007400832875963437,0.4,30,0.3425371933364037,179.41857038225447,185.5,185.5,0.0,0.0,False,"p3,p5,er3,er5,rr1,rr2,trend,regime",False,False,False,False,False,False,True,False,True,False,False,"p3,p5,er3,er5,rr1,rr2,regime",False,False,False,False,False,False,True,True,True,False,False,"p3,p5,er3,er5,rr1,rr2,regime",False,False,False,False,False,False,True,True,True,False,REJECT,2026-08-19,2026-08-19,184.16000366210938,184.0,-0.0008688295988684702,-0.0023688295988684703,2026-08-19,2026-08-21,184.16000366210938,183.0,-0.0062988903075703595,-0.007798890307570359,2026-08-19,2026-08-25,184.16000366210938,186.94000244140625,0.015095562141698826,0.013595562141698827
2026-08-18,TCS,UNFAVORABLE,24154.900390625,,11.390000343322754,2280.0,46.062973389558614,0.02662477674485486,0.029354621294447058,0.5038990244454323,-0.040000000000000036,-0.06775154535718031,0.47145289120434203,0.4793395209241306,-0.011320616167061266,-0.014246384651932332,-0.0017246217334280223,-0.005109751253049355,0.4,30,0.7424069341811044,2179.607195172991,2280.0,2280.0,0.0,0.0,False,"p3,p5,er3,er5,rr1,rr2,regime",False,False,False,False,False,False,True,True,True,False,False,"p3,p5,er3,er5,rr1,rr2,regime",False,False,False,False,False,False,True,True,True,False,False,"p3,p5,er3,er5,rr1,rr2,regime",False,False,False,False,False,False,True,True,True,False,REJECT,2026-08-19,2026-08-19,2293.60009765625,2289.0,-0.0020056232387462014,-0.0035056232387462014,2026-08-19,2026-08-21,2293.60009765625,2302.0,0.0036623221076479417,0.0021623221076479417,2026-08-19,2026-08-25,2293.60009765625,2296.199951171875,0.001133525202707153,-0.0003664747972928471
2026-08-18,TECHM,UNFAVORABLE,24154.900390625,,11.390000343322754,1592.0,50.848839255199856,0.05429017902297151,0.022263109983511307,0.6605608688323253,-0.028676021964612608,-0.031040779062690205,0.36501434804208294,0.3281319120236522,-0.006407675361075074,-0.0039271402636119335,-0.0064010397703460065,-0.01356092668731751,0.4,30,0.30012097908018354,1538.835693359375,1592.0,1592.0,0.0,0.0,False,"p3,p5,er3,er5,rr1,rr2,regime",False,False,False,False,False,False,True,True,True,False,False,"p3,p5,er3,er5,rr1,rr2,regime",False,False,False,False,False,False,True,True,True,False,False,"p3,p5,er3,er5,rr1,rr2,regime",False,False,False,False,False,False,True,True,True,False,REJECT,2026-08-19,2026-08-19,1601.5,1589.800048828125,-0.007305620463237572,-0.008805620463237572,2026-08-19,2026-08-21,1601.5,1584.0,-0.0109272556977833,-0.0124272556977833,2026-08-19,2026-08-25,1601.5,1599.9000244140625,-0.000999048133585756,-0.002499048133585756
2026-08-18,TITAN,UNFAVORABLE,24154.900390625,,11.390000343322754,5048.60009765625,66.83479880025209,0.09217551553416725,0.019738153136537765,0.36338243550699806,-0.0029820283732888697,-0.015483600301043343,0.5299145552804831,0.4332040965099481,-0.003215722252234611,-0.00975255223013687,0.006791261301135054,-0.0010908782312042398,0.4,30,0.24494436978493908,4899.125034877232,5048.60009765625,5048.60009765625,0.0,0.0,False,"p3,p5,er3,er5,rr1,rr2,regime",False,False,False,False,False,False,True,True,True,False,False,"p3,p5,er3,er5,rr1,rr2,regime",False,False,False,False,False,False,True,True,True,False,False,"p5,er3,er5,rr1,rr2,regime",True,False,False,False,False,False,True,True,True,False,REJECT,2026-08-19,2026-08-19,5045.0,5068.0,0.004558969276511338,0.0030589692765113376,2026-08-19,2026-08-21,5045.0,5086.10009765625,0.008146699238106958,0.0066466992381069585,2026-08-19,2026-08-25,5045.0,5124.7998046875,0.01581760251486619,0.014317602514866192
2026-08-18,TRENT,UNFAVORABLE,24154.900390625,,11.390000343322754,2942.10009765625,43.796758318752325,-0.025445739152068936,0.023593449202257286,0.6560493684638916,-0.016020034228678925,-0.01929996744791662,0.5834840294213314,0.6806039116975249,0.011849769772356862,0.02054554153249631,0.009102415077607562,0.027355931847836246,0.4,30,0.32883545845380757,2837.9786638532364,2976.9633064607056,3002.5471374054077,0.3348322005478041,0.5805436742593937,False,"rr1,rr2,trend,regime",True,True,True,True,False,False,True,False,True,False,False,"rr1,rr2,trend,regime",True,True,True,True,False,False,True,False,True,False,False,"rr1,rr2,regime",True,True,True,True,False,False,True,True,True,False,REJECT,2026-08-19,2026-08-19,2942.10009765625,2953.0,0.003704803365607079,0.002204803365607079,2026-08-19,2026-08-21,2942.10009765625,2924.0,-0.006152101239066954,-0.007652101239066953,2026-08-19,2026-08-25,2942.10009765625,2930.0,-0.004112741665686093,-0.005612741665686092
2026-08-18,ULTRACEMCO,UNFAVORABLE,24154.900390625,,11.390000343322754,11499.0,42.70407256783254,0.0014259484101379893,0.017560533214068304,0.8423529722621957,-0.017683239364428505,-0.023853989813242826,0.4806578760543505,0.6802113188751688,0.0002783617812052336,0.0040023065946063465,-0.001138437685747229,0.004719294864312107,0.4,30,0.41723446476089554,11196.107142857143,11502.200882122079,11545.02252353138,0.01056770421155613,0.15194324476814272,False,"p3,er3,rr1,rr2,regime",False,True,False,True,False,False,True,True,True,False,False,"p3,er3,rr1,rr2,regime",False,True,False,True,False,False,True,True,True,False,False,"p3,rr1,rr2,regime",False,True,True,True,False,False,True,True,True,False,REJECT,2026-08-19,2026-08-19,11499.0,11450.0,-0.004261240107835462,-0.005761240107835462,2026-08-19,2026-08-21,11499.0,11570.0,0.006174449952169647,0.004674449952169648,2026-08-19,2026-08-25,11499.0,11540.0,0.0035655274371684254,0.0020655274371684253
2026-08-18,WIPRO,UNFAVORABLE,24154.900390625,,11.390000343322754,178.05999755859375,42.90837047420461,0.0016922706824689104,0.021164607424241644,0.5355962736329061,-0.0275259878586378,-0.03542799744683933,0.3782486036794435,0.3836308898426267,-0.004372290600198071,-0.0041851409342647476,-0.010246631665479178,-0.014465655439609537,0.4,30,0.31582213833911804,172.40714263916016,178.05999755859375,178.05999755859375,0.0,0.0,False,"p3,p5,er3,er5,rr1,rr2,regime",False,False,False,False,False,False,True,True,True,False,False,"p3,p5,er3,er5,rr1,rr2,regime",False,False,False,False,False,False,True,True,True,False,False,"p3,p5,er3,er5,rr1,rr2,regime",False,False,False,False,False,False,True,True,True,False,REJECT,2026-08-19,2026-08-19,179.05999755859375,179.5500030517578,0.002736543615799558,0.0012365436157995582,2026-08-19,2026-08-21,179.05999755859375,180.7899932861328,0.00966154222677762,0.00816154222677762,2026-08-19,2026-08-25,179.05999755859375,180.08999633789062,0.005752255072827284,0.004252255072827284
2026-08-18,APOLLOTYRE,UNFAVORABLE,24154.900390625,,11.390000343322754,436.0,50.68274493657457,0.014613268116505651,0.02155963402744358,0.35986785599923465,-0.015912398120329296,-0.015801354401805856,0.5449499123867044,0.5172103106615186,0.0024603729802830485,0.002503420124473314,0.009267160360649007,0.0042845273873036716,0.4,30,0.3483326867824459,421.89999934605186,437.0727226194034,437.0914911742704,0.07607961486888543,0.07741071798920615,False,"p5,er5,rr1,rr2,regime",True,False,True,False,False,False,True,True,True,False,False,"p5,rr1,rr2,regime",True,False,True,True,False,False,True,True,True,False,False,"rr1,rr2,regime",True,True,True,True,False,False,True,True,True,False,REJECT,2026-08-19,2026-08-19,434.5,427.3500061035156,-0.01645568215531501,-0.01795568215531501,2026-08-19,2026-08-21,434.5,439.70001220703125,0.011967807150819798,0.010467807150819798,2026-08-19,2026-08-25,434.5,441.3999938964844,0.015880308162219414,0.014380308162219415
2026-08-18,AUROPHARMA,UNFAVORABLE,24154.900390625,,11.390000343322754,1645.0,59.23446488379816,0.057010457469972575,0.02400782225290382,0.5477252089668327,-0.011061695409403383,-0.007840772014475306,0.5454637406418987,0.6122632594468934,0.006472505431746016,0.011713199694255251,0.003156098076788738,0.01178018379462975,0.4,30,0.31152915934887115,1585.76069859096,1655.6472714352221,1664.2682134970498,0.17973323759684537,0.32526064688044154,False,"rr1,rr2,regime",True,True,True,True,False,False,True,True,True,False,False,"rr1,rr2,regime",True,True,True,True,False,False,True,True,True,False,False,"rr1,rr2,regime",True,True,True,True,False,False,True,True,True,False,REJECT,2026-08-19,2026-08-19,1645.0,1624.5,-0.012462006079027366,-0.013962006079027365,2026-08-19,2026-08-21,1645.0,1621.300048828125,-0.014407265150075954,-0.015907265150075955,2026-08-19,2026-08-25,1645.0,1617.800048828125,-0.016534924724544098,-0.0180349247245441
2026-08-18,BOSCHLTD,UNFAVORABLE,24154.900390625,,11.390000343322754,48730.0,82.0560663619627,0.17573125226177289,0.0241665321229568,2.0514596474821873,0.04235294117647048,0.07845523957065392,0.5398836705442249,0.659027767262934,0.004625280358865401,0.010016971154071222,0.004308668439571561,0.012847815035377685,0.4,30,0.599765068593821,46963.547334472474,48955.389911887505,49218.12700433789,0.12759465129522488,0.2763317771620661,False,"p3,rr1,rr2,rsi,regime",False,True,True,True,False,False,True,True,False,False,False,"rr1,rr2,rsi,regime",True,True,True,True,False,False,True,True,False,False,False,"rr1,rr2,rsi,regime",True,True,True,True,False,False,True,True,False,False,REJECT,2026-08-19,2026-08-19,48730.0,48460.0,-0.005540734660373525,-0.007040734660373525,2026-08-19,2026-08-21,48730.0,48200.0,-0.010876256925918315,-0.012376256925918315,2026-08-19,2026-08-25,48730.0,48680.0,-0.001026061974143233,-0.002526061974143233
2026-08-18,SAIL,UNFAVORABLE,24154.900390625,,11.390000343322754,170.1999969482422,49.217378413971964,-0.0032070895573571567,0.03653684063321593,0.6402633799311003,0.009011171084068792,-0.016184988738484507,0.3186798187049859,0.3091339927396233,-0.012930513320854762,-0.014472377046524522,-0.018263868223916235,-0.027863355202886297,0.4,30,0.2988120882607829,161.68999710083008,170.1999969482422,170.1999969482422,0.0,0.0,False,"p3,p5,er3,er5,rr1,rr2,regime",False,False,False,False,False,False,True,True,True,False,False,"p3,p5,er3,er5,rr1,rr2,regime",False,False,False,False,False,False,True,True,True,False,False,"p3,p5,er3,er5,rr1,rr2,regime",False,False,False,False,False,False,True,True,True,False,REJECT,2026-08-19,2026-08-19,169.89999389648438,172.75,0.016774609805177754,0.015274609805177754,2026-08-19,2026-08-21,169.89999389648438,173.4600067138672,0.02095357825352151,0.01945357825352151,2026-08-19,2026-08-25,169.89999389648438,184.58999633789062,0.08646264254933689,0.08496264254933689
2026-08-18,DLF,UNFAVORABLE,24154.900390625,,11.390000343322754,665.75,55.567827421113414,0.0403590026617453,0.02497184282336315,1.812736785884974,0.002635542168674787,0.02407325796306492,0.3370207739238083,0.39769885257057086,-0.0036087636393061003,-0.011591557257432437,-0.004956105086132201,-0.019401526260513835,0.4,30,0.5491356692469176,640.8124934605189,665.75,665.75,0.0,0.0,False,"p3,p5,er3,er5,rr1,rr2,regime",False,False,False,False,False,False,True,True,True,False,False,"p3,p5,er3,er5,rr1,rr2,regime",False,False,False,False,False,False,True,True,True,False,False,"p3,p5,er3,er5,rr1,rr2,regime",False,False,False,False,False,False,True,True,True,False,REJECT,2026-08-19,2026-08-19,666.0,669.9000244140625,0.005855892513607408,0.0043558925136074084,2026-08-19,2026-08-21,666.0,678.0999755859375,0.01816813151041674,0.01666813151041674,2026-08-19,2026-08-25,666.0,682.9500122070312,0.02545046877932622,0.023950468779326217
2026-08-18,NAUKRI,UNFAVORABLE,24154.900390625,,11.390000343322754,1354.9000244140625,70.30285595132986,0.1843147270686194,0.030785103110433056,0.6898777731377231,-0.001768234235410726,-0.0037499820484834245,0.5662803577853082,0.6002082970153378,0.001890509263273137,0.00894840185516208,0.0041879190545570655,0.00972902758988059,0.4,30,0.6192374584635492,1292.3339189801898,1357.461475461026,1367.0242143060884,0.04093991513777146,0.193782077499457,False,"er3,rr1,rr2,regime",True,True,False,True,False,False,True,True,True,False,False,"rr1,rr2,regime",True,True,True,True,False,False,True,True,True,False,False,"rr1,rr2,regime",True,True,True,True,False,False,True,True,True,False,REJECT,2026-08-19,2026-08-19,1355.0,1378.4000244140625,0.017269390711485144,0.015769390711485143,2026-08-19,2026-08-21,1355.0,1350.0999755859375,-0.0036162541801199044,-0.005116254180119904,2026-08-19,2026-08-25,1355.0,1350.0,-0.0036900369003689537,-0.005190036900368953
2026-08-19,ADANIENT,UNFAVORABLE,24078.30078125,,11.319999694824219,2990.300048828125,44.42940190235139,-0.021030333896631892,0.02071937675438056,0.8731807919573974,-0.014760649529391268,0.0015407099613089503,0.19207761714652474,0.12615269838208396,-0.019262753915154182,-0.02752114390193339,-0.013179811090107074,-0.019475417840676246,0.49092661209632554,30,0.26100252582836964,2897.3643188476562,2990.300048828125,2990.300048828125,0.0,0.0,False,"p3,p5,er3,er5,rr1,rr2,trend,regime",False,False,False,False,False,False,True,False,True,False,False,"p3,p5,er3,er5,rr1,rr2,regime",False,False,False,False,False,False,True,True,True,False,False,"p3,p5,er3,er5,rr1,rr2,regime",False,False,False,False,False,False,True,True,True,False,REJECT,2026-08-20,2026-08-20,3000.0,2994.89990234375,-0.001700032552083286,-0.003200032552083286,2026-08-20,2026-08-24,3000.0,2998.60009765625,-0.0004666341145833641,-0.001966634114583364,2026-08-20,2026-08-26,3000.0,3112.0,0.03733333333333344,0.03583333333333344
2026-08-19,ADANIPORTS,UNFAVORABLE,24078.30078125,,11.319999694824219,1681.9000244140625,39.115656205215735,-0.05280075188321409,0.017369811100670707,0.5261390363452428,-0.010647044462316124,0.010150164813250706,0.3600702983326994,0.4286649862694241,-0.0025349644774223176,-0.0006871403991452973,-0.0044878500053988635,-0.0037661753276737597,0.4,30,0.2053232315945169,1638.0785958426338,1681.9000244140625,1681.9000244140625,0.0,0.0,False,"p3,p5,er3,er5,rr1,rr2,trend,regime",False,False,False,False,False,False,True,False,True,False,False,"p3,p5,er3,er5,rr1,rr2,trend,regime",False,False,False,False,False,False,True,False,True,False,False,"p3,p5,er3,er5,rr1,rr2,trend,regime",False,False,False,False,False,False,True,False,True,False,REJECT,2026-08-20,2026-08-20,1690.0,1696.0,0.0035502958579882726,0.0020502958579882726,2026-08-20,2026-08-24,1690.0,1672.0999755859375,-0.01059173042252215,-0.01209173042252215,2026-08-20,2026-08-26,1690.0,1691.5,0.0008875739644971237,-0.0006124260355028764
2026-08-19,APOLLOHOSP,UNFAVORABLE,24078.30078125,,11.319999694824219,8750.0,47.61518458661041,0.00022537444290882114,0.022870605233591867,0.7589525093296168,-0.019113278403676937,0.018981718831100558,0.47560105468004676,0.4352270574546301,-0.0013442514823102385,0.0002227707055916867,0.0017269759622013936,-0.0025446807464322707,0.4,30,0.3379655939288927,8449.823306309107,8750.0,8751.949243673927,0.0,0.006493654287280023,False,"p3,p5,er3,er5,rr1,rr2,regime",False,False,False,False,False,False,True,True,True,False,False,"p3,p5,er3,er5,rr1,rr2,regime",False,False,False,False,False,False,True,True,True,False,False,"p3,p5,er3,er5,rr1,rr2,regime",False,False,False,False,False,False,True,True,True,False,REJECT,2026-08-20,2026-08-20,8788.0,8735.0,-0.00603095129722353,-0.00753095129722353,2026-08-20,2026-08-24,8788.0,8702.0,-0.009786071916249472,-0.011286071916249472,2026-08-20,2026-08-26,8788.0,8766.5,-0.002446517979062368,-0.003946517979062368
2026-08-19,ASIANPAINT,UNFAVORABLE,24078.30078125,,11.319999694824219,2630.800048828125,37.080726010490814,-0.02649112359144634,0.018864435364362005,0.7201193365722278,-0.024292548608775166,-0.039853996778056566,0.51372776932006,0.39278325576366785,0.0012857914146544073,-0.004108952057172744,-8.32928135245381e-05,-0.00646015772399694,0.4,30,0.3002548348921789,2556.357212611607,2634.1827089445806,2630.800048828125,0.04543969961887314,0.0,False,"p3,p5,er3,er5,rr1,rr2,trend,regime",False,False,False,False,False,False,True,False,True,False,False,"p3,p5,er5,rr1,rr2,trend,regime",False,False,True,False,False,False,True,False,True,False,False,"p3,p5,er5,rr1,rr2,regime",False,False,True,False,False,False,True,True,True,False,REJECT,2026-08-20,2026-08-20,2635.10009765625,2625.199951171875,-0.0037570286203474357,-0.005257028620347435,2026-08-20,2026-08-24,2635.10009765625,2640.800048828125,0.002163087154429144,0.0006630871544291441,2026-08-20,2026-08-26,2635.10009765625,2626.5,-0.0032636701975379268,-0.004763670197537926
2026-08-19,AXISBANK,UNFAVORABLE,24078.30078125,,11.319999694824219,1235.0,43.70970985926792,-0.04661642112410069,0.016344713571790053,0.511146592922933,0.014457019248384162,0.004065040650406582,0.5613662769030519,0.5975164679342506,0.0058699789254585966,0.004472319481151066,0.00541410699865974,0.00825037758047642,0.4,30,0.34130479427162347,1204.7214181082588,1242.2494239729413,1240.5233145592217,0.23942415793649247,0.18241655368702273,False,"rr1,rr2,trend,regime",True,True,True,True,False,False,True,False,True,False,False,"rr1,rr2,trend,regime",True,True,True,True,False,False,True,False,True,False,False,"rr1,rr2,trend,regime",True,True,True,True,False,False,True,False,True,False,REJECT,2026-08-20,2026-08-20,1237.5,1251.0,0.01090909090909098,0.00940909090909098,2026-08-20,2026-08-24,1237.5,1236.0,-0.00121212121212122,-0.00271212121212122,2026-08-20,2026-08-26,1237.5,1255.0,0.014141414141414232,0.012641414141414233
2026-08-19,BAJAJ-AUTO,UNFAVORABLE,24078.30078125,,11.319999694824219,11645.0,63.539895877615145,0.0901802331459729,0.018091762252346193,0.7166016082931657,-0.004700854700854684,-0.004700854700854684,0.2664937213347842,0.2654426685220542,-0.0036321509984427866,-0.010911623909129331,-0.00845223208457846,-0.019899202412279604,0.4,30,0.501639066812404,11328.982142857143,11645.0,11645.0,0.0,0.0,False,"p3,p5,er3,er5,rr1,rr2,regime",False,False,False,False,False,False,True,True,True,False,False,"p3,p5,er3,er5,rr1,rr2,regime",False,False,False,False,False,False,True,True,True,False,False,"p3,p5,er3,er5,rr1,rr2,regime",False,False,False,False,False,False,True,True,True,False,REJECT,2026-08-20,2026-08-20,11700.0,11793.0,0.007948717948717876,0.0064487179487178765,2026-08-20,2026-08-24,11700.0,11800.0,0.008547008547008517,0.007047008547008517,2026-08-20,2026-08-26,11700.0,11724.0,0.002051282051282133,0.0005512820512821328
2026-08-19,BAJFINANCE,UNFAVORABLE,24078.30078125,,11.319999694824219,1080.199951171875,51.51515997921936,0.04497730599633809,0.027038646474033395,0.315573799410548,-0.006255794690087413,-0.012794736451053779,0.5611069807810972,0.6641927559839665,0.00041530810244769017,0.005584412040794741,0.004213805066842546,0.010595550005969345,0.4,30,0.8640183892752934,1036.3892342703682,1080.6485669638603,1086.2322327856652,0.010239864209340213,0.13768963487522334,False,"er3,rr1,rr2,regime",True,True,False,True,False,False,True,True,True,False,False,"er3,rr1,rr2,regime",True,True,False,True,False,False,True,True,True,False,False,"rr1,rr2,regime",True,True,True,True,False,False,True,True,True,False,REJECT,2026-08-20,2026-08-20,1089.699951171875,1095.0,0.004863768987440231,0.003363768987440231,2026-08-20,2026-08-24,1089.699951171875,1077.0,-0.011654539543860087,-0.013154539543860087,2026-08-20,2026-08-26,1089.699951171875,1085.0,-0.0043130690855043285,-0.005813069085504328
2026-08-19,BAJAJFINSV,UNFAVORABLE,24078.30078125,,11.319999694824219,2012.0,57.884211166095625,0.06488532465197516,0.02294447340094478,0.6447116757047872,0.0018423298719900671,-0.004206879485275872,0.3846279303763406,0.3926180876177157,-0.005006850924649466,-0.0030636490375213084,-0.007285624807732705,-0.008346218218960422,0.4,30,0.4330977911442526,1942.7535792759486,2012.0,2012.0,0.0,0.0,False,"p3,p5,er3,er5,rr1,rr2,regime",False,False,False,False,False,False,True,True,True,False,False,"p3,p5,er3,er5,rr1,rr2,regime",False,False,False,False,False,False,True,True,True,False,False,"p3,p5,er3,er5,rr1,rr2,regime",False,False,False,False,False,False,True,True,True,False,REJECT,2026-08-20,2026-08-20,2020.0,2016.0,-0.001980198019801982,-0.003480198019801982,2026-08-20,2026-08-24,2020.0,2001.699951171875,-0.009059430112933198,-0.010559430112933197,2026-08-20,2026-08-26,2020.0,2010.0,-0.004950495049504955,-0.0064504950495049545
2026-08-19,BEL,UNFAVORABLE,24078.30078125,,11.319999694824219,409.20001220703125,55.60288595139908,0.0035923738755641033,0.015355964824034412,0.8021014070896753,-0.003894780023079858,0.009996343012611986,0.4712169846035857,0.4521771371060269,0.0023167256581219896,-0.00030875193390925116,-0.004118179531921562,-0.001464600214493128,0.4,30,0.3040898685573897,399.7745207168628,410.1480163746151,409.20001220703125,0.10057875163037457,0.0,False,"p3,p5,er5,rr1,rr2,regime",False,False,True,False,False,False,True,True,True,False,False,"p3,p5,er5,rr1,rr2,regime",False,False,True,False,False,False,True,True,True,False,False,"p3,p5,er5,rr1,rr2,regime",False,False,True,False,False,False,True,True,True,False,REJECT,2026-08-20,2026-08-20,411.79998779296875,409.3999938964844,-0.00582805723076163,-0.007328057230761629,2026-08-20,2026-08-24,411.79998779296875,409.0,-0.006799387751260544,-0.008299387751260543,2026-08-20,2026-08-26,411.79998779296875,406.8999938964844,-0.011898965618590163,-0.013398965618590162
2026-08-19,BHARTIARTL,UNFAVORABLE,24078.30078125,,11.319999694824219,1922.0,48.24018872920133,0.012692882212386625,0.02056265522364399,0.9126407892543962,-0.03518898471213472,-0.011825192802056517,0.5993128385714115,0.6644552344606337,0.006650275065069997,0.010094005264900254,0.007884135516816992,0.008395452675794779,0.4,30,0.4050066663186427,1862.7178649902344,1934.7818286750648,1941.4006781191385,0.2156101272830217,0.3272601115992642,False,"rr1,rr2,regime",True,True,True,True,False,False,True,True,True,False,False,"rr1,rr2,regime",True,True,True,True,False,False,True,True,True,False,False,"rr1,rr2,regime",True,True,True,True,False,False,True,True,True,False,REJECT,2026-08-20,2026-08-20,1944.0,1941.699951171875,-0.0011831526893647526,-0.0026831526893647526,2026-08-20,2026-08-24,1944.0,1935.0,-0.00462962962962965,-0.00612962962962965,2026-08-20,2026-08-26,1944.0,1902.0999755859375,-0.021553510501060913,-0.023053510501060914
2026-08-19,BPCL,UNFAVORABLE,24078.30078125,,11.319999694824219,307.0,40.78712314251403,-0.018052482183356422,0.020404856501206957,0.874216918240254,-0.038973271971461276,-0.03154574132492116,0.7824463046282957,0.8520695765486809,0.01585528855765523,0.02542278326615528,0.019022802151237306,0.02518240978992936,0.4048555062430222,30,0.3181447958543478,297.6035635811942,311.8675735872002,314.8047944627097,0.5180233622885299,0.8306121719814296,False,"rr1,rr2,regime",True,True,True,True,False,False,True,True,True,False,False,"rr1,rr2,regime",True,True,True,True,False,False,True,True,True,False,False,"rr1,rr2,regime",True,True,True,True,False,False,True,True,True,False,REJECT,2026-08-20,2026-08-20,307.5,308.70001220703125,0.003902478722052738,0.002402478722052738,2026-08-20,2026-08-24,307.5,311.8999938964844,0.014308923240599514,0.012808923240599514,2026-08-20,2026-08-26,307.5,318.0,0.034146341463414664,0.03264634146341466
2026-08-19,BRITANNIA,UNFAVORABLE,24078.30078125,,11.319999694824219,5453.0,50.75357674176871,0.026200536781344264,0.020061041104503418,0.7402090458399831,-0.018891687657430767,-0.03409795412275263,0.4454300483325762,0.49841895434042743,0.0006251877356974159,0.002076885743324261,-0.002208147500790514,0.00042016941900901994,0.4,30,0.3091879135048078,5288.910714285715,5456.409148722757,5464.325257958347,0.020776181137707194,0.06901887535830045,False,"p3,p5,er3,er5,rr1,rr2,regime",False,False,False,False,False,False,True,True,True,False,False,"p3,p5,er3,rr1,rr2,regime",False,False,False,True,False,False,True,True,True,False,False,"p3,p5,rr1,rr2,regime",False,False,True,True,False,False,True,True,True,False,REJECT,2026-08-20,2026-08-20,5454.5,5548.0,0.017141809515079265,0.015641809515079264,2026-08-20,2026-08-24,5454.5,5311.0,-0.026308552571271404,-0.027808552571271405,2026-08-20,2026-08-26,5454.5,5310.0,-0.026491887432395278,-0.02799188743239528
2026-08-19,CIPLA,UNFAVORABLE,24078.30078125,,11.319999694824219,1422.0,41.39993093583776,-0.0085341382338876,0.013416721803106792,0.35535355078218855,-0.0193103448275862,-0.028024606971975397,0.6365104459935313,0.5412743590176713,0.0016602267217062968,0.0033802946316937818,0.006607015202613198,0.0025380911365392445,0.4,30,0.4033429415204781,1393.3821323939733,1424.3608423982664,1426.8067789662687,0.08249539870571058,0.16796426038592732,False,"er3,er5,rr1,rr2,regime",True,True,False,False,False,False,True,True,True,False,False,"rr1,rr2,regime",True,True,True,True,False,False,True,True,True,False,False,"rr1,rr2,regime",True,True,True,True,False,False,True,True,True,False,REJECT,2026-08-20,2026-08-20,1430.0,1438.0,0.005594405594405494,0.004094405594405494,2026-08-20,2026-08-24,1430.0,1437.9000244140625,0.005524492597246411,0.004024492597246411,2026-08-20,2026-08-26,1430.0,1402.699951171875,-0.019090943236450997,-0.020590943236450998
2026-08-19,COALINDIA,UNFAVORABLE,24078.30078125,,11.319999694824219,400.0,28.976193980553703,-0.05664253686694043,0.012187510899135046,0.8499133741213656,-0.01744044705740011,-0.022721690863262034,0.35493380705481753,0.29725796622878814,-0.00964627398784347,-0.008892063233496594,-0.0055697691617878076,-0.004698805539571416,0.4,30,0.4382746628356069,392.68749346051897,400.0,400.0,0.0,0.0,False,"p3,p5,er3,er5,rr1,rr2,trend,regime",False,False,False,False,False,False,True,False,True,False,False,"p3,p5,er3,er5,rr1,rr2,trend,regime",False,False,False,False,False,False,True,False,True,False,False,"p3,p5,er3,er5,rr1,rr2,trend,regime",False,False,False,False,False,False,True,False,True,False,REJECT,2026-08-20,2026-08-20,400.04998779296875,402.5,0.006124265171329357,0.004624265171329358,2026-08-20,2026-08-24,400.04998779296875,406.8999938964844,0.017122875421909933,0.015622875421909934,2026-08-20,2026-08-26,400.04998779296875,403.5,0.008623952786661837,0.0071239527866618375
2026-08-19,DRREDDY,UNFAVORABLE,24078.30078125,,11.319999694824219,1170.0,41.12180059223392,-0.055243602832400374,0.018785123161343866,0.5335398314491748,-0.025000000000000022,-0.025000000000000022,0.7194190502077057,0.719704545102197,0.012937732404731315,0.018531734817770627,0.018082001147757598,0.030811541316342117,0.4,30,0.37519504871996184,1137.0321088518415,1185.1371469135356,1191.6821297367917,0.4591481707309972,0.6576741484419392,False,"rr1,rr2,trend,regime",True,True,True,True,False,False,True,False,True,False,False,"rr1,rr2,trend,regime",True,True,True,True,False,False,True,False,True,False,False,"rr1,rr2,trend,regime",True,True,True,True,False,False,True,False,True,False,REJECT,2026-08-20,2026-08-20,1171.199951171875,1180.0,0.007513703206117661,0.006013703206117662,2026-08-20,2026-08-24,1171.199951171875,1190.0,0.016051954928203438,0.014551954928203438,2026-08-20,2026-08-26,1171.199951171875,1182.0,0.009221353550534772,0.0077213535505347725
2026-08-19,EICHERMOT,UNFAVORABLE,24078.30078125,,11.319999694824219,7990.5,60.78081659268804,0.05277032428714046,0.01598773543583005,0.6894538536765451,-0.009421682266162579,-0.007267983600447225,0.6075313611547367,0.5545748804936651,0.003821902276652752,0.004307685160707062,0.0074328958158169645,0.0019888188147569874,0.4,30,0.36219254889075436,7798.875,8021.038910141594,8024.92055827663,0.1593680894538499,0.17962457026290876,False,"rr1,rr2,regime",True,True,True,True,False,False,True,True,True,False,False,"rr1,rr2,regime",True,True,True,True,False,False,True,True,True,False,False,"rr1,rr2,regime",True,True,True,True,False,False,True,True,True,False,REJECT,2026-08-20,2026-08-20,8047.0,8042.0,-0.0006213495712688033,-0.0021213495712688033,2026-08-20,2026-08-24,8047.0,8047.0,0.0,-0.0015,2026-08-20,2026-08-26,8047.0,8035.0,-0.0014912389710450835,-0.0029912389710450835
2026-08-19,ETERNAL,UNFAVORABLE,24078.30078125,,11.319999694824219,320.0,64.83475129063318,0.11480389760437926,0.023515639986310684,0.9120566902869218,0.0047095761381474865,0.018946067308729386,0.5369465084102278,0.6707763963574688,0.0063312535015482094,0.011170344302281955,0.0010280869660380665,0.007923085822167275,0.4,30,0.4093027454749956,308.7124928065709,322.02600112049544,323.5745101767302,0.17949057181330944,0.3166784406402023,False,"p3,rr1,rr2,regime",False,True,True,True,False,False,True,True,True,False,False,"rr1,rr2,regime",True,True,True,True,False,False,True,True,True,False,False,"rr1,rr2,regime",True,True,True,True,False,False,True,True,True,False,REJECT,2026-08-20,2026-08-20,323.8500061035156,327.95001220703125,0.012660200791242415,0.011160200791242416,2026-08-20,2026-08-24,323.8500061035156,327.1499938964844,0.010189864847227836,0.008689864847227837,2026-08-20,2026-08-26,323.8500061035156,327.0,0.009726706305750454,0.008226706305750455
2026-08-19,GRASIM,UNFAVORABLE,24078.30078125,,11.319999694824219,3270.0,56.42340312795012,0.034114464860449445,0.02843991391433201,1.1866873652287815,0.006556483869937457,-0.011427549510290569,0.6430978663910113,0.6662901178333144,0.01008397398843086,0.01654963865264659,0.003815839473902738,0.017414295228870835,0.40652335346149604,30,0.6097574576080437,3130.5022222502016,3302.974594942169,3324.1173183941546,0.23638079024679418,0.3879439462556802,False,"rr1,rr2,regime",True,True,True,True,False,False,True,True,True,False,False,"rr1,rr2,regime",True,True,True,True,False,False,True,True,True,False,False,"rr1,rr2,regime",True,True,True,True,False,False,True,True,True,False,REJECT,2026-08-20,2026-08-20,3280.0,3300.0,0.0060975609756097615,0.004597560975609762,2026-08-20,2026-08-24,3280.0,3288.0,0.0024390243902439046,0.0009390243902439046,2026-08-20,2026-08-26,3280.0,3299.89990234375,0.0060670433974847615,0.004567043397484762
2026-08-19,HCLTECH,UNFAVORABLE,24078.30078125,,11.319999694824219,1324.800048828125,55.56604437300185,0.0898712027081241,0.024122246484351174,0.6647100947759155,-0.025882317038143365,-0.029734857814551652,0.6624190971810598,0.7804629946721131,0.009204409397904277,0.013382638653508977,0.014939846591520145,0.014685057977885774,0.4,30,0.23199141054721595,1276.8643188476562,1336.9940508479026,1342.529369169743,0.25438231617096485,0.36985606245783054,False,"rr1,rr2,regime",True,True,True,True,False,False,True,True,True,False,False,"rr1,rr2,regime",True,True,True,True,False,False,True,True,True,False,False,"rr1,rr2,regime",True,True,True,True,False,False,True,True,True,False,REJECT,2026-08-20,2026-08-20,1339.699951171875,1318.4000244140625,-0.0158990277928881,-0.0173990277928881,2026-08-20,2026-08-24,1339.699951171875,1322.0,-0.013211877149351459,-0.014711877149351458,2026-08-20,2026-08-26,1339.699951171875,1298.5,-0.030753118364926557,-0.03225311836492656
2026-08-19,HDFCBANK,UNFAVORABLE,24078.30078125,,11.319999694824219,720.0,31.53416525427727,-0.06504537548197253,0.01141368926517547,0.7778789407077896,-0.009628610729023435,-0.012345679012345734,0.6014709291889062,0.6247343575878511,0.0030971538617436817,0.0014450833813410854,0.003908739785280835,0.009574335542512302,0.4,30,0.33478210750768045,707.6732155936105,722.2299507804555,721.0404600345656,0.1809028783937872,0.0844064437458898,False,"er5,rr1,rr2,trend,regime",True,True,True,False,False,False,True,False,True,False,False,"er5,rr1,rr2,trend,regime",True,True,True,False,False,False,True,False,True,False,False,"rr1,rr2,trend,regime",True,True,True,True,False,False,True,False,True,False,REJECT,2026-08-20,2026-08-20,725.5,725.0499877929688,-0.0006202787140334731,-0.002120278714033473,2026-08-20,2026-08-24,725.5,729.0,0.004824259131633424,0.0033242591316334238,2026-08-20,2026-08-26,725.5,727.2000122070312,0.002343228403902442,0.000843228403902442
2026-08-19,HDFCLIFE,UNFAVORABLE,24078.30078125,,11.319999694824219,536.2999877929688,40.17621951754395,-0.04378210513695047,0.015649548711985185,0.8563261175156918,0.0008398100728457258,-0.0013035609069482756,0.5070091806655107,0.39983766454910485,0.002036902137885875,0.0028151141506531224,0.0006735895231871347,-0.0030122449271695606,0.4,30,0.38495416370363583,523.7107086181641,537.3923783846524,537.8097334775998,0.08677149632759433,0.11992312376808445,False,"p3,p5,er5,rr1,rr2,trend,regime",False,False,True,False,False,False,True,False,True,False,False,"p3,p5,rr1,rr2,trend,regime",False,False,True,True,False,False,True,False,True,False,False,"p3,p5,rr1,rr2,trend,regime",False,False,True,True,False,False,True,False,True,False,REJECT,2026-08-20,2026-08-20,539.9000244140625,542.0,0.0038895637914011516,0.0023895637914011516,2026-08-20,2026-08-24,539.9000244140625,552.9500122070312,0.02417111910141423,0.022671119101414228,2026-08-20,2026-08-26,539.9000244140625,553.0,0.024263706229971982,0.02276370622997198
2026-08-19,HEROMOTOCO,UNFAVORABLE,24078.30078125,,11.319999694824219,5709.5,65.13189800641109,0.11340112812046232,0.02329075845160947,0.4277216831609545,-0.013903281519861865,-0.031467345207803255,0.7236934166184698,0.6646526831738157,0.005659425082437904,0.01058178869013244,0.004152903037046851,0.012535694458867708,0.4,30,0.22448335257028937,5510.032121930803,5741.812487508179,5769.916722526312,0.16199343884818393,0.302889483314967,False,"rr1,rr2,regime",True,True,True,True,False,False,True,True,True,False,False,"rr1,rr2,regime",True,True,True,True,False,False,True,True,True,False,False,"rr1,rr2,regime",True,True,True,True,False,False,True,True,True,False,REJECT,2026-08-20,2026-08-20,5740.0,5740.5,8.710801393729817e-05,-0.0014128919860627019,2026-08-20,2026-08-24,5740.0,5685.0,-0.009581881533101022,-0.011081881533101022,2026-08-20,2026-08-26,5740.0,5595.0,-0.025261324041811806,-0.026761324041811807
2026-08-19,HINDALCO,UNFAVORABLE,24078.30078125,,11.319999694824219,1038.949951171875,56.84502727147238,0.05312517022954699,0.025657770462717614,0.4308830034285143,0.009179165781325827,-0.036671348009388094,0.48596442235315856,0.5956047629902513,0.00735831120799727,0.011744621431239798,0.006118432752081182,0.008478710581560467,0.4,30,0.4314565628567691,998.9642421177456,1046.5948682421313,1051.1520250343938,0.19119123434593094,0.30516087250073753,False,"p3,rr1,rr2,regime",False,True,True,True,False,False,True,True,True,False,False,"p3,rr1,rr2,regime",False,True,True,True,False,False,True,True,True,False,False,"p3,rr1,rr2,regime",False,True,True,True,False,False,True,True,True,False,REJECT,2026-08-20,2026-08-20,1044.0,1029.8499755859375,-0.01355366323186058,-0.01505366323186058,2026-08-20,2026-08-24,1044.0,1058.5,0.01388888888888884,0.01238888888888884,2026-08-20,2026-08-26,1044.0,1053.0,0.008620689655172376,0.007120689655172376
2026-08-19,HINDUNILVR,UNFAVORABLE,24078.30078125,,11.319999694824219,2020.699951171875,37.217547384338694,-0.05139733913922595,0.014464580277346753,0.7729736480899188,-0.027106426975505582,-0.02050414388178623,0.3750104543132829,0.3695835572428871,-0.0009710033426113118,0.001414279922498212,-0.005531817351465351,-0.00830211514028023,0.4,30,0.7732734754371444,1976.8570861816406,2020.699951171875,2023.5577865422108,0.0,0.06518359078432408,False,"p3,p5,er3,er5,rr1,rr2,trend,regime",False,False,False,False,False,False,True,False,True,False,False,"p3,p5,er3,er5,rr1,rr2,trend,regime",False,False,False,False,False,False,True,False,True,False,False,"p3,p5,er3,rr1,rr2,trend,regime",False,False,False,True,False,False,True,False,True,False,REJECT,2026-08-20,2026-08-20,2022.9000244140625,2028.0,0.0025211209275726176,0.0010211209275726176,2026-08-20,2026-08-24,2022.9000244140625,2030.0,0.0035098005340101768,0.0020098005340101767,2026-08-20,2026-08-26,2022.9000244140625,2021.0,-0.0009392576949583953,-0.0024392576949583953
2026-08-19,ICICIBANK,UNFAVORABLE,24078.30078125,,11.319999694824219,1402.0,45.246117663718564,0.0041343847442478765,0.015728150924682265,0.9344179512539488,-0.010585744530698604,-0.02074453599552406,0.36652803071465917,0.4074502178694042,-0.0030938458587848935,-0.002998742030217537,-0.002872681792913334,-0.0038643797067565155,0.4,30,0.376530355330406,1368.9236986053932,1402.0,1402.0,0.0,0.0,False,"p3,p5,er3,er5,rr1,rr2,regime",False,False,False,False,False,False,True,True,True,False,False,"p3,p5,er3,er5,rr1,rr2,regime",False,False,False,False,False,False,True,True,True,False,False,"p3,p5,er3,er5,rr1,rr2,regime",False,False,False,False,False,False,True,True,True,False,REJECT,2026-08-20,2026-08-20,1407.800048828125,1411.9000244140625,0.0029123280606151436,0.0014123280606151436,2026-08-20,2026-08-24,1407.800048828125,1415.0,0.005114327974252042,0.003614327974252042,2026-08-20,2026-08-26,1407.800048828125,1430.0,0.015769250178925942,0.014269250178925942
2026-08-19,ICICIGI,UNFAVORABLE,24078.30078125,,11.319999694824219,1615.699951171875,39.92955635737307,-0.05774047067359245,0.022922401512830478,0.39013122185492227,-0.008773036090874209,-0.011804311209862361,0.5178891437145371,0.6529488916371249,0.005273058384724789,0.008543170346703585,0.0014603206630426913,0.01283446668652144,0.4,30,0.3333791149852961,1560.1463666643415,1624.219631346601,1629.503151083897,0.1533596841725083,0.24846641372259398,False,"p3,rr1,rr2,trend,regime",False,True,True,True,False,False,True,False,True,False,False,"p3,rr1,rr2,trend,regime",False,True,True,True,False,False,True,False,True,False,False,"p3,rr1,rr2,trend,regime",False,True,True,True,False,False,True,False,True,False,REJECT,2026-08-20,2026-08-20,1617.0,1625.0,0.0049474335188621765,0.0034474335188621765,2026-08-20,2026-08-24,1617.0,1620.0,0.0018552875695732052,0.00035528756957320514,2026-08-20,2026-08-26,1617.0,1596.9000244140625,-0.012430411617772141,-0.013930411617772141
2026-08-19,ICICIPRULI,UNFAVORABLE,24078.30078125,,11.319999694824219,499.5,45.73482997639938,-0.0018743566015189117,0.02170741996181449,0.44827546199956375,-0.018953145462369037,-0.013625580528531467,0.6346651214432942,0.5740595319101007,0.0009920630617219499,0.0040227693046819704,0.0061331301767264534,0.0077079650830367274,0.4,30,0.3228835340734678,483.2357155936105,499.9955354993301,501.5093732676886,0.030467709918761864,0.12354513838304569,False,"er3,rr1,rr2,regime",True,True,False,True,False,False,True,True,True,False,False,"er3,rr1,rr2,regime",True,True,False,True,False,False,True,True,True,False,False,"rr1,rr2,regime",True,True,True,True,False,False,True,True,True,False,REJECT,2026-08-20,2026-08-20,501.0,502.0,0.001996007984031989,0.0004960079840319888,2026-08-20,2026-08-24,501.0,511.25,0.020459081836327275,0.018959081836327274,2026-08-20,2026-08-26,501.0,515.0499877929688,0.02804388781031686,0.026543887810316857
2026-08-19,INDUSINDBK,UNFAVORABLE,24078.30078125,,11.319999694824219,1016.7000122070312,52.89338243795589,0.030344762752676946,0.017075560071456303,0.27827532965126744,-0.004016433811683262,-0.0007862287891584607,0.3838638826088147,0.4514990740718656,-0.002642440966718478,-0.0067292110243917505,-0.00568838680258138,-0.0008160080944015213,0.4,30,0.3733490395246623,990.658929007394,1016.7000122070312,1016.7000122070312,0.0,0.0,False,"p3,p5,er3,er5,rr1,rr2,regime",False,False,False,False,False,False,True,True,True,False,False,"p3,p5,er3,er5,rr1,rr2,regime",False,False,False,False,False,False,True,True,True,False,False,"p3,p5,er3,er5,rr1,rr2,regime",False,False,False,False,False,False,True,True,True,False,REJECT,2026-08-20,2026-08-20,1013.0,1008.0,-0.0049358341559723184,-0.006435834155972318,2026-08-20,2026-08-24,1013.0,1018.4000244140625,0.005330724989202951,0.0038307249892029506,2026-08-20,2026-08-26,1013.0,1004.0,-0.008884501480750262,-0.010384501480750262
2026-08-19,INFY,UNFAVORABLE,24078.30078125,,11.319999694824219,1119.800048828125,46.745517183805134,0.017998197324382348,0.023709579063470675,0.6360456541187891,-0.0422510301118616,-0.04787001779314182,0.48181826130585853,0.5470909561614362,0.0035342527873309564,0.004673635452433817,-0.001868601357237154,0.005734206522384877,0.4,30,0.4622660304238231,1079.9750671386719,1123.7577052719491,1125.033586035965,0.0993762275821019,0.13141342408265497,False,"p3,rr1,rr2,regime",False,True,True,True,False,False,True,True,True,False,False,"p3,rr1,rr2,regime",False,True,True,True,False,False,True,True,True,False,False,"p3,rr1,rr2,regime",False,True,True,True,False,False,True,True,True,False,REJECT,2026-08-20,2026-08-20,1143.0,1130.0,-0.011373578302712128,-0.012873578302712128,2026-08-20,2026-08-24,1143.0,1130.0,-0.011373578302712128,-0.012873578302712128,2026-08-20,2026-08-26,1143.0,1120.0,-0.0201224846894138,-0.0216224846894138
2026-08-19,ITC,UNFAVORABLE,24078.30078125,,11.319999694824219,267.04998779296875,28.61786335280813,-0.060067055019308646,0.017078131174510274,0.8700381541561967,-0.040079165797321625,-0.03295312802696204,0.6763578940437637,0.5846470436917443,0.0024806810089773924,0.0063273101084947575,0.006746076234089293,0.005341047266610666,0.46302869587836953,30,0.4287473357706869,260.2089157104492,267.71245362613445,268.73969588020464,0.09683655210393788,0.2469946328373688,False,"rr1,rr2,trend,regime",True,True,True,True,False,False,True,False,True,False,False,"rr1,rr2,trend,regime",True,True,True,True,False,False,True,False,True,False,False,"rr1,rr2,trend,regime",True,True,True,True,False,False,True,False,True,False,REJECT,2026-08-20,2026-08-20,268.20001220703125,271.6499938964844,0.01286346581815212,0.01136346581815212,2026-08-20,2026-08-24,268.20001220703125,269.70001220703125,0.0055928409087546704,0.004092840908754671,2026-08-20,2026-08-26,268.20001220703125,270.25,0.007643503727309042,0.006143503727309043
2026-08-19,JIOFIN,UNFAVORABLE,24078.30078125,,11.319999694824219,243.14999389648438,44.34136073757886,0.0006941762996297562,0.025764073673650755,0.5142155583449257,-0.023690058554415194,-0.050380763567599796,0.3804500647855406,0.3629291659785997,-0.005882966656820858,-0.00470711080925206,-0.007946281119985132,-0.009922523534683536,0.4,30,0.3862374542893288,233.75319236173922,243.14999389648438,243.14999389648438,0.0,0.0,False,"p3,p5,er3,er5,rr1,rr2,regime",False,False,False,False,False,False,True,True,True,False,False,"p3,p5,er3,er5,rr1,rr2,regime",False,False,False,False,False,False,True,True,True,False,False,"p3,p5,er3,er5,rr1,rr2,regime",False,False,False,False,False,False,True,True,True,False,REJECT,2026-08-20,2026-08-20,244.0,244.60000610351562,0.002459041407850915,0.0009590414078509148,2026-08-20,2026-08-24,244.0,242.0,-0.008196721311475419,-0.009696721311475419,2026-08-20,2026-08-26,244.0,241.0,-0.012295081967213073,-0.013795081967213072
2026-08-19,JSWSTEEL,UNFAVORABLE,24078.30078125,,11.319999694824219,1285.800048828125,54.319993785993,0.021514351977006907,0.019682029944888386,0.6903112374566966,0.012440983329232269,0.013158989491333983,0.6482795398593671,0.7460729868542962,0.010411267937789933,0.012872802290565321,0.013771361687593409,0.02099796845878421,0.4,30,0.2686327238789579,1247.839316231864,1299.186857650898,1302.3518986418887,0.35264885335989304,0.4360255633052244,False,"rr1,rr2,regime",True,True,True,True,False,False,True,True,True,False,False,"rr1,rr2,regime",True,True,True,True,False,False,True,True,True,False,False,"rr1,rr2,regime",True,True,True,True,False,False,True,True,True,False,REJECT,2026-08-20,2026-08-20,1298.5,1299.699951171875,0.0009241056387176982,-0.0005758943612823018,2026-08-20,2026-08-24,1298.5,1327.0,0.021948402002310408,0.020448402002310406,2026-08-20,2026-08-26,1298.5,1341.0,0.03273007316134002,0.031230073161340022
2026-08-19,KOTAKBANK,UNFAVORABLE,24078.30078125,,11.319999694824219,390.25,50.04996325646075,-0.003262059717264898,0.015182583092268578,0.6763425855712176,-0.0023008920120871634,-0.000640204865556937,0.5548875999778656,0.7077922744430609,-0.00011582010579763859,0.002933981652956972,0.002752340096648931,0.01227200177544352,0.4,30,0.2875806162687874,381.3624954223633,390.25,391.39498634006645,0.0,0.12883102675947275,False,"er3,er5,rr1,rr2,regime",True,True,False,False,False,False,True,True,True,False,False,"er3,rr1,rr2,regime",True,True,False,True,False,False,True,True,True,False,False,"er3,rr1,rr2,regime",True,True,False,True,False,False,True,True,True,False,REJECT,2026-08-20,2026-08-20,393.6000061035156,397.3500061035156,0.009527438876649308,0.008027438876649308,2026-08-20,2026-08-24,393.6000061035156,401.45001220703125,0.019944120888684802,0.0184441208886848,2026-08-20,2026-08-26,393.6000061035156,416.70001220703125,0.05868903898705824,0.05718903898705824
2026-08-19,LT,UNFAVORABLE,24078.30078125,,11.319999694824219,4041.300048828125,55.13766216604573,0.008112208370868679,0.013303709592697227,0.7232934721754662,-0.0038698425368191014,0.005298519608986307,0.5908647323181717,0.6665589600826833,0.0029651848102610207,0.004786490507933632,0.0021693134906766165,0.007841781909055934,0.4,30,0.3107842305836717,3960.6536254882812,4053.283250346617,4060.6436931515523,0.14858937349267,0.2398574359821665,False,"rr1,rr2,regime",True,True,True,True,False,False,True,True,True,False,False,"rr1,rr2,regime",True,True,True,True,False,False,True,True,True,False,False,"rr1,rr2,regime",True,True,True,True,False,False,True,True,True,False,REJECT,2026-08-20,2026-08-20,4050.5,4081.0,0.007529934575978281,0.006029934575978281,2026-08-20,2026-08-24,4050.5,4090.0,0.009751882483644003,0.008251882483644004,2026-08-20,2026-08-26,4050.5,4038.10009765625,-0.003061326340883852,-0.004561326340883852
2026-08-19,M&M,UNFAVORABLE,24078.30078125,,11.319999694824219,3415.0,57.8380583478156,0.06278461439959804,0.020470601608254025,0.6387714323354897,-0.0038794879790848835,0.003349365970344298,0.45392701437566,0.5495591635773749,-0.002234321539101624,0.004279929734449799,-0.004893113548731287,0.004436364898508516,0.4,30,0.30632229034276254,3310.1393432617188,3415.0,3429.615960043146,0.0,0.13938459378168516,False,"p3,er3,rr1,rr2,regime",False,True,False,True,False,False,True,True,True,False,False,"p3,er3,rr1,rr2,regime",False,True,False,True,False,False,True,True,True,False,False,"p3,er3,rr1,rr2,regime",False,True,False,True,False,False,True,True,True,False,REJECT,2026-08-20,2026-08-20,3424.0,3424.800048828125,0.00023365912036354963,-0.0012663408796364504,2026-08-20,2026-08-24,3424.0,3414.10009765625,-0.0028913266190858655,-0.004391326619085865,2026-08-20,2026-08-26,3424.0,3398.199951171875,-0.007535060989522502,-0.009035060989522501
2026-08-19,MARUTI,UNFAVORABLE,24078.30078125,,11.319999694824219,13690.0,46.24512984021727,-0.0004983234431990002,0.01515395836538317,0.459819704161522,-0.010409136909064642,-0.013333333333333308,0.717126686669623,0.5474278943104494,0.006991725848009802,0.007278936247633445,0.003659303710867201,0.005734767052823053,0.4605418947296209,30,0.10464292579676687,13378.813464966857,13785.716726859255,13789.648637230102,0.3075863383647385,0.3202215584922059,False,"rr1,rr2,regime",True,True,True,True,False,False,True,True,True,False,False,"rr1,rr2,regime",True,True,True,True,False,False,True,True,True,False,False,"rr1,rr2,regime",True,True,True,True,False,False,True,True,True,False,REJECT,2026-08-20,2026-08-20,13758.0,13809.0,0.0037069341474051942,0.002206934147405194,2026-08-20,2026-08-24,13758.0,13620.0,-0.01003052769297863,-0.01153052769297863,2026-08-20,2026-08-26,13758.0,13520.0,-0.017299026021224018,-0.01879902602122402
2026-08-19,NESTLEIND,UNFAVORABLE,24078.30078125,,11.319999694824219,1465.0,45.19031829759866,0.009586892873416186,0.02251097382945819,0.7712203558328449,-0.022746965606886382,-0.02786994027869938,0.6718924809266357,0.7337031058089919,0.005174928986149181,0.012146722125644006,0.007239824199300582,0.015205602384608552,0.4298899007945647,30,0.39330333901530806,1415.5321350097656,1472.5812709647084,1482.7949479140684,0.15325648208599832,0.3597274294651968,False,"rr1,rr2,regime",True,True,True,True,False,False,True,True,True,False,False,"rr1,rr2,regime",True,True,True,True,False,False,True,True,True,False,False,"rr1,rr2,regime",True,True,True,True,False,False,True,True,True,False,REJECT,2026-08-20,2026-08-20,1482.0,1458.0,-0.01619433198380571,-0.01769433198380571,2026-08-20,2026-08-24,1482.0,1471.300048828125,-0.00721994006199389,-0.00871994006199389,2026-08-20,2026-08-26,1482.0,1451.5,-0.020580296896086425,-0.022080296896086427
2026-08-19,NTPC,UNFAVORABLE,24078.30078125,,11.319999694824219,336.54998779296875,39.08935071792757,-0.03646023220874439,0.01766878260915749,0.8126371761436121,-0.0101470947265625,-0.008543303313519268,0.7435071954103738,0.6120960611498079,0.006474933595411643,0.007471802429467534,0.0077228565261845405,0.00788725910578314,0.6007435647107322,30,0.26097350066379216,327.6303449358259,338.72912661546485,339.0646228093975,0.24430785597553936,0.28192104288290587,False,"rr1,rr2,trend,regime",True,True,True,True,False,False,True,False,True,False,False,"rr1,rr2,trend,regime",True,True,True,True,False,False,True,False,True,False,False,"rr1,rr2,trend,regime",True,True,True,True,False,False,True,False,True,False,REJECT,2026-08-20,2026-08-20,337.1000061035156,337.5,0.0011865733884370844,-0.00031342661156291566,2026-08-20,2026-08-24,337.1000061035156,339.5,0.007119530860368428,0.005619530860368429,2026-08-20,2026-08-26,337.1000061035156,334.6000061035156,-0.007416196839914346,-0.008916196839914346
2026-08-19,ONGC,UNFAVORABLE,24078.30078125,,11.319999694824219,238.0,41.44370108346685,-0.018725031654575175,0.016134452132903942,1.3491177572972948,0.006768215502646058,-0.004392399240130795,0.47832271346322125,0.4792028008942168,0.002071145224940233,0.0036344463618990653,-0.0021719550201779736,-0.0013766358971979975,0.4,30,0.3208834861499021,232.2400005885533,238.4929325635358,238.864998234132,0.08557857880266379,0.1501733198814246,False,"p3,p5,er5,rr1,rr2,regime",False,False,True,False,False,False,True,True,True,False,False,"p3,p5,rr1,rr2,regime",False,False,True,True,False,False,True,True,True,False,False,"p3,p5,rr1,rr2,regime",False,False,True,True,False,False,True,True,True,False,REJECT,2026-08-20,2026-08-20,239.24000549316406,238.5,-0.003093151129296423,-0.004593151129296423,2026-08-20,2026-08-24,239.24000549316406,236.5500030517578,-0.011243949087282212,-0.012743949087282212,2026-08-20,2026-08-26,239.24000549316406,232.2100067138672,-0.029384712497416143,-0.030884712497416145
2026-08-19,POWERGRID,UNFAVORABLE,24078.30078125,,11.319999694824219,263.5,29.38631785100918,-0.06687017640993631,0.01858230139964252,1.1031900586846775,-0.00958461909403685,-0.02208206323056161,0.6566525054609703,0.5650059600651169,0.008238657832390452,0.004078257148830544,0.007032128053483744,0.007372835690573676,0.4005866394769112,30,0.27634049539362315,256.15534537179127,265.6708863388349,264.57462075871683,0.29557364487870696,0.1463133139834132,False,"rr1,rr2,trend,regime",True,True,True,True,False,False,True,False,True,False,False,"rr1,rr2,trend,regime",True,True,True,True,False,False,True,False,True,False,False,"rr1,rr2,trend,regime",True,True,True,True,False,False,True,False,True,False,REJECT,2026-08-20,2026-08-20,264.0,264.79998779296875,0.003030256791548336,0.0015302567915483358,2026-08-20,2026-08-24,264.0,271.3999938964844,0.02803027991092577,0.02653027991092577,2026-08-20,2026-08-26,264.0,265.20001220703125,0.004545500784209233,0.003045500784209233
2026-08-19,RELIANCE,UNFAVORABLE,24078.30078125,,11.319999694824219,1311.0,50.60004645336745,0.00449763437175843,0.01641059568716288,0.6826175030046945,0.0007633587786259888,-0.013544018058690765,0.4119339007662334,0.39857555200401473,-0.007541316642455045,-0.009163710790220683,-0.00783814810653588,-0.008202386013081653,0.4,30,0.3356280689470375,1278.728563581194,1311.0,1311.0,0.0,0.0,False,"p3,p5,er3,er5,rr1,rr2,regime",False,False,False,False,False,False,True,True,True,False,False,"p3,p5,er3,er5,rr1,rr2,regime",False,False,False,False,False,False,True,True,True,False,False,"p3,p5,er3,er5,rr1,rr2,regime",False,False,False,False,False,False,True,True,True,False,REJECT,2026-08-20,2026-08-20,1315.5,1313.199951171875,-0.0017484217621627218,-0.003248421762162722,2026-08-20,2026-08-24,1315.5,1309.800048828125,-0.004332916132174125,-0.0058329161321741246,2026-08-20,2026-08-26,1315.5,1298.0,-0.013302926643861679,-0.014802926643861678
2026-08-19,SBILIFE,UNFAVORABLE,24078.30078125,,11.319999694824219,1780.4000244140625,36.07740556755742,-0.020319927757950107,0.01853917134389169,1.3138464803398842,-0.008133691134227017,-0.02710381179559429,0.5615904201154419,0.4325421230470274,0.0031016840981806138,0.004440393349780732,0.0020489441338902292,-0.0008234249284033712,0.4,30,0.3734395533965152,1730.8893127441406,1785.9222628581879,1788.3057008424203,0.111536236460123,0.15967608143189996,False,"p5,rr1,rr2,trend,regime",True,False,True,True,False,False,True,False,True,False,False,"p5,rr1,rr2,regime",True,False,True,True,False,False,True,True,True,False,False,"p5,rr1,rr2,regime",True,False,True,True,False,False,True,True,True,False,REJECT,2026-08-20,2026-08-20,1790.0,1782.0,-0.004469273743016755,-0.005969273743016755,2026-08-20,2026-08-24,1790.0,1761.800048828125,-0.015754162665851945,-0.017254162665851946,2026-08-20,2026-08-26,1790.0,1768.199951171875,-0.01217879822800283,-0.013678798228002829
2026-08-19,SBIN,UNFAVORABLE,24078.30078125,,11.319999694824219,1048.5999755859375,49.364237609096705,0.008772629792443754,0.020551216606259307,0.6790059188011931,-0.017888898060708813,-0.03086878411650873,0.5569329855919511,0.6633214263801275,0.004107821870899233,0.0088492658057827,0.0013707910525183609,0.01029681143467931,0.4,30,0.29427822589175706,1016.2749677385603,1052.9074374994739,1057.8793154938346,0.13325478322771325,0.2870638099056188,False,"rr1,rr2,regime",True,True,True,True,False,False,True,True,True,False,False,"rr1,rr2,regime",True,True,True,True,False,False,True,True,True,False,False,"rr1,rr2,regime",True,True,True,True,False,False,True,True,True,False,REJECT,2026-08-20,2026-08-20,1052.9000244140625,1048.0,-0.004653836357150221,-0.00615383635715022,2026-08-20,2026-08-24,1052.9000244140625,1039.5,-0.01272677756990237,-0.01422677756990237,2026-08-20,2026-08-26,1052.9000244140625,1052.0,-0.0008548051982080196,-0.0023548051982080196
2026-08-19,SHRIRAMFIN,UNFAVORABLE,24078.30078125,,11.319999694824219,1106.0,55.95878758781674,0.05572150065619508,0.023805232480403157,0.35559500207799977,-0.014260249554367221,-0.010025019388988476,0.5295362220304843,0.5861768727610149,0.0017475599378651884,0.00442285490801024,0.0036914329927869582,0.005562617434805794,0.4,30,0.3213806434097625,1066.507119315011,1107.9328012912788,1110.8916775282594,0.04894049909135757,0.12386226184099777,False,"p3,er3,rr1,rr2,regime",False,True,False,True,False,False,True,True,True,False,False,"p3,rr1,rr2,regime",False,True,True,True,False,False,True,True,True,False,False,"rr1,rr2,regime",True,True,True,True,False,False,True,True,True,False,REJECT,2026-08-20,2026-08-20,1118.9000244140625,1128.199951171875,0.008311669099017704,0.006811669099017705,2026-08-20,2026-08-24,1118.9000244140625,1119.0,8.935167017254386e-05,-0.0014106483298274562,2026-08-20,2026-08-26,1118.9000244140625,1117.5,-0.0012512506779107646,-0.0027512506779107646
2026-08-19,SUNPHARMA,UNFAVORABLE,24078.30078125,,11.319999694824219,1900.0,42.22470804349477,-0.00412309469536587,0.01842481111225329,0.6510935909738277,-0.015544041450777257,-0.02263374485596703,0.5002157497518441,0.40283200528997,-0.003921047159856093,-0.007051681296869573,0.0006961510526766745,-0.006368131314104908,0.4,30,0.33737608208553704,1847.4892883300781,1900.0,1900.0,0.0,0.0,False,"p3,p5,er3,er5,rr1,rr2,regime",False,False,False,False,False,False,True,True,True,False,False,"p3,p5,er3,er5,rr1,rr2,regime",False,False,False,False,False,False,True,True,True,False,False,"p3,p5,er3,er5,rr1,rr2,regime",False,False,False,False,False,False,True,True,True,False,REJECT,2026-08-20,2026-08-20,1905.0,1904.0,-0.0005249343832021136,-0.0020249343832021136,2026-08-20,2026-08-24,1905.0,1910.0,0.002624671916010568,0.001124671916010568,2026-08-20,2026-08-26,1905.0,1899.5,-0.002887139107611514,-0.004387139107611513
2026-08-19,TATACONSUM,UNFAVORABLE,24078.30078125,,11.319999694824219,1068.0,44.2801573683674,-0.027269249685775265,0.0201444671777814,0.8368828708253336,-0.010653080129689685,0.005744397255573519,0.6767987053525892,0.5962341678130617,0.006547725319868178,0.010662957743400706,0.005841608830044032,0.00830545986199005,0.4,30,0.35020980136504526,1035.7285635811943,1074.9929706416192,1079.388038869952,0.21669226466610403,0.35288292476859684,False,"rr1,rr2,trend,regime",True,True,True,True,False,False,True,False,True,False,False,"rr1,rr2,trend,regime",True,True,True,True,False,False,True,False,True,False,False,"rr1,rr2,regime",True,True,True,True,False,False,True,True,True,False,REJECT,2026-08-20,2026-08-20,1068.5999755859375,1056.300048828125,-0.011510319145448422,-0.013010319145448422,2026-08-20,2026-08-24,1068.5999755859375,1062.5,-0.005708380802266766,-0.0072083808022667655,2026-08-20,2026-08-26,1068.5999755859375,1047.0999755859375,-0.020119783353177656,-0.021619783353177657
2026-08-19,TATASTEEL,UNFAVORABLE,24078.30078125,,11.319999694824219,184.0,42.1325993400434,-0.027702042945641048,0.022076867381978477,0.7494963172218737,0.0027247956403269047,-0.011815236220727332,0.3516938177259967,0.37957752682430645,-0.004813045010583531,-0.01041254076210626,-0.005061383402953867,-0.007400832875963437,0.4,30,0.3329858064552383,177.90678460257394,184.0,184.0,0.0,0.0,False,"p3,p5,er3,er5,rr1,rr2,trend,regime",False,False,False,False,False,False,True,False,True,False,False,"p3,p5,er3,er5,rr1,rr2,trend,regime",False,False,False,False,False,False,True,False,True,False,False,"p3,p5,er3,er5,rr1,rr2,regime",False,False,False,False,False,False,True,True,True,False,REJECT,2026-08-20,2026-08-20,185.0,183.5,-0.008108108108108136,-0.009608108108108136,2026-08-20,2026-08-24,185.0,186.3000030517578,0.007027043523015308,0.005527043523015309,2026-08-20,2026-08-26,185.0,188.00999450683594,0.01627024057749149,0.01477024057749149
2026-08-19,TCS,UNFAVORABLE,24078.30078125,,11.319999694824219,2289.0,46.94819248929989,0.029316061084607048,0.028549566687340076,0.9214057942094664,-0.030495552731893305,-0.025833064830938057,0.44355712979520856,0.47938180374680284,-0.013483422517937344,-0.018346135794609444,-0.0044033895610122165,-0.00788999037081517,0.4,30,0.7058096094498038,2190.9750627790177,2289.0,2289.0,0.0,0.0,False,"p3,p5,er3,er5,rr1,rr2,regime",False,False,False,False,False,False,True,True,True,False,False,"p3,p5,er3,er5,rr1,rr2,regime",False,False,False,False,False,False,True,True,True,False,False,"p3,p5,er3,er5,rr1,rr2,regime",False,False,False,False,False,False,True,True,True,False,REJECT,2026-08-20,2026-08-20,2319.39990234375,2298.0,-0.00922648238543311,-0.01072648238543311,2026-08-20,2026-08-24,2319.39990234375,2284.10009765625,-0.015219369739487232,-0.016719369739487233,2026-08-20,2026-08-26,2319.39990234375,2270.0,-0.02129857050258188,-0.022798570502581883
2026-08-19,TECHM,UNFAVORABLE,24078.30078125,,11.319999694824219,1589.800048828125,50.283320730856694,0.050768524857195185,0.021682874882463753,0.5996857134356848,-0.02633512905077473,-0.021661508413461483,0.2772858903700069,0.2427423015567307,-0.010049591496002347,-0.008856122827450958,-0.010058616457511105,-0.015500249534730282,0.41442328261734135,30,0.23122808483987775,1538.0928955078125,1589.800048828125,1589.800048828125,0.0,0.0,False,"p3,p5,er3,er5,rr1,rr2,regime",False,False,False,False,False,False,True,True,True,False,False,"p3,p5,er3,er5,rr1,rr2,regime",False,False,False,False,False,False,True,True,True,False,False,"p3,p5,er3,er5,rr1,rr2,regime",False,False,False,False,False,False,True,True,True,False,REJECT,2026-08-20,2026-08-20,1601.5999755859375,1592.0999755859375,-0.005931568521986619,-0.007431568521986618,2026-08-20,2026-08-24,1601.5999755859375,1584.0,-0.010988995912976751,-0.01248899591297675,2026-08-20,2026-08-26,1601.5999755859375,1571.0,-0.019105879153589966,-0.020605879153589968
2026-08-19,TITAN,UNFAVORABLE,24078.30078125,,11.319999694824219,5068.0,67.9760557983993,0.09146521820069364,0.019490647065974177,0.4359061776974651,0.002333729724238287,-0.0060796234555795525,0.45416773864617993,0.3898544259485554,-0.005632765259145708,-0.012492347140744252,-0.0037452356772256223,-0.004117146873996336,0.4,30,0.2613051520135562,4919.832101004465,5068.0,5068.0,0.0,0.0,False,"p3,p5,er3,er5,rr1,rr2,regime",False,False,False,False,False,False,True,True,True,False,False,"p3,p5,er3,er5,rr1,rr2,regime",False,False,False,False,False,False,True,True,True,False,False,"p3,p5,er3,er5,rr1,rr2,regime",False,False,False,False,False,False,True,True,True,False,REJECT,2026-08-20,2026-08-20,5084.89990234375,5068.0,-0.003323546710518377,-0.0048235467105183765,2026-08-20,2026-08-24,5084.89990234375,5079.0,-0.0011602789547598968,-0.002660278954759897,2026-08-20,2026-08-26,5084.89990234375,5100.0,0.0029695958516882115,0.0014695958516882115
2026-08-19,TRENT,UNFAVORABLE,24078.30078125,,11.319999694824219,2953.0,45.31824512027107,-0.023144822169207768,0.022862946910451237,0.4450847580418135,-0.008394895903290789,-0.011382658185470351,0.5443019561853971,0.6709041830958804,0.012927164622694476,0.02172916517635976,0.007401547723881907,0.020056691872491483,0.4,30,0.32226687338983245,2851.7285766601562,2991.173917130817,3017.1662247657905,0.37694658445466744,0.6336064276539624,False,"rr1,rr2,trend,regime",True,True,True,True,False,False,True,False,True,False,False,"rr1,rr2,regime",True,True,True,True,False,False,True,True,True,False,False,"rr1,rr2,regime",True,True,True,True,False,False,True,True,True,False,REJECT,2026-08-20,2026-08-20,2960.0,2970.0,0.0033783783783782884,0.0018783783783782883,2026-08-20,2026-08-24,2960.0,2905.0,-0.01858108108108103,-0.02008108108108103,2026-08-20,2026-08-26,2960.0,2908.199951171875,-0.017500016495988202,-0.019000016495988203
2026-08-19,ULTRACEMCO,UNFAVORABLE,24078.30078125,,11.319999694824219,11450.0,41.31844616520968,-0.0042312342145346404,0.017461010605115408,1.0148982394161903,-0.014545141578449106,-0.0370868724245228,0.4279070364819897,0.5712005146736374,-0.0026139464992487563,8.091322284942538e-05,-0.0027726170611052647,0.0037341571066985546,0.4,30,0.488612680553817,11150.107142857143,11450.0,11450.926456401627,0.0,0.0030892913237520396,False,"p3,er3,er5,rr1,rr2,regime",False,True,False,False,False,False,True,True,True,False,False,"p3,er3,er5,rr1,rr2,regime",False,True,False,False,False,False,True,True,True,False,False,"p3,er3,er5,rr1,rr2,regime",False,True,False,False,False,False,True,True,True,False,REJECT,2026-08-20,2026-08-20,11500.0,11575.0,0.006521739130434856,0.005021739130434856,2026-08-20,2026-08-24,11500.0,11504.0,0.0003478260869564931,-0.001152173913043507,2026-08-20,2026-08-26,11500.0,11717.0,0.01886956521739136,0.01736956521739136
2026-08-19,WIPRO,UNFAVORABLE,24078.30078125,,11.319999694824219,179.5500030517578,46.170919610463656,0.009774442094636848,0.01858215992456281,0.44997680945504426,-0.024184766023055415,-0.02386647456442681,0.3859980439484089,0.4844702702423935,-0.0020523889606807403,-0.002882255796360782,-0.008020457804037762,0.0001815182184705666,0.4,30,0.2979930348045423,174.54536274501257,179.5500030517578,179.5500030517578,0.0,0.0,False,"p3,p5,er3,er5,rr1,rr2,regime",False,False,False,False,False,False,True,True,True,False,False,"p3,p5,er3,er5,rr1,rr2,regime",False,False,False,False,False,False,True,True,True,False,False,"p3,p5,er3,er5,rr1,rr2,regime",False,False,False,False,False,False,True,True,True,False,REJECT,2026-08-20,2026-08-20,181.55999755859375,181.0,-0.00308436641398957,-0.0045843664139895695,2026-08-20,2026-08-24,181.55999755859375,181.30999755859375,-0.001376955295008253,-0.002876955295008253,2026-08-20,2026-08-26,181.55999755859375,177.35000610351562,-0.02318788010403816,-0.024687880104038162
2026-08-19,APOLLOTYRE,UNFAVORABLE,24078.30078125,,11.319999694824219,427.3500061035156,42.810532047867035,-0.007534368817959658,0.022113024857678746,2.6115008123638823,-0.037716729947748995,-0.03998649452325498,0.5629953833209235,0.6075608647195134,0.0013772810156532644,0.0025431978426118168,0.003081563137125709,0.009569353228031208,0.4,30,0.6485448888264244,413.1750041416713,427.93858715396124,428.4368417170782,0.04152246694779513,0.0766726958125356,False,"er3,er5,rr1,rr2,regime",True,True,False,False,False,False,True,True,True,False,False,"rr1,rr2,regime",True,True,True,True,False,False,True,True,True,False,False,"rr1,rr2,regime",True,True,True,True,False,False,True,True,True,False,REJECT,2026-08-20,2026-08-20,430.0,429.29998779296875,-0.001627935365188904,-0.003127935365188904,2026-08-20,2026-08-24,430.0,445.8500061035156,0.036860479310501404,0.0353604793105014,2026-08-20,2026-08-26,430.0,443.04998779296875,0.030348808820857665,0.028848808820857663
2026-08-19,AUROPHARMA,UNFAVORABLE,24078.30078125,,11.319999694824219,1624.5,54.86559756906059,0.04155046188728995,0.023959026798767755,0.7776395507721066,0.001479578601926601,-0.025494901019796012,0.57530228775704,0.6056470226830927,0.00741376253023782,0.011539576101550951,0.0036315915389502074,0.00469042806365616,0.4,30,0.2727241128152444,1566.1178414481026,1636.5436572303713,1643.2460413769693,0.20629002984987937,0.32109195415077785,False,"rr1,rr2,regime",True,True,True,True,False,False,True,True,True,False,False,"rr1,rr2,regime",True,True,True,True,False,False,True,True,True,False,False,"rr1,rr2,regime",True,True,True,True,False,False,True,True,True,False,REJECT,2026-08-20,2026-08-20,1631.0,1608.0,-0.014101778050275904,-0.015601778050275903,2026-08-20,2026-08-24,1631.0,1608.0,-0.014101778050275904,-0.015601778050275903,2026-08-20,2026-08-26,1631.0,1623.0,-0.004904966278356793,-0.006404966278356792
2026-08-19,BOSCHLTD,UNFAVORABLE,24078.30078125,,11.319999694824219,48460.0,79.50804547222296,0.16308966174776351,0.024484752030445808,1.1118879650625682,0.028874734607218677,0.04259896729776247,0.4972454289234031,0.6330296589590071,0.001430266042177033,0.004699982093913003,0.00142067443667937,0.007571418964510301,0.4,30,0.4293420654600387,46680.203374906894,48529.310692403895,48687.76113227103,0.038943040697286956,0.1279703136076653,False,"p3,er3,rr1,rr2,rsi,regime",False,True,False,True,False,False,True,True,False,False,False,"p3,rr1,rr2,rsi,regime",False,True,True,True,False,False,True,True,False,False,False,"p3,rr1,rr2,regime",False,True,True,True,False,False,True,True,True,False,REJECT,2026-08-20,2026-08-20,48545.0,48750.0,0.004222885982078539,0.002722885982078539,2026-08-20,2026-08-24,48545.0,48100.0,-0.009166752497682618,-0.010666752497682617,2026-08-20,2026-08-26,48545.0,48895.0,0.007209805335256059,0.005709805335256059
2026-08-19,SAIL,UNFAVORABLE,24078.30078125,,11.319999694824219,172.75,52.91970379707572,0.012791365769823093,0.03635723688939103,0.6211244315052669,0.019113949608637437,-0.007183908045977017,0.4149037163690294,0.4385103265605906,-0.007669221389096404,-0.004660790294250618,-0.008040269930753408,-0.007580858581911543,0.4,30,0.2537296128342664,164.11249999999998,172.75,172.75,0.0,0.0,False,"p3,p5,er3,er5,rr1,rr2,regime",False,False,False,False,False,False,True,True,True,False,False,"p3,p5,er3,er5,rr1,rr2,regime",False,False,False,False,False,False,True,True,True,False,False,"p3,p5,er3,er5,rr1,rr2,regime",False,False,False,False,False,False,True,True,True,False,REJECT,2026-08-20,2026-08-20,174.10000610351562,174.89999389648438,0.00459499003402164,0.00309499003402164,2026-08-20,2026-08-24,174.10000610351562,179.64999389648438,0.03187815966915508,0.03037815966915508,2026-08-20,2026-08-26,174.10000610351562,194.89999389648438,0.1194714937608996,0.1179714937608996
2026-08-19,DLF,UNFAVORABLE,24078.30078125,,11.319999694824219,669.9000244140625,57.079030621520054,0.04313789413025737,0.02461988751351141,0.8699851381786996,0.007368457765507541,0.012315866133830733,0.32151051171819633,0.31387254610487064,-0.008285383846002636,-0.010798923986803082,-0.010776536708228202,-0.0202088391057072,0.4,30,0.44027991832155167,645.1607295445033,669.9000244140625,669.9000244140625,0.0,0.0,False,"p3,p5,er3,er5,rr1,rr2,regime",False,False,False,False,False,False,True,True,True,False,False,"p3,p5,er3,er5,rr1,rr2,regime",False,False,False,False,False,False,True,True,True,False,False,"p3,p5,er3,er5,rr1,rr2,regime",False,False,False,False,False,False,True,True,True,False,REJECT,2026-08-20,2026-08-20,674.0,676.1500244140625,0.0031899472018730446,0.0016899472018730446,2026-08-20,2026-08-24,674.0,689.0,0.022255192878338326,0.020755192878338324,2026-08-20,2026-08-26,674.0,672.5,-0.002225519287833877,-0.003725519287833877
2026-08-19,NAUKRI,UNFAVORABLE,24078.30078125,,11.319999694824219,1378.4000244140625,72.71072426476347,0.19627867312152802,0.0301281185394714,0.37777008356947994,0.02635891616832642,0.02942496222110713,0.5598818489562316,0.4746854129506736,-0.0002595231691997667,0.0016982517515007436,0.0018286022470695995,-0.0033296913745566314,0.4,30,0.6833045878885978,1316.1071254185267,1378.4000244140625,1380.7408946697924,0.0,0.03757844462974271,False,"p5,er3,er5,rr1,rr2,regime",True,False,False,False,False,False,True,True,True,False,False,"p5,er3,er5,rr1,rr2,regime",True,False,False,False,False,False,True,True,True,False,False,"p5,er3,rr1,rr2,regime",True,False,False,True,False,False,True,True,True,False,REJECT,2026-08-20,2026-08-20,1385.300048828125,1360.9000244140625,-0.01761353032124946,-0.01911353032124946,2026-08-20,2026-08-24,1385.300048828125,1349.0,-0.02620374471135878,-0.02770374471135878,2026-08-20,2026-08-26,1385.300048828125,1323.5,-0.04461130921088463,-0.04611130921088463
2026-08-20,ADANIENT,UNFAVORABLE,24231.849609375,,10.760000228881836,2994.89990234375,45.14858341869893,-0.020085194452743704,0.019635763552179074,0.6917557151577807,-0.004123348612722233,0.010118385439011002,0.1370521982739629,0.1511628888023711,-0.01724303444472083,-0.02426235590457229,-0.013179811090107074,-0.021028363172187592,0.49202227100758056,30,0.2199654503494607,2906.6891828264506,2994.89990234375,2994.89990234375,0.0,0.0,False,"p3,p5,er3,er5,rr1,rr2,trend,regime",False,False,False,False,False,False,True,False,True,False,False,"p3,p5,er3,er5,rr1,rr2,regime",False,False,False,False,False,False,True,True,True,False,False,"p3,p5,er3,er5,rr1,rr2,regime",False,False,False,False,False,False,True,True,True,False,REJECT,2026-08-21,2026-08-21,2995.0,2997.0,0.0006677796327212437,-0.0008322203672787563,2026-08-21,2026-08-25,2995.0,3110.0,0.038397328881469184,0.03689732888146918,2026-08-21,2026-08-27,2995.0,3169.0,0.05809682804674465,0.05659682804674465
2026-08-20,ADANIPORTS,UNFAVORABLE,24231.849609375,,10.760000228881836,1696.0,43.35767918920186,-0.043959808393020716,0.015540768194070081,0.7330766464267715,0.002956830277942135,0.022919179734619988,0.32396794648079985,0.4202229016261375,-0.003865443401220225,-2.902286092984962e-06,-0.005325548107105893,-0.007343853149815782,0.4,30,0.31206582496337426,1656.4642857142858,1696.0,1696.0,0.0,0.0,False,"p3,p5,er3,er5,rr1,rr2,trend,regime",False,False,False,False,False,False,True,False,True,False,False,"p3,p5,er3,er5,rr1,rr2,trend,regime",False,False,False,False,False,False,True,False,True,False,False,"p3,p5,er3,er5,rr1,rr2,trend,regime",False,False,False,False,False,False,True,False,True,False,REJECT,2026-08-21,2026-08-21,1697.199951171875,1700.0,0.001649804919091391,0.000149804919091391,2026-08-21,2026-08-25,1697.199951171875,1702.699951171875,0.003240631721797005,0.0017406317217970048,2026-08-21,2026-08-27,1697.199951171875,1714.0,0.009898685665483908,0.008398685665483909
2026-08-20,APOLLOHOSP,UNFAVORABLE,24231.849609375,,10.760000228881836,8735.0,46.9846259434823,-0.002063953149451736,0.022935414298995118,0.7013961790232726,-0.010254376522576658,0.016880093131548257,0.519474353178378,0.41497788613645864,0.0020660475241638765,0.00162394494924282,0.004242778666812441,-0.00142874896419376,0.4,30,0.38407334877526966,8434.488734147417,8753.046925123572,8749.185159131635,0.060054071757911276,0.04720341878495148,False,"p3,p5,er5,rr1,rr2,regime",False,False,True,False,False,False,True,True,True,False,False,"p3,p5,er5,rr1,rr2,regime",False,False,True,False,False,False,True,True,True,False,False,"p3,p5,rr1,rr2,regime",False,False,True,True,False,False,True,True,True,False,REJECT,2026-08-21,2026-08-21,8727.0,8693.0,-0.0038959550819296362,-0.005395955081929636,2026-08-21,2026-08-25,8727.0,8889.0,0.01856308009625307,0.01706308009625307,2026-08-21,2026-08-27,8727.0,8800.0,0.008364844734731314,0.006864844734731314
2026-08-20,ASIANPAINT,UNFAVORABLE,24231.849609375,,10.760000228881836,2625.199951171875,36.38662457743162,-0.028257359926240788,0.018695170607287794,0.4650184156707264,-0.02318141351744185,-0.047287261414670656,0.48236557891210025,0.396379464743923,0.004106146716083384,-0.0011703959904743422,-0.000653921114488254,-0.007011439233919059,0.4,30,0.334867199911774,2551.5821097237726,2635.979407330442,2625.199951171875,0.14642450724619602,0.0,False,"p3,p5,er5,rr1,rr2,trend,regime",False,False,True,False,False,False,True,False,True,False,False,"p3,p5,er5,rr1,rr2,trend,regime",False,False,True,False,False,False,True,False,True,False,False,"p3,p5,er5,rr1,rr2,regime",False,False,True,False,False,False,True,True,True,False,REJECT,2026-08-21,2026-08-21,2620.199951171875,2640.0,0.007556693839059658,0.006056693839059659,2026-08-21,2026-08-25,2620.199951171875,2639.800048828125,0.0074803824217628545,0.005980382421762855,2026-08-21,2026-08-27,2620.199951171875,2631.0,0.004121841473699206,0.002621841473699206
2026-08-20,AXISBANK,UNFAVORABLE,24231.849609375,,10.760000228881836,1251.0,49.304572121865206,-0.033290487937918445,0.01643257798894813,0.7195764320977137,0.01931064143157557,0.02389912424695173,0.5009600477307878,0.4981775221391377,0.00751723485992841,0.0055747841596466025,0.0015361927525048835,0.0018050132846935685,0.4,30,0.36814261064582976,1220.164267403739,1260.4040608097705,1257.974054983718,0.3049728356676294,0.22616796802043634,False,"p3,p5,rr1,rr2,trend,regime",False,False,True,True,False,False,True,False,True,False,False,"p3,p5,rr1,rr2,trend,regime",False,False,True,True,False,False,True,False,True,False,False,"p3,p5,rr1,rr2,trend,regime",False,False,True,True,False,False,True,False,True,False,REJECT,2026-08-21,2026-08-21,1250.5999755859375,1245.800048828125,-0.0038380991935998976,-0.005338099193599897,2026-08-21,2026-08-25,1250.5999755859375,1235.0,-0.012473993195648791,-0.013973993195648791,2026-08-21,2026-08-27,1250.5999755859375,1256.0,0.0043179470010243914,0.0028179470010243914
2026-08-20,BAJAJ-AUTO,UNFAVORABLE,24231.849609375,,10.760000228881836,11793.0,67.28751338936485,0.10057581215644928,0.017334738525275284,0.5665164643157461,0.011146360284660872,0.01131978389503474,0.37286872514269187,0.36777736430513697,0.0002542565245870113,-0.0015793889370562914,-0.0034517130961334574,-0.007940843602910919,0.4,30,0.5052842836935456,11486.357142857143,11795.998447194455,11793.0,0.009778304384434,0.0,False,"p3,p5,er3,er5,rr1,rr2,regime",False,False,False,False,False,False,True,True,True,False,False,"p3,p5,er3,er5,rr1,rr2,regime",False,False,False,False,False,False,True,True,True,False,False,"p3,p5,er5,rr1,rr2,regime",False,False,True,False,False,False,True,True,True,False,REJECT,2026-08-21,2026-08-21,11790.0,11700.0,-0.007633587786259555,-0.009133587786259554,2026-08-21,2026-08-25,11790.0,11927.0,0.011620016963528323,0.010120016963528324,2026-08-21,2026-08-27,11790.0,11720.0,-0.00593723494486853,-0.00743723494486853
2026-08-20,BAJFINANCE,UNFAVORABLE,24231.849609375,,10.760000228881836,1095.0,55.12827424432947,0.05460647489959314,0.021722121465773812,0.7444278419739744,0.005232673199645044,0.0038503401025578032,0.6267122902857354,0.628321544024775,0.005724591646455938,0.012456043798803653,0.004910681222500934,0.006151490479105459,0.4,30,0.8089881291265294,1059.3214154924665,1101.2684278528693,1108.6393679596902,0.17569160714729962,0.38228444732190026,False,"rr1,rr2,regime",True,True,True,True,False,False,True,True,True,False,False,"rr1,rr2,regime",True,True,True,True,False,False,True,True,True,False,False,"rr1,rr2,regime",True,True,True,True,False,False,True,True,True,False,REJECT,2026-08-21,2026-08-21,1105.4000244140625,1095.0,-0.009408380843464514,-0.010908380843464514,2026-08-21,2026-08-25,1105.4000244140625,1087.4000244140625,-0.016283697849148515,-0.017783697849148516,2026-08-21,2026-08-27,1105.4000244140625,1083.0,-0.0202641794095636,-0.0217641794095636
2026-08-20,BAJAJFINSV,UNFAVORABLE,24231.849609375,,10.760000228881836,2016.0,58.53122426630611,0.06281389627532197,0.019033444981996703,0.30134116025527435,0.005486284289276888,-0.004444444444444473,0.41314869297094636,0.37705286915115926,-0.002942895429407706,0.00019013839319942372,-0.00654074939128424,-0.008346218218960422,0.4,30,0.5534055756659085,1958.4428623744418,2016.0,2016.38331900069,0.0,0.006659799574881834,False,"p3,p5,er3,er5,rr1,rr2,regime",False,False,False,False,False,False,True,True,True,False,False,"p3,p5,er3,er5,rr1,rr2,regime",False,False,False,False,False,False,True,True,True,False,False,"p3,p5,er3,er5,rr1,rr2,regime",False,False,False,False,False,False,True,True,True,False,REJECT,2026-08-21,2026-08-21,2009.0,2032.5,0.011697361871577883,0.010197361871577883,2026-08-21,2026-08-25,2009.0,2004.0,-0.002488800398208091,-0.0039888003982080904,2026-08-21,2026-08-27,2009.0,2011.0,0.0009955201592832807,-0.0005044798407167193
2026-08-20,BEL,UNFAVORABLE,24231.849609375,,10.760000228881836,409.3999938964844,55.831591975248664,0.0037064346949895466,0.01538470819244357,0.5314689627934677,-0.007394879913389163,-0.0026796738209881044,0.5148960669416951,0.5556382516450299,0.0041668297861282445,0.0030577911087191377,-0.0007692683330675631,0.0049269567948603266,0.4,30,0.32357239300728724,399.95224473635596,411.1058939854929,410.6518535577307,0.18056153482649737,0.1325034820494021,False,"p3,er5,rr1,rr2,regime",False,True,True,False,False,False,True,True,True,False,False,"p3,rr1,rr2,regime",False,True,True,True,False,False,True,True,True,False,False,"p3,rr1,rr2,regime",False,True,True,True,False,False,True,True,True,False,REJECT,2026-08-21,2026-08-21,413.45001220703125,414.0,0.0013302401178629797,-0.00016975988213702034,2026-08-21,2026-08-25,413.45001220703125,413.25,-0.00048376394032145775,-0.001983763940321458,2026-08-21,2026-08-27,413.45001220703125,411.0,-0.005925776114875103,-0.007425776114875103
2026-08-20,BHARTIARTL,UNFAVORABLE,24231.849609375,,10.760000228881836,1941.699951171875,51.96829022277261,0.021122295483697817,0.02039817434919886,0.646652324644209,-0.01401518152232517,0.0013408156457492826,0.58639984523362,0.6182390495769148,0.006780302025365372,0.008720912670375102,0.006990569233331856,0.00916713520622614,0.4,30,0.2259553620713494,1882.2892499651227,1954.8652632834576,1958.6333468781165,0.22159832899070864,0.2850226535336193,False,"rr1,rr2,regime",True,True,True,True,False,False,True,True,True,False,False,"rr1,rr2,regime",True,True,True,True,False,False,True,True,True,False,False,"rr1,rr2,regime",True,True,True,True,False,False,True,True,True,False,REJECT,2026-08-21,2026-08-21,1950.0,1946.0,-0.002051282051282022,-0.003551282051282022,2026-08-21,2026-08-25,1950.0,1947.0,-0.0015384615384614886,-0.0030384615384614886,2026-08-21,2026-08-27,1950.0,1878.300048828125,-0.03676920572916664,-0.038269205729166644
2026-08-20,BPCL,UNFAVORABLE,24231.849609375,,10.760000228881836,308.70001220703125,42.92744371807418,-0.014024638696237601,0.020338766711406196,1.0010230740132375,-0.02510652721519413,-0.019999961247519793,0.6633153376894738,0.7266792285177149,0.010102698617023098,0.020178518158083726,0.013135617443518988,0.02141021338714033,0.4,30,0.2487886946982365,299.2821459089007,311.81871539343024,314.9291210087515,0.3311475325380286,0.6614140193258785,False,"rr1,rr2,regime",True,True,True,True,False,False,True,True,True,False,False,"rr1,rr2,regime",True,True,True,True,False,False,True,True,True,False,False,"rr1,rr2,regime",True,True,True,True,False,False,True,True,True,False,REJECT,2026-08-21,2026-08-21,308.70001220703125,311.0,0.007450559449366789,0.00595055944936679,2026-08-21,2026-08-25,308.70001220703125,318.1000061035156,0.030450254372456076,0.028950254372456075,2026-08-21,2026-08-27,308.70001220703125,318.0,0.030126295514143475,0.028626295514143474
2026-08-20,BRITANNIA,UNFAVORABLE,24231.849609375,,10.760000228881836,5548.0,57.37228072169596,0.04204399856841934,0.019794778040992892,0.5971566385892438,0.004890418402463403,-0.011932324131789795,0.42253489515195963,0.38758992012880994,-0.0041325690757773375,-0.002353265142911046,-0.0014994948820299947,-0.0029412478992768,0.4,30,0.2609081898457581,5383.267857142857,5548.0,5548.0,0.0,0.0,False,"p3,p5,er3,er5,rr1,rr2,regime",False,False,False,False,False,False,True,True,True,False,False,"p3,p5,er3,er5,rr1,rr2,regime",False,False,False,False,False,False,True,True,True,False,False,"p3,p5,er3,er5,rr1,rr2,regime",False,False,False,False,False,False,True,True,True,False,REJECT,2026-08-21,2026-08-21,5527.5,5365.0,-0.029398462234283107,-0.03089846223428311,2026-08-21,2026-08-25,5527.5,5382.5,-0.026232473993668015,-0.027732473993668016,2026-08-21,2026-08-27,5527.5,5298.0,-0.041519674355495306,-0.04301967435549531
2026-08-20,CIPLA,UNFAVORABLE,24231.849609375,,10.760000228881836,1438.0,47.89004699316981,0.0018574063823719733,0.013312145940309581,0.3199730863029266,0.00454069158225634,-0.014258327482806199,0.5641314724956286,0.52736009135896,0.0035537600033195243,0.0034680416474689056,0.002161387672821702,0.0019914260776626724,0.424956806926758,30,0.3830748061919483,1409.2857012067523,1443.1103068847735,1442.9870438890603,0.17797080547114882,0.17367806628218901,False,"p5,er5,rr1,rr2,regime",True,False,True,False,False,False,True,True,True,False,False,"rr1,rr2,regime",True,True,True,True,False,False,True,True,True,False,False,"rr1,rr2,regime",True,True,True,True,False,False,True,True,True,False,REJECT,2026-08-21,2026-08-21,1433.4000244140625,1432.199951171875,-0.0008372214467332606,-0.0023372214467332606,2026-08-21,2026-08-25,1433.4000244140625,1422.0,-0.00795313535642117,-0.00945313535642117,2026-08-21,2026-08-27,1433.4000244140625,1420.0,-0.009348419272938169,-0.010848419272938168
2026-08-20,COALINDIA,UNFAVORABLE,24231.849609375,,10.760000228881836,402.5,33.546335187494066,-0.04905026632305831,0.012590962420973824,0.7197552285144899,-0.014567295946157022,-0.01948842874543244,0.4221612562921042,0.2863038497179819,-0.005374862911441019,-0.007037071528313961,-0.00321989013108942,-0.004134091713181964,0.4260230948386964,30,0.3299502194821174,394.89820643833707,402.5,402.5,0.0,0.0,False,"p3,p5,er3,er5,rr1,rr2,trend,regime",False,False,False,False,False,False,True,False,True,False,False,"p3,p5,er3,er5,rr1,rr2,trend,regime",False,False,False,False,False,False,True,False,True,False,False,"p3,p5,er3,er5,rr1,rr2,trend,regime",False,False,False,False,False,False,True,False,True,False,REJECT,2026-08-21,2026-08-21,402.54998779296875,405.20001220703125,0.006583094011731516,0.005083094011731517,2026-08-21,2026-08-25,402.54998779296875,404.0,0.003602067447526558,0.002102067447526558,2026-08-21,2026-08-27,402.54998779296875,400.0,-0.006334586685617261,-0.00783458668561726
2026-08-20,DRREDDY,UNFAVORABLE,24231.849609375,,10.760000228881836,1180.0,44.70545848043698,-0.04581333048100755,0.018698563471833383,0.5504907387942914,-0.010067114093959773,-0.021558872305140975,0.7423925681215295,0.8078888242687481,0.013709349464437966,0.024255809740863634,0.018082001147757598,0.03245351328685353,0.4395258517917439,30,0.37102634771754495,1146.9035426548548,1196.1770323680369,1208.621855494219,0.48878440974317255,0.8648011838770876,False,"rr1,rr2,trend,regime",True,True,True,True,False,False,True,False,True,False,False,"rr1,rr2,trend,regime",True,True,True,True,False,False,True,False,True,False,False,"rr1,rr2,trend,regime",True,True,True,True,False,False,True,False,True,False,REJECT,2026-08-21,2026-08-21,1179.0,1174.699951171875,-0.0036472000238549906,-0.00514720002385499,2026-08-21,2026-08-25,1179.0,1193.5,0.012298558100084733,0.010798558100084734,2026-08-21,2026-08-27,1179.0,1177.0,-0.0016963528413910245,-0.0031963528413910245
2026-08-20,EICHERMOT,UNFAVORABLE,24231.849609375,,10.760000228881836,8042.0,63.22014223216629,0.056946209342533916,0.015969730344264042,0.6557663349225782,-0.0009937888198757738,-0.007160493827160441,0.6241185164892931,0.5945862032534928,0.008684257167351859,0.005842482641942213,0.009227967762795553,0.011769775212883471,0.4,30,0.4173001734205342,7849.357142857142,8111.838796139843,8088.9852454065,0.3625299020978119,0.243898196400075,False,"rr1,rr2,regime",True,True,True,True,False,False,True,True,True,False,False,"rr1,rr2,regime",True,True,True,True,False,False,True,True,True,False,False,"rr1,rr2,regime",True,True,True,True,False,False,True,True,True,False,REJECT,2026-08-21,2026-08-21,8095.0,8010.0,-0.01050030883261277,-0.01200030883261277,2026-08-21,2026-08-25,8095.0,8055.0,-0.004941321803582421,-0.006441321803582421,2026-08-21,2026-08-27,8095.0,8100.0,0.0006176652254477055,-0.0008823347745522945
2026-08-20,ETERNAL,UNFAVORABLE,24231.849609375,,10.760000228881836,327.95001220703125,69.50732298112905,0.13516398851127964,0.021704103679228804,1.2467052104138363,0.031289346562991316,0.031289346562991316,0.5175555763649299,0.5835264570884914,0.00014497731947006706,0.005769306460541068,0.0035727441325659193,0.006167675558647612,0.4,30,0.3392659742220994,317.27322060721264,327.9975575207212,329.8420563311918,0.004453146176494977,0.17721092581714537,False,"p3,er3,rr1,rr2,regime",False,True,False,True,False,False,True,True,True,False,False,"p3,er3,rr1,rr2,regime",False,True,False,True,False,False,True,True,True,False,False,"p3,rr1,rr2,regime",False,True,True,True,False,False,True,True,True,False,REJECT,2026-08-21,2026-08-21,330.0,328.0,-0.0060606060606061,-0.007560606060606099,2026-08-21,2026-08-25,330.0,331.0,0.003030303030302939,0.0015303030303029388,2026-08-21,2026-08-27,330.0,328.5,-0.004545454545454519,-0.006045454545454519
2026-08-20,GRASIM,UNFAVORABLE,24231.849609375,,10.760000228881836,3300.0,59.01331898338344,0.0421510083164125,0.028545755989550156,1.3635951548728094,0.015228426395939021,0.013202333435677005,0.7016999472015035,0.6359251304517283,0.012122023777092051,0.01666296425004567,0.005393187194419058,0.012541674028896388,0.4001865176856521,30,0.5139036248559546,3158.6985078517264,3340.0026784644037,3354.987782025151,0.28310159968040005,0.38915216809918657,False,"rr1,rr2,regime",True,True,True,True,False,False,True,True,True,False,False,"rr1,rr2,regime",True,True,True,True,False,False,True,True,True,False,False,"rr1,rr2,regime",True,True,True,True,False,False,True,True,True,False,REJECT,2026-08-21,2026-08-21,3280.0,3308.0,0.008536585365853666,0.0070365853658536665,2026-08-21,2026-08-25,3280.0,3289.60009765625,0.0029268590415396645,0.0014268590415396644,2026-08-21,2026-08-27,3280.0,3258.0,-0.006707317073170738,-0.008207317073170737
2026-08-20,HCLTECH,UNFAVORABLE,24231.849609375,,10.760000228881836,1318.4000244140625,54.048152283892634,0.08070455045249081,0.022326857884844845,0.5972883507052295,-0.004981113649764168,-0.03766421575615875,0.6820133031725567,0.7935901684248647,0.010501991106131264,0.019285011604974835,0.012961784319778347,0.015993259194344134,0.42083236626954296,30,0.21324921413571363,1274.2464294433594,1332.2458497447822,1343.8253841848866,0.31358319384654115,0.5758389500944238,False,"rr1,rr2,regime",True,True,True,True,False,False,True,True,True,False,False,"rr1,rr2,regime",True,True,True,True,False,False,True,True,True,False,False,"rr1,rr2,regime",True,True,True,True,False,False,True,True,True,False,REJECT,2026-08-21,2026-08-21,1319.9000244140625,1302.5,-0.013182835133128235,-0.014682835133128234,2026-08-21,2026-08-25,1319.9000244140625,1315.800048828125,-0.0031062773771503016,-0.004606277377150301,2026-08-21,2026-08-27,1319.9000244140625,1282.0,-0.02871431450339379,-0.03021431450339379
2026-08-20,HDFCBANK,UNFAVORABLE,24231.849609375,,10.760000228881836,725.0499877929688,36.124119089773885,-0.05830588497665212,0.011132237373036537,0.659551521577937,-0.005418398089206078,6.894867995699272e-05,0.5917735763406732,0.6359878935889874,0.0019346125014213554,-0.0013025338737326332,0.0024113034415625956,0.0036440148979121068,0.4,30,0.4270511618075317,712.9428449358259,726.4526785635085,725.0499877929688,0.11585646482333944,0.0,False,"er3,er5,rr1,rr2,trend,regime",True,True,False,False,False,False,True,False,True,False,False,"er5,rr1,rr2,trend,regime",True,True,True,False,False,False,True,False,True,False,False,"er5,rr1,rr2,trend,regime",True,True,True,False,False,False,True,False,True,False,REJECT,2026-08-21,2026-08-21,728.2999877929688,726.9500122070312,-0.0018535982542420282,-0.003353598254242028,2026-08-21,2026-08-25,728.2999877929688,727.5,-0.0010984316989940401,-0.00259843169899404,2026-08-21,2026-08-27,728.2999877929688,711.0,-0.023753931186233368,-0.02525393118623337
2026-08-20,HDFCLIFE,UNFAVORABLE,24231.849609375,,10.760000228881836,542.0,45.25725727769371,-0.03357376844279791,0.015491555977571495,0.5031492408592781,-0.0018416206261510082,0.007341348009752391,0.367567004141486,0.40453982313033177,-7.006641557114578e-05,0.0008969151964924437,-0.006659249686079116,-0.006296547278796305,0.4,30,0.3381221113315813,529.4053649902344,542.0,542.4861280364988,0.0,0.0385980249623663,False,"p3,p5,er3,er5,rr1,rr2,trend,regime",False,False,False,False,False,False,True,False,True,False,False,"p3,p5,er3,er5,rr1,rr2,trend,regime",False,False,False,False,False,False,True,False,True,False,False,"p3,p5,er3,er5,rr1,rr2,trend,regime",False,False,False,False,False,False,True,False,True,False,REJECT,2026-08-21,2026-08-21,542.0,554.7999877929688,0.02361621364016364,0.02211621364016364,2026-08-21,2026-08-25,542.0,546.7000122070312,0.008671609238064981,0.007171609238064982,2026-08-21,2026-08-27,542.0,548.0,0.011070110701107083,0.009570110701107084
2026-08-20,HEROMOTOCO,UNFAVORABLE,24231.849609375,,10.760000228881836,5740.5,66.38843024283628,0.11520821234565526,0.022832754737641073,0.3975562147502142,-0.0007832898172324132,-0.01871794871794874,0.6553396067164313,0.5290795218901407,0.00015394149473438854,0.001462088272730196,0.0037226444337783438,8.025253596183335e-05,0.4,30,0.33483956433662393,5543.892857142857,5741.383701150523,5748.893117729607,0.004494756078954086,0.042689790450318045,False,"p5,er3,er5,rr1,rr2,regime",True,False,False,False,False,False,True,True,True,False,False,"er3,er5,rr1,rr2,regime",True,True,False,False,False,False,True,True,True,False,False,"rr1,rr2,regime",True,True,True,True,False,False,True,True,True,False,REJECT,2026-08-21,2026-08-21,5724.5,5735.0,0.0018342213293738308,0.0003342213293738307,2026-08-21,2026-08-25,5724.5,5624.5,-0.01746877456546425,-0.018968774565464253,2026-08-21,2026-08-27,5724.5,5550.0,-0.030483011616735056,-0.03198301161673506
2026-08-20,HINDALCO,UNFAVORABLE,24231.849609375,,10.760000228881836,1029.8499755859375,54.16485724820666,0.043671137151093165,0.027091322928142588,0.879833486070857,-0.0190971029258854,-0.01567505320340501,0.3848228429937239,0.546253696688189,-0.0009840795425029103,0.0023494248633878544,-0.008377653898694049,0.0055386766549214705,0.4,30,0.3342108827006956,987.99997820173,1029.8499755859375,1032.2695307241386,0.0,0.05781494120508873,False,"p3,er3,er5,rr1,rr2,regime",False,True,False,False,False,False,True,True,True,False,False,"p3,er3,rr1,rr2,regime",False,True,False,True,False,False,True,True,True,False,False,"p3,er3,rr1,rr2,regime",False,True,False,True,False,False,True,True,True,False,REJECT,2026-08-21,2026-08-21,1029.800048828125,1034.0,0.004078414228717797,0.002578414228717797,2026-08-21,2026-08-25,1029.800048828125,1051.050048828125,0.02063507379338514,0.019135073793385138,2026-08-21,2026-08-27,1029.800048828125,1024.0,-0.005632208732875177,-0.0071322087328751765
2026-08-20,HINDUNILVR,UNFAVORABLE,24231.849609375,,10.760000228881836,2028.0,38.757058839671416,-0.047162967368977515,0.014303328319817201,0.7362368017694844,-0.013138686131386912,-0.030592734225621365,0.504352066923095,0.5380400769311227,0.003443550995654022,0.008460281655064726,-0.0007617844731774848,0.005141044373057069,0.4,30,0.7399960198322826,1984.489275251116,2034.9835214191864,2045.1574511964714,0.1605011513710894,0.3943269457241436,False,"p3,rr1,rr2,trend,regime",False,True,True,True,False,False,True,False,True,False,False,"p3,rr1,rr2,trend,regime",False,True,True,True,False,False,True,False,True,False,False,"p3,rr1,rr2,trend,regime",False,True,True,True,False,False,True,False,True,False,REJECT,2026-08-21,2026-08-21,2028.0,2015.0,-0.0064102564102563875,-0.007910256410256387,2026-08-21,2026-08-25,2028.0,2024.199951171875,-0.0018737913353673585,-0.0033737913353673586,2026-08-21,2026-08-27,2028.0,2009.0,-0.009368836291913207,-0.010868836291913207
2026-08-20,ICICIBANK,UNFAVORABLE,24231.849609375,,10.760000228881836,1411.9000244140625,48.92333881000792,0.009693141806765615,0.015647603604540514,0.7780657871714589,-0.00240233469706852,0.003625231311433108,0.5047497176922021,0.4440404023091846,-0.0005326639322978661,-0.0016243012024795469,0.0005619921903850522,-0.0032669597697752573,0.4,30,0.3700793526649982,1378.760746547154,1411.9000244140625,1411.9000244140625,0.0,0.0,False,"p3,p5,er3,er5,rr1,rr2,regime",False,False,False,False,False,False,True,True,True,False,False,"p3,p5,er3,er5,rr1,rr2,regime",False,False,False,False,False,False,True,True,True,False,False,"p3,p5,er3,er5,rr1,rr2,regime",False,False,False,False,False,False,True,True,True,False,REJECT,2026-08-21,2026-08-21,1417.0,1420.0,0.0021171489061397875,0.0006171489061397874,2026-08-21,2026-08-25,1417.0,1422.699951171875,0.004022548462861764,0.0025225484628617636,2026-08-21,2026-08-27,1417.0,1443.0,0.0183486238532109,0.016848623853210898
2026-08-20,ICICIGI,UNFAVORABLE,24231.849609375,,10.760000228881836,1625.0,42.25940527373946,-0.051349709090673046,0.02316044599931319,0.8364555948359956,-0.0007993905116474576,-0.0018427518427518441,0.621235688788478,0.62209739150261,0.01047928791213679,0.006406391005825676,0.00849001192315324,0.005611185224906001,0.4,30,0.2683383435781285,1568.5464128766741,1642.0288428572221,1635.4103853844667,0.3016432387196531,0.18440609206505684,False,"rr1,rr2,trend,regime",True,True,True,True,False,False,True,False,True,False,False,"rr1,rr2,trend,regime",True,True,True,True,False,False,True,False,True,False,False,"rr1,rr2,trend,regime",True,True,True,True,False,False,True,False,True,False,REJECT,2026-08-21,2026-08-21,1627.300048828125,1617.0,-0.006329532673180038,-0.007829532673180038,2026-08-21,2026-08-25,1627.300048828125,1616.0,-0.006944047495274441,-0.008444047495274441,2026-08-21,2026-08-27,1627.300048828125,1588.0999755859375,-0.02408902603451457,-0.025589026034514573
2026-08-20,ICICIPRULI,UNFAVORABLE,24231.849609375,,10.760000228881836,502.0,47.825173379827795,0.001456302214855043,0.021407225624566466,0.4429070795355416,-0.009861932938856066,-0.009861932938856066,0.6392569735366675,0.6474838259152975,0.002891338912503432,0.006979754976621186,0.008129450207849276,0.010066477613799196,0.4,30,0.2578268064320414,485.8803591047014,503.4514521340767,505.50383699826386,0.09004246084042922,0.21736445749767214,False,"rr1,rr2,regime",True,True,True,True,False,False,True,True,True,False,False,"rr1,rr2,regime",True,True,True,True,False,False,True,True,True,False,False,"rr1,rr2,regime",True,True,True,True,False,False,True,True,True,False,REJECT,2026-08-21,2026-08-21,502.0,515.0,0.02589641434262946,0.024396414342629458,2026-08-21,2026-08-25,502.0,510.0,0.015936254980079667,0.014436254980079668,2026-08-21,2026-08-27,502.0,510.0,0.015936254980079667,0.014436254980079668
2026-08-20,INDUSINDBK,UNFAVORABLE,24231.849609375,,10.760000228881836,1008.0,49.46068555508017,0.01903940488802469,0.016741080078678607,0.7007961324165786,-0.002572704976002038,-0.016297406038495943,0.49716152546798814,0.46050044213623453,0.0008168642788877871,-0.0014606823717779576,-0.00010248351955116641,-0.0012457958164927008,0.4,30,0.34523254138080833,982.6874869210379,1008.8233991931188,1008.0,0.032529334031363044,0.0,False,"p3,p5,er3,er5,rr1,rr2,regime",False,False,False,False,False,False,True,True,True,False,False,"p3,p5,er3,er5,rr1,rr2,regime",False,False,False,False,False,False,True,True,True,False,False,"p3,p5,er5,rr1,rr2,regime",False,False,True,False,False,False,True,True,True,False,REJECT,2026-08-21,2026-08-21,1007.7999877929688,1005.5999755859375,-0.002182984951060729,-0.003682984951060729,2026-08-21,2026-08-25,1007.7999877929688,1015.0,0.007144286856759052,0.005644286856759053,2026-08-21,2026-08-27,1007.7999877929688,1002.9000244140625,-0.004862039529923923,-0.006362039529923922
2026-08-20,INFY,UNFAVORABLE,24231.849609375,,10.760000228881836,1130.0,49.25896691267758,0.026983308123097238,0.022041700823719975,0.660566122318946,-0.008684993597707247,-0.03829787234042559,0.36384207854987616,0.4584804277022034,-0.006152550210075486,-0.0019232419143481098,-0.005060182527833468,-0.006383915857157085,0.4,30,0.41608194700961404,1092.6393171037946,1130.0,1130.0,0.0,0.0,False,"p3,p5,er3,er5,rr1,rr2,regime",False,False,False,False,False,False,True,True,True,False,False,"p3,p5,er3,er5,rr1,rr2,regime",False,False,False,False,False,False,True,True,True,False,False,"p3,p5,er3,er5,rr1,rr2,regime",False,False,False,False,False,False,True,True,True,False,REJECT,2026-08-21,2026-08-21,1133.0,1121.0,-0.010591350397175625,-0.012091350397175625,2026-08-21,2026-08-25,1133.0,1144.0,0.009708737864077666,0.008208737864077666,2026-08-21,2026-08-27,1133.0,1110.800048828125,-0.01959395513845985,-0.021093955138459852
2026-08-20,ITC,UNFAVORABLE,24231.849609375,,10.760000228881836,271.6499938964844,37.76074989051353,-0.043152385112756875,0.017025584774216538,1.7406887031077873,-0.00512724394459918,-0.02459607218497528,0.5134800545636223,0.6518037623677151,0.0007566653799665604,0.005007456719130919,0.0023310019305609053,0.010353229757275484,0.4,30,0.4310913125542681,264.7124938964844,271.855542042334,273.0102694836732,0.02962856156390698,0.19607576031550608,False,"p3,er3,rr1,rr2,trend,regime",False,True,False,True,False,False,True,False,True,False,False,"p3,er3,rr1,rr2,trend,regime",False,True,False,True,False,False,True,False,True,False,False,"p3,rr1,rr2,trend,regime",False,True,True,True,False,False,True,False,True,False,REJECT,2026-08-21,2026-08-21,271.6000061035156,269.3999938964844,-0.008100192038260734,-0.009600192038260734,2026-08-21,2026-08-25,271.6000061035156,271.3999938964844,-0.0007364219533744221,-0.002236421953374422,2026-08-21,2026-08-27,271.6000061035156,269.0,-0.009572923582795045,-0.011072923582795045
2026-08-20,JIOFIN,UNFAVORABLE,24231.849609375,,10.760000228881836,244.60000610351562,46.147265929885656,0.005245808266203245,0.023863188618776485,0.4674692472886625,-0.020620596182119644,-0.043035992712555315,0.2706027211373563,0.32976816522142116,-0.007806176348789026,-0.005070436546554381,-0.008570137473551731,-0.009922523534683536,0.4,30,0.38227380947175205,235.8446019808125,244.60000610351562,244.60000610351562,0.0,0.0,False,"p3,p5,er3,er5,rr1,rr2,regime",False,False,False,False,False,False,True,True,True,False,False,"p3,p5,er3,er5,rr1,rr2,regime",False,False,False,False,False,False,True,True,True,False,False,"p3,p5,er3,er5,rr1,rr2,regime",False,False,False,False,False,False,True,True,True,False,REJECT,2026-08-21,2026-08-21,244.3000030517578,244.0,-0.0012280108391740097,-0.0027280108391740097,2026-08-21,2026-08-25,244.3000030517578,243.14999389648438,-0.004707364473629516,-0.006207364473629516,2026-08-21,2026-08-27,244.3000030517578,238.10000610351562,-0.025378620019618436,-0.026878620019618438
2026-08-20,JSWSTEEL,UNFAVORABLE,24231.849609375,,10.760000228881836,1299.699951171875,58.112841829146014,0.032151780665597984,0.019960661743780632,2.277444942058297,0.017138755287914087,0.019372510723039138,0.599053913000407,0.6273396430834459,9.37000643202439e-05,0.0034130618671619874,0.0012529067798036087,0.00758120231743864,0.4,30,0.44506264135178203,1260.78564453125,1299.8217331408966,1304.135907513972,0.003129490913105583,0.1139929430855117,False,"er3,er5,rr1,rr2,regime",True,True,False,False,False,False,True,True,True,False,False,"er3,rr1,rr2,regime",True,True,False,True,False,False,True,True,True,False,False,"rr1,rr2,regime",True,True,True,True,False,False,True,True,True,False,REJECT,2026-08-21,2026-08-21,1298.0,1293.699951171875,-0.00331282652397924,-0.004812826523979239,2026-08-21,2026-08-25,1298.0,1320.300048828125,0.017180314967738752,0.01568031496773875,2026-08-21,2026-08-27,1298.0,1337.5,0.030431432973805794,0.028931432973805793
2026-08-20,KOTAKBANK,UNFAVORABLE,24231.849609375,,10.760000228881836,397.3500061035156,57.533749696498674,0.014629620089711803,0.015890996253067516,0.9505661112806992,0.011841084165876925,0.012614710203938229,0.3522148807791907,0.3634271665815017,-0.009347529737749079,-0.007497106829864449,-0.004858969774130806,-0.004067626765300814,0.4,30,0.3148015925146755,387.87857491629467,397.3500061035156,397.3500061035156,0.0,0.0,False,"p3,p5,er3,er5,rr1,rr2,regime",False,False,False,False,False,False,True,True,True,False,False,"p3,p5,er3,er5,rr1,rr2,regime",False,False,False,False,False,False,True,True,True,False,False,"p3,p5,er3,er5,rr1,rr2,regime",False,False,False,False,False,False,True,True,True,False,REJECT,2026-08-21,2026-08-21,398.8999938964844,402.79998779296875,0.009776871286431899,0.008276871286431899,2026-08-21,2026-08-25,398.8999938964844,401.6000061035156,0.006768644392940004,0.005268644392940005,2026-08-21,2026-08-27,398.8999938964844,424.20001220703125,0.0634244640202033,0.061924464020203296
2026-08-20,LT,UNFAVORABLE,24231.849609375,,10.760000228881836,4081.0,59.18620123914606,0.016904387049284653,0.013064018941490618,0.6457946997087668,-0.0013947564636450638,0.002530289373246397,0.60780162756399,0.6850308103171939,0.0031661847554699286,0.002964048833575794,0.0032794649808494114,0.007841781909055934,0.4,30,0.2440273425212005,4001.028608049665,4093.921199987073,4093.096283289823,0.1615727783642632,0.15125763094551695,False,"er5,rr1,rr2,regime",True,True,True,False,False,False,True,True,True,False,False,"rr1,rr2,regime",True,True,True,True,False,False,True,True,True,False,False,"rr1,rr2,regime",True,True,True,True,False,False,True,True,True,False,REJECT,2026-08-21,2026-08-21,4081.0,4093.0,0.002940455770644501,0.0014404557706445011,2026-08-21,2026-08-25,4081.0,4119.0,0.009311443273707365,0.007811443273707365,2026-08-21,2026-08-27,4081.0,4027.0,-0.013232050967900033,-0.014732050967900033
2026-08-20,M&M,UNFAVORABLE,24231.849609375,,10.760000228881836,3424.800048828125,58.64629163212296,0.06282398512835985,0.01711047573926915,0.5252772853803866,0.01014633892025385,-0.0009917456368283561,0.4214458360913705,0.5100817495348028,-0.004573658363249692,0.0007826808758478768,-0.009601938396323284,0.0032405301963757127,0.4,30,0.34393404909408415,3336.900111607143,3424.800048828125,3427.480574329946,0.0,0.030495192449140306,False,"p3,p5,er3,er5,rr1,rr2,regime",False,False,False,False,False,False,True,True,True,False,False,"p3,p5,er3,er5,rr1,rr2,regime",False,False,False,False,False,False,True,True,True,False,False,"p3,er3,er5,rr1,rr2,regime",False,True,False,False,False,False,True,True,True,False,REJECT,2026-08-21,2026-08-21,3431.199951171875,3412.199951171875,-0.005537421389129715,-0.007037421389129715,2026-08-21,2026-08-25,3431.199951171875,3443.0,0.003439044356507104,0.0019390443565071038,2026-08-21,2026-08-27,3431.199951171875,3330.0,-0.02949404074726447,-0.030994040747264473
2026-08-20,MARUTI,UNFAVORABLE,24231.849609375,,10.760000228881836,13809.0,50.84562144640025,0.006952913556679485,0.014626252718395924,0.49684875056297323,0.003561046511627808,-0.0069039913700107425,0.6409292143960463,0.5710641654927414,0.00534838277821565,0.010494308908280547,0.0037792747772423807,0.006473863176916783,0.45535586064733724,30,0.24272311546467373,13506.039114317506,13882.85581778438,13953.915911714446,0.24378004314980178,0.47833208365491603,False,"rr1,rr2,regime",True,True,True,True,False,False,True,True,True,False,False,"rr1,rr2,regime",True,True,True,True,False,False,True,True,True,False,False,"rr1,rr2,regime",True,True,True,True,False,False,True,True,True,False,REJECT,2026-08-21,2026-08-21,13809.0,13565.0,-0.01766963574480407,-0.01916963574480407,2026-08-21,2026-08-25,13809.0,13678.0,-0.009486566731841561,-0.010986566731841561,2026-08-21,2026-08-27,13809.0,13440.0,-0.02672170323701939,-0.02822170323701939
2026-08-20,NESTLEIND,UNFAVORABLE,24231.849609375,,10.760000228881836,1458.0,43.44131191759433,0.004177408812009675,0.022418190165405156,0.8120173807474748,-0.008163265306122436,-0.032450742333139604,0.7163257911853439,0.7078129538257746,0.007195179323375463,0.009143118034029452,0.006886934655040977,0.01107087670162843,0.4,30,0.4631348330262124,1408.9714181082588,1468.4905714534816,1471.330666093615,0.21396848631366874,0.2718958121825787,False,"rr1,rr2,regime",True,True,True,True,False,False,True,True,True,False,False,"rr1,rr2,regime",True,True,True,True,False,False,True,True,True,False,False,"rr1,rr2,regime",True,True,True,True,False,False,True,True,True,False,REJECT,2026-08-21,2026-08-21,1465.0,1477.0999755859375,0.008259369000639838,0.006759369000639838,2026-08-21,2026-08-25,1465.0,1479.0,0.009556313993174026,0.008056313993174026,2026-08-21,2026-08-27,1465.0,1450.0,-0.010238907849829393,-0.011738907849829392
2026-08-20,NTPC,UNFAVORABLE,24231.849609375,,10.760000228881836,337.5,40.60956284791757,-0.032945747201850506,0.0177142818390377,0.4599743408282309,0.0014836795252226587,-0.019607843137254943,0.5101112509306419,0.5017378712580802,-0.0003427623089538842,0.0026067397150688273,0.0011909648800624284,0.0002683413746042418,0.4385526221794163,30,0.3096226199802946,328.5321448189872,337.5,338.37977465383574,0.0,0.09810312901778823,False,"p3,p5,er3,er5,rr1,rr2,trend,regime",False,False,False,False,False,False,True,False,True,False,False,"p3,p5,er3,rr1,rr2,trend,regime",False,False,False,True,False,False,True,False,True,False,False,"p3,p5,er3,rr1,rr2,trend,regime",False,False,False,True,False,False,True,False,True,False,REJECT,2026-08-21,2026-08-21,337.0,340.0,0.008902077151335286,0.007402077151335286,2026-08-21,2026-08-25,337.0,339.8500061035156,0.00845699140509093,0.0069569914050909305,2026-08-21,2026-08-27,337.0,330.8999938964844,-0.018100908319037434,-0.019600908319037436
2026-08-20,ONGC,UNFAVORABLE,24231.849609375,,10.760000228881836,238.5,42.74067889710947,-0.015518885586195519,0.01634321415556445,0.9145840528689283,4.190744519982914e-05,-0.0058357396085990665,0.53042955535868,0.5705481025182791,0.0005416623098048017,0.0008465320954155858,0.0019402476362502252,0.003283104596735198,0.4,30,0.344078616690716,232.6532151358468,238.62918646088846,238.70189790475663,0.022095299192639743,0.03453144068879233,False,"p3,er3,er5,rr1,rr2,regime",False,True,False,False,False,False,True,True,True,False,False,"er3,er5,rr1,rr2,regime",True,True,False,False,False,False,True,True,True,False,False,"er5,rr1,rr2,regime",True,True,True,False,False,False,True,True,True,False,REJECT,2026-08-21,2026-08-21,238.6999969482422,236.39999389648438,-0.009635538672656652,-0.011135538672656651,2026-08-21,2026-08-25,238.6999969482422,234.0,-0.019689974898748352,-0.021189974898748354,2026-08-21,2026-08-27,238.6999969482422,232.0,-0.028068693062006878,-0.02956869306200688
2026-08-20,POWERGRID,UNFAVORABLE,24231.849609375,,10.760000228881836,264.79998779296875,32.219488405118454,-0.06081311004307899,0.018464106989865878,0.8033893005580647,-0.005072350683730242,-0.006751756449127622,0.4555832220148239,0.4359413631072986,-0.0005584229885628286,0.0007222708864624384,-0.0013068064349961994,-0.002554143844081813,0.4,30,0.36214176719415364,257.4660448346819,264.79998779296875,264.99124511488725,0.0,0.026078375984966106,False,"p3,p5,er3,er5,rr1,rr2,trend,regime",False,False,False,False,False,False,True,False,True,False,False,"p3,p5,er3,er5,rr1,rr2,trend,regime",False,False,False,False,False,False,True,False,True,False,False,"p3,p5,er3,er5,rr1,rr2,trend,regime",False,False,False,False,False,False,True,False,True,False,REJECT,2026-08-21,2026-08-21,264.6000061035156,272.3999938964844,0.029478411236004476,0.027978411236004475,2026-08-21,2026-08-25,264.6000061035156,271.0,0.024187429133998517,0.022687429133998516,2026-08-21,2026-08-27,264.6000061035156,264.8999938964844,0.0011337406880156387,-0.0003662593119843614
2026-08-20,RELIANCE,UNFAVORABLE,24231.849609375,,10.760000228881836,1313.199951171875,51.317089242914975,0.005409819895283885,0.01598604050151932,0.522252746245145,-0.0021276966779065765,-0.0028853825574222114,0.5147378986445168,0.3978020106878727,-0.004461268198006034,-0.010916910387964848,-0.004270556447640794,-0.010321959469671349,0.4277061016024201,30,0.3461044176485845,1281.710649762835,1313.199951171875,1313.199951171875,0.0,0.0,False,"p3,p5,er3,er5,rr1,rr2,regime",False,False,False,False,False,False,True,True,True,False,False,"p3,p5,er3,er5,rr1,rr2,regime",False,False,False,False,False,False,True,True,True,False,False,"p3,p5,er3,er5,rr1,rr2,regime",False,False,False,False,False,False,True,True,True,False,REJECT,2026-08-21,2026-08-21,1314.0,1316.0,0.0015220700152207556,2.2070015220755548e-05,2026-08-21,2026-08-25,1314.0,1317.0,0.0022831050228311334,0.0007831050228311333,2026-08-21,2026-08-27,1314.0,1282.199951171875,-0.024200950401921606,-0.025700950401921607
2026-08-20,SBILIFE,UNFAVORABLE,24231.849609375,,10.760000228881836,1782.0,36.6374826920282,-0.020117827017598122,0.01807358915920114,0.7570383413048941,-0.004691702580160273,-0.01655629139072845,0.45884543306303993,0.5052371621272042,0.0008800990135825969,0.006373155867026741,-0.001639308301322917,0.00023564828425309825,0.4,30,0.3915006755630391,1733.6892961774554,1783.5683364422043,1793.3569637550418,0.03246353950803857,0.23508172840450184,False,"p3,p5,er3,rr1,rr2,trend,regime",False,False,False,True,False,False,True,False,True,False,False,"p3,p5,er3,rr1,rr2,regime",False,False,False,True,False,False,True,True,True,False,False,"p3,p5,rr1,rr2,regime",False,False,True,True,False,False,True,True,True,False,REJECT,2026-08-21,2026-08-21,1780.0,1792.9000244140625,0.007247204727001355,0.0057472047270013555,2026-08-21,2026-08-25,1780.0,1755.0,-0.014044943820224698,-0.015544943820224697,2026-08-21,2026-08-27,1780.0,1773.199951171875,-0.0038202521506319753,-0.005320252150631975
2026-08-20,SBIN,UNFAVORABLE,24231.849609375,,10.760000228881836,1048.0,49.14479897636938,0.00727874866739997,0.020317618433495777,0.563934629051517,-0.01243870314665807,-0.032317636195752564,0.607027808087394,0.7274809654979589,0.006088194758453725,0.01226236230359709,0.006336911085584207,0.01393059150930187,0.4,30,0.23999211519696506,1016.0607038225447,1054.3804281068594,1060.8509556941697,0.19976733586769285,0.4023556318451584,False,"rr1,rr2,regime",True,True,True,True,False,False,True,True,True,False,False,"rr1,rr2,regime",True,True,True,True,False,False,True,True,True,False,False,"rr1,rr2,regime",True,True,True,True,False,False,True,True,True,False,REJECT,2026-08-21,2026-08-21,1052.699951171875,1048.699951171875,-0.0037997531923006367,-0.005299753192300636,2026-08-21,2026-08-25,1052.699951171875,1048.0,-0.004464663617247178,-0.005964663617247177,2026-08-21,2026-08-27,1052.699951171875,1042.9000244140625,-0.009309325745577524,-0.010809325745577523
2026-08-20,SHRIRAMFIN,UNFAVORABLE,24231.849609375,,10.760000228881836,1128.199951171875,60.60434913950337,0.07185930246528716,0.023463433267025782,0.6340568723704469,0.005525803183489275,-0.003621034601644202,0.7046540727618286,0.6378891706469505,0.004037521958289459,0.011310828850497789,0.011104013877525243,0.009856613405249792,0.4,30,0.32523768490247407,1088.4927847726005,1132.7550832480727,1140.96082772872,0.11471813501859161,0.32137464629251855,False,"rr1,rr2,regime",True,True,True,True,False,False,True,True,True,False,False,"rr1,rr2,regime",True,True,True,True,False,False,True,True,True,False,False,"rr1,rr2,regime",True,True,True,True,False,False,True,True,True,False,REJECT,2026-08-21,2026-08-21,1140.0,1130.0,-0.00877192982456143,-0.01027192982456143,2026-08-21,2026-08-25,1140.0,1138.5,-0.001315789473684159,-0.002815789473684159,2026-08-21,2026-08-27,1140.0,1101.0,-0.03421052631578947,-0.03571052631578947
2026-08-20,SUNPHARMA,UNFAVORABLE,24231.849609375,,10.760000228881836,1904.0,43.504406639268346,-0.0032228325415115666,0.016123946832150828,0.38060708783392333,0.011689691817215797,-0.01449275362318836,0.6067375624373126,0.6096372939979907,0.00073482700503469,0.0019147562184820565,0.003638167327077446,0.0037082067810925157,0.4,30,0.27472211065650254,1857.9500078473773,1905.399110617586,1907.6456958399897,0.030382429012127204,0.07916821848539767,False,"er3,er5,rr1,rr2,regime",True,True,False,False,False,False,True,True,True,False,False,"er3,er5,rr1,rr2,regime",True,True,False,False,False,False,True,True,True,False,False,"rr1,rr2,regime",True,True,True,True,False,False,True,True,True,False,REJECT,2026-08-21,2026-08-21,1916.0,1902.4000244140625,-0.007098108343391196,-0.008598108343391196,2026-08-21,2026-08-25,1916.0,1922.0,0.0031315240083507057,0.0016315240083507056,2026-08-21,2026-08-27,1916.0,1913.300048828125,-0.0014091603193502333,-0.0029091603193502334
2026-08-20,TATACONSUM,UNFAVORABLE,24231.849609375,,10.760000228881836,1056.300048828125,41.55713939785729,-0.03700809064732569,0.020401396872209435,1.1463410408757726,-0.015196650315890792,-0.031361715884342,0.7031111577503518,0.5351984107206262,0.005320508846434495,0.008871235250930724,0.005953047028234626,0.004607194403402182,0.4,30,0.3260326659435193,1023.9750540597098,1061.9201025824043,1065.670735056849,0.1738609331430012,0.28988979877206783,False,"rr1,rr2,trend,regime",True,True,True,True,False,False,True,False,True,False,False,"rr1,rr2,trend,regime",True,True,True,True,False,False,True,False,True,False,False,"rr1,rr2,trend,regime",True,True,True,True,False,False,True,False,True,False,REJECT,2026-08-21,2026-08-21,1060.0,1049.0,-0.010377358490566091,-0.01187735849056609,2026-08-21,2026-08-25,1060.0,1060.5,0.0004716981132075748,-0.0010283018867924252,2026-08-21,2026-08-27,1060.0,1042.0,-0.016981132075471694,-0.018481132075471696
2026-08-20,TATASTEEL,UNFAVORABLE,24231.849609375,,10.760000228881836,183.5,41.2302625895448,-0.02927105376107053,0.021015967595154974,1.049590803665023,-0.013440860215053752,-0.007303251603679284,0.40857917807135674,0.4451963843996712,-0.00380670330198575,-0.005006723132354301,-0.009997839551896814,-0.013040187615896037,0.4,30,0.363755592761138,177.7153549194336,183.5,183.5,0.0,0.0,False,"p3,p5,er3,er5,rr1,rr2,trend,regime",False,False,False,False,False,False,True,False,True,False,False,"p3,p5,er3,er5,rr1,rr2,trend,regime",False,False,False,False,False,False,True,False,True,False,False,"p3,p5,er3,er5,rr1,rr2,regime",False,False,False,False,False,False,True,True,True,False,REJECT,2026-08-21,2026-08-21,184.39999389648438,183.0,-0.007592158041340724,-0.009092158041340724,2026-08-21,2026-08-25,184.39999389648438,186.94000244140625,0.01377445026569668,0.012274450265696681,2026-08-21,2026-08-27,184.39999389648438,186.8000030517578,0.013015234461562386,0.011515234461562386
2026-08-20,TCS,UNFAVORABLE,24231.849609375,,10.760000228881836,2298.0,47.86957449753308,0.03174818756369002,0.026423578429515572,0.5636019978256503,-0.006570962948609149,-0.032421052631578906,0.4786886482794596,0.4688507777377049,-0.007774367220895233,-0.00960155666718686,-0.001221797253377177,-0.005156043683170131,0.4,30,0.5622998252992983,2206.9179251534597,2298.0,2298.0,0.0,0.0,False,"p3,p5,er3,er5,rr1,rr2,regime",False,False,False,False,False,False,True,True,True,False,False,"p3,p5,er3,er5,rr1,rr2,regime",False,False,False,False,False,False,True,True,True,False,False,"p3,p5,er3,er5,rr1,rr2,regime",False,False,False,False,False,False,True,True,True,False,REJECT,2026-08-21,2026-08-21,2290.10009765625,2302.0,0.005196236774073215,0.003696236774073215,2026-08-21,2026-08-25,2290.10009765625,2296.199951171875,0.0026635750646304412,0.0011635750646304412,2026-08-21,2026-08-27,2290.10009765625,2248.39990234375,-0.01820889635137657,-0.01970889635137657
2026-08-20,TECHM,UNFAVORABLE,24231.849609375,,10.760000228881836,1592.0999755859375,50.89814267441133,0.05001081514561956,0.019982599500855344,0.5810026213112476,-0.011118027586374257,-0.028615024047628168,0.30196715947455466,0.30486772255030287,-0.007474450994365272,-0.004893002266553047,-0.009085083314014586,-0.012891726971456963,0.4,30,0.219217013556161,1544.3785313197545,1592.0999755859375,1592.0999755859375,0.0,0.0,False,"p3,p5,er3,er5,rr1,rr2,regime",False,False,False,False,False,False,True,True,True,False,False,"p3,p5,er3,er5,rr1,rr2,regime",False,False,False,False,False,False,True,True,True,False,False,"p3,p5,er3,er5,rr1,rr2,regime",False,False,False,False,False,False,True,True,True,False,REJECT,2026-08-21,2026-08-21,1592.0999755859375,1584.0,-0.005087604867876738,-0.006587604867876738,2026-08-21,2026-08-25,1592.0999755859375,1599.9000244140625,0.004899220493520984,0.0033992204935209837,2026-08-21,2026-08-27,1592.0999755859375,1585.0,-0.0044595036083237005,-0.0059595036083237
2026-08-20,TITAN,UNFAVORABLE,24231.849609375,,10.760000228881836,5068.0,67.9760557983993,0.0865233425819425,0.019276414975088793,0.6419955478723877,-9.864851533980534e-05,0.000849142824743021,0.4453603310098515,0.3679167912532114,-0.0051623818527724965,-0.011708495687921098,-0.0037452356772256223,-0.004276759213571846,0.4,30,0.2654167134701892,4921.460693359375,5068.0,5068.0,0.0,0.0,False,"p3,p5,er3,er5,rr1,rr2,regime",False,False,False,False,False,False,True,True,True,False,False,"p3,p5,er3,er5,rr1,rr2,regime",False,False,False,False,False,False,True,True,True,False,False,"p3,p5,er3,er5,rr1,rr2,regime",False,False,False,False,False,False,True,True,True,False,REJECT,2026-08-21,2026-08-21,5068.0,5086.10009765625,0.003571447840617692,0.002071447840617692,2026-08-21,2026-08-25,5068.0,5124.7998046875,0.011207538415055174,0.009707538415055174,2026-08-21,2026-08-27,5068.0,5139.2998046875,0.014068627602111361,0.012568627602111361
2026-08-20,TRENT,UNFAVORABLE,24231.849609375,,10.760000228881836,2970.0,47.69644854663063,-0.019228410955582476,0.022614232916967292,0.30445350753103434,0.008146639511201537,-0.006688963210702337,0.5137516875031849,0.512245047886736,0.01349492375190867,0.009188134942914353,0.000622481217143589,0.0003283268963947261,0.4,30,0.3486932039344354,2869.253592354911,3010.0799235431687,2997.2887607804555,0.3978298033649274,0.27086584443376593,False,"p3,p5,rr1,rr2,regime",False,False,True,True,False,False,True,True,True,False,False,"p3,p5,rr1,rr2,regime",False,False,True,True,False,False,True,True,True,False,False,"p3,rr1,rr2,regime",False,True,True,True,False,False,True,True,True,False,REJECT,2026-08-21,2026-08-21,2970.0,2924.0,-0.01548821548821544,-0.01698821548821544,2026-08-21,2026-08-25,2970.0,2930.0,-0.013468013468013518,-0.014968013468013517,2026-08-21,2026-08-27,2970.0,2878.5,-0.03080808080808084,-0.03230808080808084
2026-08-20,ULTRACEMCO,UNFAVORABLE,24231.849609375,,10.760000228881836,11575.0,46.12123106014458,0.0049587040552860895,0.017340327059549524,0.8824185804894102,-0.009074565533772838,-0.011190842303092419,0.596289283690983,0.6873083333640269,0.0041744300816169266,0.004046782826886606,0.00312262753531789,0.008728364205988215,0.4,30,0.38172122447965323,11273.928571428572,11623.319028194715,11621.841511221213,0.1604902478590791,0.1555827181724765,False,"rr1,rr2,regime",True,True,True,True,False,False,True,True,True,False,False,"rr1,rr2,regime",True,True,True,True,False,False,True,True,True,False,False,"rr1,rr2,regime",True,True,True,True,False,False,True,True,True,False,REJECT,2026-08-21,2026-08-21,11549.0,11570.0,0.0018183392501516238,0.00031833925015162376,2026-08-21,2026-08-25,11549.0,11540.0,-0.0007792882500649023,-0.0022792882500649024,2026-08-21,2026-08-27,11549.0,11717.0,0.014546714001212324,0.013046714001212325
2026-08-20,WIPRO,UNFAVORABLE,24231.849609375,,10.760000228881836,181.0,49.21254004449016,0.017284583402079834,0.01741119962841296,0.41042292705401573,-0.004947740113705246,-0.01146917549706905,0.24951908510710374,0.3610600447930922,-0.011499252384100798,-0.01066481337340737,-0.010191308498973206,-0.00935555680154776,0.4,30,0.27321439563440597,176.27285930088587,181.0,181.0,0.0,0.0,False,"p3,p5,er3,er5,rr1,rr2,regime",False,False,False,False,False,False,True,True,True,False,False,"p3,p5,er3,er5,rr1,rr2,regime",False,False,False,False,False,False,True,True,True,False,False,"p3,p5,er3,er5,rr1,rr2,regime",False,False,False,False,False,False,True,True,True,False,REJECT,2026-08-21,2026-08-21,180.60000610351562,180.7899932861328,0.0010519777198030322,-0.0004480222801969678,2026-08-21,2026-08-25,180.60000610351562,180.08999633789062,-0.002823974243570504,-0.004323974243570504,2026-08-21,2026-08-27,180.60000610351562,176.39999389648438,-0.023255880759073144,-0.024755880759073146
2026-08-20,APOLLOTYRE,UNFAVORABLE,24231.849609375,,10.760000228881836,429.29998779296875,44.8886821561444,-0.005369393846445414,0.021446878320072624,1.182067399682488,-0.016945326785460013,-0.031034872765700605,0.6208527274120044,0.7368636624719874,0.005967477988990883,0.011012887420186192,0.006682553880472675,0.021147991686925605,0.4,30,0.380349920245842,415.48927089146207,431.86182602079737,434.02782022802006,0.1854963971891374,0.3423307036679268,False,"rr1,rr2,regime",True,True,True,True,False,False,True,True,True,False,False,"rr1,rr2,regime",True,True,True,True,False,False,True,True,True,False,False,"rr1,rr2,regime",True,True,True,True,False,False,True,True,True,False,REJECT,2026-08-21,2026-08-21,428.75,439.70001220703125,0.02553938707179304,0.02403938707179304,2026-08-21,2026-08-25,428.75,441.3999938964844,0.029504358942237685,0.028004358942237684,2026-08-21,2026-08-27,428.75,443.25,0.03381924198250719,0.032319241982507185
2026-08-20,AUROPHARMA,UNFAVORABLE,24231.849609375,,10.760000228881836,1608.0,51.56877219867627,0.029072583872772118,0.024680174913657163,0.8169819046724002,-0.011799380376116386,-0.03330529253393355,0.6036021476250207,0.540466419252105,0.012263951699044264,0.012066853100315326,0.0051413404068904045,0.0018220756479041533,0.4,30,0.2701524820803906,1548.471418108259,1627.7204343320634,1627.403499785307,0.3312767364075145,0.32595266288376235,False,"rr1,rr2,regime",True,True,True,True,False,False,True,True,True,False,False,"rr1,rr2,regime",True,True,True,True,False,False,True,True,True,False,False,"rr1,rr2,regime",True,True,True,True,False,False,True,True,True,False,REJECT,2026-08-21,2026-08-21,1609.0999755859375,1621.300048828125,0.0075819237010086304,0.006081923701008631,2026-08-21,2026-08-25,1609.0999755859375,1617.800048828125,0.005406794713932905,0.003906794713932906,2026-08-21,2026-08-27,1609.0999755859375,1637.0,0.017338900526614465,0.015838900526614463
2026-08-20,BOSCHLTD,UNFAVORABLE,24231.849609375,,10.760000228881836,48750.0,80.21855391717156,0.16366502939867278,0.024427300352996482,0.9944537558091991,0.03789652969980839,0.04278074866310155,0.5475477883907427,0.6508090356000108,0.003995308735084664,0.006738294490245372,0.0037001495792630124,0.010559594324351274,0.4,30,0.4686576703733491,46963.75366168714,48944.771300835375,49078.491856399465,0.10903944022599889,0.18390064648626836,False,"rr1,rr2,rsi,regime",True,True,True,True,False,False,True,True,False,False,False,"rr1,rr2,rsi,regime",True,True,True,True,False,False,True,True,False,False,False,"rr1,rr2,rsi,regime",True,True,True,True,False,False,True,True,False,False,REJECT,2026-08-21,2026-08-21,48635.0,48200.0,-0.00894417600493469,-0.01044417600493469,2026-08-21,2026-08-25,48635.0,48680.0,0.0009252595867172975,-0.0005747404132827026,2026-08-21,2026-08-27,48635.0,48780.0,0.0029813920016448225,0.0014813920016448225
2026-08-20,SAIL,UNFAVORABLE,24231.849609375,,10.760000228881836,174.89999389648438,55.84279429349272,0.02617355342545058,0.03582862381421582,0.8077089384454775,0.007488408682391201,0.036874564209037786,0.49575899266181694,0.3947982441815616,-0.003468953226530209,-0.005800952366414014,-0.002788936391047825,-0.014009861547967628,0.4,30,0.37900421836872383,166.15499420166014,174.89999389648438,174.89999389648438,0.0,0.0,False,"p3,p5,er3,er5,rr1,rr2,regime",False,False,False,False,False,False,True,True,True,False,False,"p3,p5,er3,er5,rr1,rr2,regime",False,False,False,False,False,False,True,True,True,False,False,"p3,p5,er3,er5,rr1,rr2,regime",False,False,False,False,False,False,True,True,True,False,REJECT,2026-08-21,2026-08-21,174.89999389648438,173.4600067138672,-0.008233203161055913,-0.009733203161055913,2026-08-21,2026-08-25,174.89999389648438,184.58999633789062,0.0554031033708402,0.0539031033708402,2026-08-21,2026-08-27,174.89999389648438,193.0,0.10348774576989528,0.10198774576989528
2026-08-20,DLF,UNFAVORABLE,24231.849609375,,10.760000228881836,676.1500244140625,59.32285972942462,0.04894574780746175,0.02496804682890455,0.7131857481663423,0.007675148158066358,0.018298229539250643,0.1901667609095059,0.21675113898025422,-0.017223174546430957,-0.016333818560211148,-0.014095601672569014,-0.020634817596159594,0.4,30,0.4430362111023713,650.8268062046595,676.1500244140625,676.1500244140625,0.0,0.0,False,"p3,p5,er3,er5,rr1,rr2,regime",False,False,False,False,False,False,True,True,True,False,False,"p3,p5,er3,er5,rr1,rr2,regime",False,False,False,False,False,False,True,True,True,False,False,"p3,p5,er3,er5,rr1,rr2,regime",False,False,False,False,False,False,True,True,True,False,REJECT,2026-08-21,2026-08-21,677.2000122070312,678.0999755859375,0.0013289476708264747,-0.00017105232917352534,2026-08-21,2026-08-25,677.2000122070312,682.9500122070312,0.008490844501405803,0.0069908445014058036,2026-08-21,2026-08-27,677.2000122070312,676.1500244140625,-0.0015504840136473241,-0.003050484013647324
2026-08-20,NAUKRI,UNFAVORABLE,24231.849609375,,10.760000228881836,1360.9000244140625,68.271449371578,0.17294576592699573,0.030245228147491705,0.5787456576551774,0.003761598615035888,0.0026523063850514284,0.5717435637440531,0.6067417554930228,0.007760001848212498,0.012877619201765934,0.0041879190545570655,0.011019928096473564,0.4,30,0.5692598767469452,1299.158926827567,1371.460611118748,1378.4251767001408,0.17104630655278988,0.2838490563198468,False,"rr1,rr2,regime",True,True,True,True,False,False,True,True,True,False,False,"rr1,rr2,regime",True,True,True,True,False,False,True,True,True,False,False,"rr1,rr2,regime",True,True,True,True,False,False,True,True,True,False,REJECT,2026-08-21,2026-08-21,1367.800048828125,1350.0999755859375,-0.012940541460977562,-0.014440541460977561,2026-08-21,2026-08-25,1367.800048828125,1350.0,-0.013013633713038208,-0.014513633713038208,2026-08-21,2026-08-27,1367.800048828125,1330.0,-0.027635653954326544,-0.029135653954326546
2026-08-21,ADANIENT,UNFAVORABLE,24252.0,,11.199999809265137,2997.0,45.495405492754166,-0.019881652931117433,0.018644836475240123,0.7969362717495564,-0.0018318068276436117,-0.012553160169469058,0.0977755107404173,0.17146943414628318,-0.02099169484615153,-0.026641239248689094,-0.013550957125401997,-0.022333197861038545,0.5147041755669546,30,0.23732745167469096,2913.182137625558,2997.0,2997.0,0.0,0.0,False,"p3,p5,er3,er5,rr1,rr2,regime",False,False,False,False,False,False,True,True,True,False,False,"p3,p5,er3,er5,rr1,rr2,regime",False,False,False,False,False,False,True,True,True,False,False,"p3,p5,er3,er5,rr1,rr2,regime",False,False,False,False,False,False,True,True,True,False,REJECT,2026-08-24,2026-08-24,3010.0,2998.60009765625,-0.003787342971345531,-0.0052873429713455305,2026-08-24,2026-08-26,3010.0,3112.0,0.03388704318936875,0.03238704318936875,2026-08-24,2026-08-28,3010.0,3168.5,0.05265780730897007,0.05115780730897007
2026-08-21,ADANIPORTS,UNFAVORABLE,24252.0,,11.199999809265137,1700.0,44.538237301879334,-0.04048368441389316,0.015252100840336133,0.497543270214942,0.010461231176020158,0.0,0.3717942349658597,0.4203033859903827,-0.0019028361762416142,0.0006323024202747302,-0.004408023734943589,-0.009981681148951316,0.4,30,0.2767470047718724,1661.107142857143,1700.0,1701.0749141144672,0.0,0.027637828471149834,False,"p3,p5,er3,er5,rr1,rr2,trend,regime",False,False,False,False,False,False,True,False,True,False,False,"p3,p5,er3,er5,rr1,rr2,trend,regime",False,False,False,False,False,False,True,False,True,False,False,"p3,p5,er3,er5,rr1,rr2,trend,regime",False,False,False,False,False,False,True,False,True,False,REJECT,2026-08-24,2026-08-24,1700.0,1672.0999755859375,-0.016411779067095567,-0.017911779067095568,2026-08-24,2026-08-26,1700.0,1691.5,-0.0050000000000000044,-0.006500000000000004,2026-08-24,2026-08-28,1700.0,1707.5,0.004411764705882337,0.0029117647058823372
2026-08-21,APOLLOHOSP,UNFAVORABLE,24252.0,,11.199999809265137,8693.0,45.180472410784525,-0.0073269769256519846,0.02179975794600306,0.4613829374261499,-0.014063740501304323,-0.025503054761504385,0.6271397418689745,0.5520031733303721,0.003802852005203567,0.004329322568624189,0.006548460250498489,0.0028995342132088764,0.4,30,0.27425736074465973,8408.742056263094,8726.058192481234,8730.63480108905,0.11629645964030116,0.13239665563711872,False,"rr1,rr2,regime",True,True,True,True,False,False,True,True,True,False,False,"rr1,rr2,regime",True,True,True,True,False,False,True,True,True,False,False,"rr1,rr2,regime",True,True,True,True,False,False,True,True,True,False,REJECT,2026-08-24,2026-08-24,8680.0,8702.0,0.0025345622119816724,0.0010345622119816724,2026-08-24,2026-08-26,8680.0,8766.5,0.009965437788018505,0.008465437788018506,,,,,,
2026-08-21,ASIANPAINT,UNFAVORABLE,24252.0,,11.199999809265137,2640.0,39.60423478965803,-0.022172577533531634,0.01766504064782873,0.32710443251687443,0.004413368622448344,-0.02088048355471206,0.29481192760978747,0.36442564001982375,-0.0007670198036309778,0.0010481546027485493,-0.0068935078084298995,-0.004965805043663618,0.4,30,0.357401270716379,2570.0464390345983,2640.0,2642.767128151256,0.0,0.03955664462349234,False,"p3,p5,er3,er5,rr1,rr2,trend,regime",False,False,False,False,False,False,True,False,True,False,False,"p3,p5,er3,er5,rr1,rr2,regime",False,False,False,False,False,False,True,True,True,False,False,"p3,p5,er3,rr1,rr2,regime",False,False,False,True,False,False,True,True,True,False,REJECT,2026-08-24,2026-08-24,2640.39990234375,2640.800048828125,0.00015154768185676737,-0.0013484523181432327,2026-08-24,2026-08-26,2640.39990234375,2626.5,-0.005264317095077797,-0.006764317095077797,2026-08-24,2026-08-28,2640.39990234375,2608.699951171875,-0.012005738654866871,-0.01350573865486687
2026-08-21,AXISBANK,UNFAVORABLE,24252.0,,11.199999809265137,1245.800048828125,47.64706267978937,-0.03567747681707523,0.014981776520938279,0.6629361720015651,0.002252653924477155,0.023328424383539437,0.5332288181155677,0.5068901022014186,0.00012302986054724607,-9.065415972961833e-05,0.004323111199937002,0.0018050132846935685,0.4,30,0.34426305936961443,1217.8036019461495,1245.9533194344021,1245.800048828125,0.0054746449405986665,0.0,False,"p3,p5,er3,er5,rr1,rr2,trend,regime",False,False,False,False,False,False,True,False,True,False,False,"p5,er3,er5,rr1,rr2,trend,regime",True,False,False,False,False,False,True,False,True,False,False,"p5,er5,rr1,rr2,trend,regime",True,False,True,False,False,False,True,False,True,False,REJECT,2026-08-24,2026-08-24,1245.800048828125,1236.0,-0.00786647009473429,-0.00936647009473429,2026-08-24,2026-08-26,1245.800048828125,1255.0,0.007384773487951746,0.005884773487951746,2026-08-24,2026-08-28,1245.800048828125,1265.0,0.015411743794628618,0.013911743794628619
2026-08-21,BAJAJ-AUTO,UNFAVORABLE,24252.0,,11.199999809265137,11700.0,62.9115502161389,0.08857056728482582,0.01584249084249084,0.8650924110406865,0.00801240630653921,0.0,0.3971458500113552,0.3888168679949028,-0.0037729095183772245,-0.006695781065518906,-0.00384386709583201,-0.0059995025641054744,0.4,30,0.48480186941294273,11421.964285714286,11700.0,11700.0,0.0,0.0,False,"p3,p5,er3,er5,rr1,rr2,regime",False,False,False,False,False,False,True,True,True,False,False,"p3,p5,er3,er5,rr1,rr2,regime",False,False,False,False,False,False,True,True,True,False,False,"p3,p5,er3,er5,rr1,rr2,regime",False,False,False,False,False,False,True,True,True,False,REJECT,2026-08-24,2026-08-24,11735.0,11800.0,0.0055389859394971985,0.004038985939497199,2026-08-24,2026-08-26,11735.0,11724.0,-0.0009373668512995259,-0.002437366851299526,2026-08-24,2026-08-28,11735.0,11910.0,0.014912654452492458,0.013412654452492458
2026-08-21,BAJFINANCE,UNFAVORABLE,24252.0,,11.199999809265137,1095.0,55.12827424432947,0.05091596861275183,0.020332685795315556,0.3671439541449257,0.0006396336842209305,0.007359705611775569,0.5388993299426443,0.5276275572015938,0.0021654870371518127,0.0031091616352099437,0.003048985196913212,0.0022101421810928334,0.4,30,0.6879298662570571,1061.603563581194,1097.3712083056814,1098.404531990555,0.07100183612243625,0.10194297223394116,False,"p3,p5,er5,rr1,rr2,regime",False,False,True,False,False,False,True,True,True,False,False,"rr1,rr2,regime",True,True,True,True,False,False,True,True,True,False,False,"rr1,rr2,regime",True,True,True,True,False,False,True,True,True,False,REJECT,2026-08-24,2026-08-24,1086.0,1077.0,-0.008287292817679592,-0.009787292817679592,2026-08-24,2026-08-26,1086.0,1085.0,-0.0009208103130755596,-0.0024208103130755596,2026-08-24,2026-08-28,1086.0,1079.9000244140625,-0.005616920429040051,-0.0071169204290400506
2026-08-21,BAJAJFINSV,UNFAVORABLE,24252.0,,11.199999809265137,2032.5,61.18049741062166,0.06763070102200319,0.0174942866546411,0.6117185239332288,0.010590716659332644,0.012049967924860683,0.46482619054043434,0.40096216783926186,0.007887922436474572,0.007785642287306619,-0.002575464795582294,-0.00757176250546987,0.4,30,0.6107910305895424,1979.1642935616628,2048.5322023521344,2048.3243179489505,0.3005904191157502,0.29669275998519634,False,"p3,p5,rr1,rr2,regime",False,False,True,True,False,False,True,True,True,False,False,"p3,p5,rr1,rr2,regime",False,False,True,True,False,False,True,True,True,False,False,"p3,p5,rr1,rr2,regime",False,False,True,True,False,False,True,True,True,False,REJECT,2026-08-24,2026-08-24,2020.0,2001.699951171875,-0.009059430112933198,-0.010559430112933197,2026-08-24,2026-08-26,2020.0,2010.0,-0.004950495049504955,-0.0064504950495049545,2026-08-24,2026-08-28,2020.0,2002.0,-0.008910891089108919,-0.010410891089108918
2026-08-21,BEL,UNFAVORABLE,24252.0,,11.199999809265137,414.0,60.829975379018116,0.014583523799016396,0.01571514510235468,1.0126549438383756,0.004854368932038833,0.0077897086224938406,0.4007887092542101,0.45886338252918196,-0.00028456880547131477,-0.0003447535119926045,-0.008445214603824192,-0.0009894987403367694,0.4,30,0.3125398375292715,404.2408948914378,414.0,414.0,0.0,0.0,False,"p3,p5,er3,er5,rr1,rr2,regime",False,False,False,False,False,False,True,True,True,False,False,"p3,p5,er3,er5,rr1,rr2,regime",False,False,False,False,False,False,True,True,True,False,False,"p3,p5,er3,er5,rr1,rr2,regime",False,False,False,False,False,False,True,True,True,False,REJECT,2026-08-24,2026-08-24,414.29998779296875,409.0,-0.01279263323468216,-0.01429263323468216,2026-08-24,2026-08-26,414.29998779296875,406.8999938964844,-0.017861438847500688,-0.01936143884750069,2026-08-24,2026-08-28,414.29998779296875,411.8999938964844,-0.0057928891315431885,-0.007292889131543188
2026-08-21,BHARTIARTL,UNFAVORABLE,24252.0,,11.199999809265137,1946.0,52.76798532188462,0.021812926524444887,0.019251940901838478,0.44909001762006434,0.006100738871891442,-0.02314139659199488,0.667103467466076,0.5659618146728077,0.005248214783158416,0.002956067550242397,0.010066145583873976,0.0053599910546267004,0.4,30,0.3478811222053844,1889.8035845075335,1956.2130259680264,1951.7525074527719,0.18173803219522983,0.10236431278331293,False,"er5,rr1,rr2,regime",True,True,True,False,False,False,True,True,True,False,False,"rr1,rr2,regime",True,True,True,True,False,False,True,True,True,False,False,"rr1,rr2,regime",True,True,True,True,False,False,True,True,True,False,REJECT,2026-08-24,2026-08-24,1950.0,1935.0,-0.007692307692307665,-0.009192307692307665,2026-08-24,2026-08-26,1950.0,1902.0999755859375,-0.024564115084134586,-0.026064115084134587,2026-08-24,2026-08-28,1950.0,1882.4000244140625,-0.03466665414663461,-0.036166654146634614
2026-08-21,BPCL,UNFAVORABLE,24252.0,,11.199999809265137,311.0,45.78278512594912,-0.007227131883574822,0.019453393027603925,0.9825988188348718,0.002255920833288183,-0.026451751085095898,0.6520943676333929,0.6780196559092438,0.009292463704670899,0.015378720603283243,0.010921959197619957,0.018864739890184223,0.4,30,0.21161681727801487,301.92499215262274,313.8899562121527,315.7827821076211,0.31845219979483685,0.5270278756842429,False,"rr1,rr2,regime",True,True,True,True,False,False,True,True,True,False,False,"rr1,rr2,regime",True,True,True,True,False,False,True,True,True,False,False,"rr1,rr2,regime",True,True,True,True,False,False,True,True,True,False,REJECT,2026-08-24,2026-08-24,311.1499938964844,311.8999938964844,0.0024104130313740146,0.0009104130313740146,2026-08-24,2026-08-26,311.1499938964844,318.0,0.022015125302539795,0.020515125302539794,2026-08-24,2026-08-28,311.1499938964844,319.25,0.026032480354829746,0.024532480354829744
2026-08-21,BRITANNIA,UNFAVORABLE,24252.0,,11.199999809265137,5365.0,44.86375665431955,0.0065979976091905534,0.02148182665424045,1.9577524810104034,-0.023657870791628732,-0.03472472112270597,0.3982908794720769,0.5033038445039446,-0.00045026352888504384,0.0002730764279668196,-0.003610578271766529,-0.0003045909828393589,0.4,30,0.4879447299924251,5192.125,5365.0,5366.465055036042,0.0,0.008474649521573572,False,"p3,p5,er3,er5,rr1,rr2,regime",False,False,False,False,False,False,True,True,True,False,False,"p3,p5,er3,er5,rr1,rr2,regime",False,False,False,False,False,False,True,True,True,False,False,"p3,p5,er3,er5,rr1,rr2,regime",False,False,False,False,False,False,True,True,True,False,REJECT,2026-08-24,2026-08-24,5385.0,5311.0,-0.013741875580315699,-0.015241875580315698,2026-08-24,2026-08-26,5385.0,5310.0,-0.013927576601671321,-0.01542757660167132,2026-08-24,2026-08-28,5385.0,5308.5,-0.014206128133704699,-0.0157061281337047
2026-08-21,CIPLA,UNFAVORABLE,24252.0,,11.199999809265137,1432.199951171875,45.90526336507577,-0.002778217943395389,0.01379995834311176,0.7960722112454444,0.0007686224615348625,-0.012275895743534493,0.5649619387948092,0.6307700158527365,0.0056238102141500795,0.010339482473454868,0.0011581369316283618,0.004223509970300743,0.4409118944172377,30,0.3302084177764329,1402.553501674107,1440.2543718859808,1447.0081574654994,0.2716824729623111,0.49949341470854053,False,"rr1,rr2,regime",True,True,True,True,False,False,True,True,True,False,False,"rr1,rr2,regime",True,True,True,True,False,False,True,True,True,False,False,"rr1,rr2,regime",True,True,True,True,False,False,True,True,True,False,REJECT,2026-08-24,2026-08-24,1428.0,1437.9000244140625,0.006932790205926187,0.005432790205926187,2026-08-24,2026-08-26,1428.0,1402.699951171875,-0.017717121028098748,-0.01921712102809875,2026-08-24,2026-08-28,1428.0,1423.5,-0.0031512605042016695,-0.004651260504201669
2026-08-21,COALINDIA,UNFAVORABLE,24252.0,,11.199999809265137,405.20001220703125,38.1734580987017,-0.041200889352000836,0.012648085402908304,1.416377084655849,-0.004177885758055777,-0.004667142883808428,0.4145174244893689,0.49834608586258416,-0.00492113896574114,-0.004261856477654604,-0.002964273097377401,0.0004185437416350801,0.4,30,0.33407999406875877,397.5125056675502,405.20001220703125,405.20001220703125,0.0,0.0,False,"p3,p5,er3,er5,rr1,rr2,trend,regime",False,False,False,False,False,False,True,False,True,False,False,"p3,p5,er3,er5,rr1,rr2,trend,regime",False,False,False,False,False,False,True,False,True,False,False,"p3,p5,er3,er5,rr1,rr2,trend,regime",False,False,False,False,False,False,True,False,True,False,REJECT,2026-08-24,2026-08-24,406.0,406.8999938964844,0.002216733735183274,0.0007167337351832738,2026-08-24,2026-08-26,406.0,403.5,-0.006157635467980316,-0.007657635467980315,2026-08-24,2026-08-28,406.0,401.0,-0.012315270935960632,-0.013815270935960631
2026-08-21,DRREDDY,UNFAVORABLE,24252.0,,11.199999809265137,1174.699951171875,43.20451041497123,-0.04867346169456932,0.017396553017715005,0.7343011887847614,-0.00347819603530386,-0.021083374023437518,0.748379403476974,0.8218260358413937,0.01227271001205219,0.024438305005186598,0.016526877972164455,0.03245351328685353,0.43126086067108543,30,0.38321057667053676,1144.0463562011719,1189.116703023779,1203.407626868191,0.4703119443472382,0.9365190518029991,False,"rr1,rr2,trend,regime",True,True,True,True,False,False,True,False,True,False,False,"rr1,rr2,trend,regime",True,True,True,True,False,False,True,False,True,False,False,"rr1,rr2,trend,regime",True,True,True,True,False,False,True,False,True,False,REJECT,2026-08-24,2026-08-24,1179.4000244140625,1190.0,0.008987599937691826,0.007487599937691826,2026-08-24,2026-08-26,1179.4000244140625,1182.0,0.00220449002214429,0.0007044900221442898,2026-08-24,2026-08-28,1179.4000244140625,1178.0,-0.0011870649356294782,-0.0026870649356294783
2026-08-21,EICHERMOT,UNFAVORABLE,24252.0,,11.199999809265137,8010.0,60.69407467536339,0.05060365731484229,0.01523096129837703,0.6464071396071412,-0.0010600486375257345,-0.007004276947870869,0.49488068107737593,0.562742210841249,0.00040812060719568684,0.0026002064157578976,0.00020574878107043615,0.003699334392067377,0.4,30,0.3935034235317521,7827.0,8013.269046063638,8030.827653390222,0.017863639692009225,0.11381231360776892,False,"p3,er3,er5,rr1,rr2,regime",False,True,False,False,False,False,True,True,True,False,False,"p3,er3,rr1,rr2,regime",False,True,False,True,False,False,True,True,True,False,False,"p3,rr1,rr2,regime",False,True,True,True,False,False,True,True,True,False,REJECT,2026-08-24,2026-08-24,8010.0,8047.0,0.004619225967540608,0.0031192259675406077,2026-08-24,2026-08-26,8010.0,8035.0,0.003121098626716501,0.0016210986267165008,2026-08-24,2026-08-28,8010.0,8059.0,0.006117353308364493,0.004617353308364493
2026-08-21,ETERNAL,UNFAVORABLE,24252.0,,11.199999809265137,328.0,69.53473418452455,0.12875750403861552,0.02099304332135031,1.086311747632992,0.03830328058657906,0.02982731554160134,0.5607815854468723,0.49062222185340104,0.00450048443755535,1.5565963458722678e-05,0.0035727441325659193,0.00013486396475520523,0.4,30,0.3714698063507199,317.67142268589566,329.47615889551815,328.00510563601443,0.142919866950346,0.0004943213241442549,False,"p5,er5,rr1,rr2,regime",True,False,True,False,False,False,True,True,True,False,False,"p5,er5,rr1,rr2,regime",True,False,True,False,False,False,True,True,True,False,False,"p5,er5,rr1,rr2,regime",True,False,True,False,False,False,True,True,True,False,REJECT,2026-08-24,2026-08-24,323.0,327.1499938964844,0.012848278317289186,0.011348278317289186,2026-08-24,2026-08-26,323.0,327.0,0.01238390092879249,0.010883900928792491,2026-08-24,2026-08-28,323.0,328.0,0.015479876160990669,0.01397987616099067
2026-08-21,GRASIM,UNFAVORABLE,24252.0,,11.199999809265137,3308.0,59.701144793290254,0.04327952653846556,0.026887382491950627,1.5873101499075282,0.00893648374797218,0.018253470532646254,0.6309946074609144,0.5556778989084997,0.012857589116530288,0.010841132740138305,0.008518001592349278,0.004998550179627581,0.4,30,0.5636695235489712,3174.584808074941,3350.5329047974824,3343.8624671043776,0.31880106143664416,0.26880347422894724,False,"rr1,rr2,regime",True,True,True,True,False,False,True,True,True,False,False,"rr1,rr2,regime",True,True,True,True,False,False,True,True,True,False,False,"rr1,rr2,regime",True,True,True,True,False,False,True,True,True,False,REJECT,2026-08-24,2026-08-24,3316.0,3288.0,-0.008443908323281013,-0.009943908323281013,2026-08-24,2026-08-26,3316.0,3299.89990234375,-0.004855276735901692,-0.006355276735901692,,,,,,
2026-08-21,HCLTECH,UNFAVORABLE,24252.0,,11.199999809265137,1302.5,50.36704297056974,0.06411034559245521,0.02181519993959076,0.6134005332636701,0.003466872110939878,-0.04227941176470584,0.6336393454824671,0.7345371050065054,0.006333120215084406,0.01528058389240665,0.00965212484883815,0.017408294069801267,0.4,30,0.2551238978392847,1259.8785531180247,1310.7488890801476,1322.4029605198596,0.19353845736372832,0.4669705506472742,False,"rr1,rr2,regime",True,True,True,True,False,False,True,True,True,False,False,"rr1,rr2,regime",True,True,True,True,False,False,True,True,True,False,False,"rr1,rr2,regime",True,True,True,True,False,False,True,True,True,False,REJECT,2026-08-24,2026-08-24,1302.5,1322.0,0.01497120921305184,0.01347120921305184,2026-08-24,2026-08-26,1302.5,1298.5,-0.003071017274472121,-0.0045710172744721205,2026-08-24,2026-08-28,1302.5,1316.0999755859375,0.010441439989203438,0.008941439989203439
2026-08-21,HDFCBANK,UNFAVORABLE,24252.0,,11.199999809265137,726.9500122070312,37.81333518904567,-0.05502977053769098,0.011009800924269425,0.9712555884915042,0.005463364048452712,-6.87589999570637e-05,0.5970743313919149,0.6570720371264751,0.001983721857843637,0.0012430804863680115,0.002045466647399574,0.0036440148979121068,0.4,30,0.41771546708183416,714.9446498325893,728.3920788358059,727.8536695817709,0.1201185423477664,0.07527114522285554,False,"er3,er5,rr1,rr2,trend,regime",True,True,False,False,False,False,True,False,True,False,False,"er5,rr1,rr2,trend,regime",True,True,True,False,False,False,True,False,True,False,False,"rr1,rr2,trend,regime",True,True,True,True,False,False,True,False,True,False,REJECT,2026-08-24,2026-08-24,732.5,729.0,-0.004778156996587013,-0.006278156996587013,2026-08-24,2026-08-26,732.5,727.2000122070312,-0.007235478215656954,-0.008735478215656954,2026-08-24,2026-08-28,732.5,720.2999877929688,-0.01665530676727811,-0.018155306767278112
2026-08-21,HDFCLIFE,UNFAVORABLE,24252.0,,11.199999809265137,554.7999877929688,54.58535246716205,-0.01080061367812235,0.016691974610719744,0.9660898994434294,0.030747771097015875,0.035364398750433734,0.40528102867665156,0.4397711728516136,-0.006229845047745941,-0.009383092863740455,-0.01218552353896274,-0.011193191866238683,0.4,30,0.26467046205405437,540.9089268275669,554.7999877929688,554.7999877929688,0.0,0.0,False,"p3,p5,er3,er5,rr1,rr2,regime",False,False,False,False,False,False,True,True,True,False,False,"p3,p5,er3,er5,rr1,rr2,regime",False,False,False,False,False,False,True,True,True,False,False,"p3,p5,er3,er5,rr1,rr2,regime",False,False,False,False,False,False,True,True,True,False,REJECT,2026-08-24,2026-08-24,555.0,552.9500122070312,-0.0036936716990427776,-0.005193671699042777,2026-08-24,2026-08-26,555.0,553.0,-0.003603603603603567,-0.005103603603603566,2026-08-24,2026-08-28,555.0,548.0,-0.012612612612612595,-0.014112612612612594
2026-08-21,HEROMOTOCO,UNFAVORABLE,24252.0,,11.199999809265137,5735.0,65.93444331275212,0.11049663519693498,0.023153568314858635,0.6275986732799641,-0.0018275171873640694,-0.00949913644214162,0.6915970572400402,0.5574943147183515,0.004864785170175207,0.004410739736495468,0.004152903037046851,0.0028098116839581078,0.4,30,0.3108843525943367,5535.821428571428,5762.899542950955,5760.295592388801,0.1400730146363171,0.12699956730974235,False,"rr1,rr2,regime",True,True,True,True,False,False,True,True,True,False,False,"rr1,rr2,regime",True,True,True,True,False,False,True,True,True,False,False,"rr1,rr2,regime",True,True,True,True,False,False,True,True,True,False,REJECT,2026-08-24,2026-08-24,5720.0,5685.0,-0.006118881118881148,-0.007618881118881147,2026-08-24,2026-08-26,5720.0,5595.0,-0.021853146853146876,-0.023353146853146878,2026-08-24,2026-08-28,5720.0,5600.0,-0.020979020979020935,-0.022479020979020936
2026-08-21,HINDALCO,UNFAVORABLE,24252.0,,11.199999809265137,1034.0,55.20219856162858,0.047501027457782063,0.02666482032086514,0.5486466316241408,-0.00729644370590754,0.004371053909664857,0.40808940432376595,0.461821241867795,0.002515519175809765,-0.00021511203738948164,-0.0037085597608970122,-0.004656196646471489,0.4,30,0.38831042930245097,992.6428636823382,1036.6010468277873,1034.0,0.06289233393262034,0.0,False,"p3,p5,er5,rr1,rr2,regime",False,False,True,False,False,False,True,True,True,False,False,"p3,p5,er5,rr1,rr2,regime",False,False,True,False,False,False,True,True,True,False,False,"p3,p5,er5,rr1,rr2,regime",False,False,True,False,False,False,True,True,True,False,REJECT,2026-08-24,2026-08-24,1047.949951171875,1058.5,0.010067321265035067,0.008567321265035068,2026-08-24,2026-08-26,1047.949951171875,1053.0,0.0048189790194443916,0.0033189790194443915,2026-08-24,2026-08-28,1047.949951171875,1037.4000244140625,-0.010067204780166206,-0.011567204780166205
2026-08-21,HINDUNILVR,UNFAVORABLE,24252.0,,11.199999809265137,2015.0,37.016294966085106,-0.05209547272384352,0.013899329941731655,0.459501177460046,-0.009828009828009798,-0.02985074626865669,0.4155102590723723,0.44711655917493354,-0.0005244093846088829,0.003467695215818684,-0.0031467811819140268,-0.004939693120992683,0.4,30,0.7604569177455761,1972.989275251116,2015.0,2021.9874058598743,0.0,0.16632433507493705,False,"p3,p5,er3,er5,rr1,rr2,trend,regime",False,False,False,False,False,False,True,False,True,False,False,"p3,p5,er3,rr1,rr2,trend,regime",False,False,False,True,False,False,True,False,True,False,False,"p3,p5,er3,rr1,rr2,trend,regime",False,False,False,True,False,False,True,False,True,False,REJECT,2026-08-24,2026-08-24,2019.9000244140625,2030.0,0.00500023538980221,0.00350023538980221,2026-08-24,2026-08-26,2019.9000244140625,2021.0,0.0005445693215715419,-0.0009554306784284581,2026-08-24,2026-08-28,2019.9000244140625,2010.4000244140625,-0.0047032030720212115,-0.006203203072021211
2026-08-21,ICICIBANK,UNFAVORABLE,24252.0,,11.199999809265137,1420.0,51.77693035906707,0.0141742690126474,0.014159959758551308,0.43425445912263433,0.0056657223796034994,0.0021171489061397875,0.5304626029169077,0.3754774400588632,0.0013916808888344628,-0.001353792267743399,0.0023876642242299795,-0.0053353996568936135,0.4,30,0.35985134713992045,1389.8392857142856,1421.9761868621451,1420.0,0.06552188530498954,0.0,False,"p3,p5,er3,er5,rr1,rr2,regime",False,False,False,False,False,False,True,True,True,False,False,"p5,er5,rr1,rr2,regime",True,False,True,False,False,False,True,True,True,False,False,"p5,er5,rr1,rr2,regime",True,False,True,False,False,False,True,True,True,False,REJECT,2026-08-24,2026-08-24,1420.5,1415.0,-0.003871876099964755,-0.005371876099964755,2026-08-24,2026-08-26,1420.5,1430.0,0.006687785990848294,0.005187785990848294,2026-08-24,2026-08-28,1420.5,1422.800048828125,0.0016191825611580057,0.00011918256115800571
2026-08-21,ICICIGI,UNFAVORABLE,24252.0,,11.199999809265137,1617.0,40.79369084947553,-0.055151788442785565,0.021949825359323924,1.207099360493905,-0.004187737790150026,-0.00797546012269934,0.5389763551943167,0.5066654165842652,0.0019112798991061976,-0.003080488191906695,0.005817026759110333,-0.00037443304634410257,0.4,30,0.3626821212567996,1563.76069859096,1620.0905395968546,1617.0,0.05804996525235759,0.0,False,"p3,p5,er3,er5,rr1,rr2,trend,regime",False,False,False,False,False,False,True,False,True,False,False,"p5,er5,rr1,rr2,trend,regime",True,False,True,False,False,False,True,False,True,False,False,"p5,er5,rr1,rr2,trend,regime",True,False,True,False,False,False,True,False,True,False,REJECT,2026-08-24,2026-08-24,1619.0,1620.0,0.0006176652254477055,-0.0008823347745522945,2026-08-24,2026-08-26,1619.0,1596.9000244140625,-0.013650386402679127,-0.015150386402679126,2026-08-24,2026-08-28,1619.0,1562.0,-0.03520691785052499,-0.03670691785052499
2026-08-21,ICICIPRULI,UNFAVORABLE,24252.0,,11.199999809265137,515.0,57.08308434510827,0.025473560704489362,0.022392507862614857,1.0839176369851424,0.03372137170078471,0.011489749923683679,0.5556500420449889,0.6124723488213255,0.003973745163021402,0.003542421994139941,0.0014988386413088417,0.00484923817550631,0.4,30,0.27268802907694456,497.70178767613,517.0464787589559,516.8243473269821,0.11830579487869693,0.10546450077183137,False,"er5,rr1,rr2,regime",True,True,True,False,False,False,True,True,True,False,False,"rr1,rr2,regime",True,True,True,True,False,False,True,True,True,False,False,"rr1,rr2,regime",True,True,True,True,False,False,True,True,True,False,REJECT,2026-08-24,2026-08-24,517.0999755859375,511.25,-0.011313045565915503,-0.012813045565915502,2026-08-24,2026-08-26,517.0999755859375,515.0499877929688,-0.003964393521090126,-0.005464393521090126,,,,,,
2026-08-21,INDUSINDBK,UNFAVORABLE,24252.0,,11.199999809265137,1005.5999755859375,48.525105225731735,0.014771971987231902,0.016393916600371542,0.886615583142947,-0.009261107797105872,-0.014890294268022686,0.46618533513829963,0.48486403012873325,-0.0010286632166647957,-0.00219836206307059,-0.005779380579759241,-0.0007522440940810338,0.4,30,0.35759711036294334,980.8713923863002,1005.5999755859375,1005.5999755859375,0.0,0.0,False,"p3,p5,er3,er5,rr1,rr2,regime",False,False,False,False,False,False,True,True,True,False,False,"p3,p5,er3,er5,rr1,rr2,regime",False,False,False,False,False,False,True,True,True,False,False,"p3,p5,er3,er5,rr1,rr2,regime",False,False,False,False,False,False,True,True,True,False,REJECT,2026-08-24,2026-08-24,1005.0999755859375,1018.4000244140625,0.013232563079480286,0.011732563079480287,2026-08-24,2026-08-26,1005.0999755859375,1004.0,-0.001094394202224791,-0.002594394202224791,2026-08-24,2026-08-28,1005.0999755859375,994.0,-0.011043653224114935,-0.012543653224114935
2026-08-21,INFY,UNFAVORABLE,24252.0,,11.199999809265137,1121.0,47.14462453980297,0.018718617585282704,0.020026741596609374,0.5160308999621271,0.0053811659192826156,-0.04122472903250185,0.40078223118468587,0.43757870224906226,-0.004881238057752313,-0.004797643257193293,-0.006580448119553162,-0.009093763975045799,0.4,30,0.47096131470771735,1087.3250340053012,1121.0,1121.0,0.0,0.0,False,"p3,p5,er3,er5,rr1,rr2,regime",False,False,False,False,False,False,True,True,True,False,False,"p3,p5,er3,er5,rr1,rr2,regime",False,False,False,False,False,False,True,True,True,False,False,"p3,p5,er3,er5,rr1,rr2,regime",False,False,False,False,False,False,True,True,True,False,REJECT,2026-08-24,2026-08-24,1126.5,1130.0,0.0031069684864624136,0.0016069684864624136,2026-08-24,2026-08-26,1126.5,1120.0,-0.005770084332001768,-0.007270084332001768,2026-08-24,2026-08-28,1126.5,1144.0,0.015534842432312512,0.014034842432312513
2026-08-21,ITC,UNFAVORABLE,24252.0,,11.199999809265137,269.3999938964844,35.374103784911156,-0.050026993690980515,0.014808040982302248,0.5394415666551855,-0.0022222448278356177,-0.03163198391234456,0.4893884656224089,0.628373948408629,-0.0007599819073759945,0.004229826797219057,-0.0010714821216339376,0.007236209856059772,0.4,30,0.5000163184266804,263.41606467110773,269.3999938964844,270.53950920983834,0.0,0.19042927655653286,False,"p3,er3,rr1,rr2,trend,regime",False,True,False,True,False,False,True,False,True,False,False,"p3,er3,rr1,rr2,trend,regime",False,True,False,True,False,False,True,False,True,False,False,"p3,er3,rr1,rr2,trend,regime",False,True,False,True,False,False,True,False,True,False,REJECT,2026-08-24,2026-08-24,270.6000061035156,269.70001220703125,-0.003325919719824766,-0.0048259197198247655,2026-08-24,2026-08-26,270.6000061035156,270.25,-0.0012934445514451998,-0.0027934445514452,2026-08-24,2026-08-28,270.6000061035156,266.0,-0.01699928307376286,-0.018499283073762862
2026-08-21,JIOFIN,UNFAVORABLE,24252.0,,11.199999809265137,244.0,45.48954352781642,0.002066555977684681,0.02148476768984629,0.299638627422824,-0.007323039175792023,-0.020277064805770406,0.3292497325137641,0.3864374296168266,-0.003109936917374845,0.0014853533339928985,-0.007514902454335504,-0.008758256332192238,0.4,30,0.41408204611195354,236.13657502551627,244.0,244.36242621349427,0.0,0.04609012162897487,False,"p3,p5,er3,er5,rr1,rr2,regime",False,False,False,False,False,False,True,True,True,False,False,"p3,p5,er3,er5,rr1,rr2,regime",False,False,False,False,False,False,True,True,True,False,False,"p3,p5,er3,rr1,rr2,regime",False,False,False,True,False,False,True,True,True,False,REJECT,2026-08-24,2026-08-24,244.5500030517578,242.0,-0.010427327826359134,-0.011927327826359134,2026-08-24,2026-08-26,244.5500030517578,241.0,-0.014516471099803918,-0.01601647109980392,2026-08-24,2026-08-28,244.5500030517578,238.39999389648438,-0.02514826856891028,-0.026648268568910283
2026-08-21,JSWSTEEL,UNFAVORABLE,24252.0,,11.199999809265137,1293.699951171875,55.95316805229847,0.027329620667727816,0.01967226130345741,1.3016530588881476,0.02059007264801571,0.01866137887549213,0.5786106646908675,0.6386193544999388,0.004517965657584654,0.009277815560653284,0.0006586750877839442,0.011333910805293557,0.4446397873323096,30,0.2829189985827359,1255.5249459402903,1299.5448431224886,1305.7026607096736,0.15310782317267996,0.31441278043016496,False,"rr1,rr2,regime",True,True,True,True,False,False,True,True,True,False,False,"rr1,rr2,regime",True,True,True,True,False,False,True,True,True,False,False,"rr1,rr2,regime",True,True,True,True,False,False,True,True,True,False,REJECT,2026-08-24,2026-08-24,1298.0,1327.0,0.022342064714946153,0.02084206471494615,2026-08-24,2026-08-26,1298.0,1341.0,0.03312788906009234,0.03162788906009234,,,,,,
2026-08-21,KOTAKBANK,UNFAVORABLE,24252.0,,11.199999809265137,402.79998779296875,62.21369717360897,0.028535852292920882,0.01593311264478289,1.5895129610813525,0.03908163068494708,0.029783955204579327,0.4812478451755861,0.433370240035236,0.0035053605436159473,0.0013021508089687628,0.0003804163370965674,-0.007008390595682312,0.4,30,0.2886104292074426,393.17320142473494,404.2119469771472,403.32449412292596,0.1466698366588444,0.0544840520911481,False,"p3,p5,er5,rr1,rr2,regime",False,False,True,False,False,False,True,True,True,False,False,"p3,p5,er5,rr1,rr2,regime",False,False,True,False,False,False,True,True,True,False,False,"p3,p5,rr1,rr2,regime",False,False,True,True,False,False,True,True,True,False,REJECT,2026-08-24,2026-08-24,403.5,401.45001220703125,-0.005080514976378514,-0.006580514976378514,2026-08-24,2026-08-26,403.5,416.70001220703125,0.03271378489970567,0.031213784899705665,2026-08-24,2026-08-28,403.5,423.70001220703125,0.050061988121514966,0.048561988121514965
2026-08-21,LT,UNFAVORABLE,24252.0,,11.199999809265137,4093.0,60.350931552133346,0.019672481835857125,0.012196775997401923,0.787544171476428,0.007061474504115539,0.008873551885629771,0.6109657934173562,0.6195154890904979,0.0037248152296557226,0.0003136820062555157,0.0032794649808494114,0.006402336360889493,0.4,30,0.2694900164228807,4018.117893763951,4108.24566873498,4094.2839004516036,0.2035956185169512,0.017145624183651828,False,"er5,rr1,rr2,regime",True,True,True,False,False,False,True,True,True,False,False,"er5,rr1,rr2,regime",True,True,True,False,False,False,True,True,True,False,False,"er5,rr1,rr2,regime",True,True,True,False,False,False,True,True,True,False,REJECT,2026-08-24,2026-08-24,4100.0,4090.0,-0.0024390243902439046,-0.003939024390243904,2026-08-24,2026-08-26,4100.0,4038.10009765625,-0.01509753715701223,-0.016597537157012232,2026-08-24,2026-08-28,4100.0,4045.800048828125,-0.013219500285823194,-0.014719500285823193
2026-08-21,M&M,UNFAVORABLE,24252.0,,11.199999809265137,3412.199951171875,57.12990487037092,0.056285333246228975,0.0163970318189178,0.7166650464686257,-0.002718120364788801,-0.004696233534679517,0.5159963801095356,0.5327209072356396,0.0020857157118760565,0.007354800954077442,0.001477968774725058,0.00529151495668978,0.4,30,0.3615704977388641,3328.2750244140625,3419.316830222097,3437.2960026282567,0.08480053930532018,0.29902976893626576,False,"p3,rr1,rr2,regime",False,True,True,True,False,False,True,True,True,False,False,"p3,rr1,rr2,regime",False,True,True,True,False,False,True,True,True,False,False,"p3,rr1,rr2,regime",False,True,True,True,False,False,True,True,True,False,REJECT,2026-08-24,2026-08-24,3419.89990234375,3414.10009765625,-0.0016958989599448193,-0.0031958989599448193,2026-08-24,2026-08-26,3419.89990234375,3398.199951171875,-0.006345200675903828,-0.007845200675903828,2026-08-24,2026-08-28,3419.89990234375,3334.0,-0.025117665661758215,-0.026617665661758216
2026-08-21,MARUTI,UNFAVORABLE,24252.0,,11.199999809265137,13565.0,42.764097176260364,-0.011318142994943603,0.013364195240807846,0.5998918092797877,-0.009203126141260731,-0.019444846031516527,0.7973901736691991,0.6275364764773759,0.011300750418057568,0.01065884916475807,0.007869543979256544,0.008682894993499501,0.567263187556653,30,0.2951822719476535,13293.072037337663,13718.294679420951,13709.587288919944,0.5637326809648572,0.5317117353594222,False,"rr1,rr2,regime",True,True,True,True,False,False,True,True,True,False,False,"rr1,rr2,regime",True,True,True,True,False,False,True,True,True,False,False,"rr1,rr2,regime",True,True,True,True,False,False,True,True,True,False,REJECT,2026-08-24,2026-08-24,13623.0,13620.0,-0.00022021581149522795,-0.001720215811495228,2026-08-24,2026-08-26,13623.0,13520.0,-0.007560742861337455,-0.009060742861337455,2026-08-24,2026-08-28,13623.0,13376.0,-0.018131101813110173,-0.019631101813110174
2026-08-21,NESTLEIND,UNFAVORABLE,24252.0,,11.199999809265137,1477.0999755859375,49.216762034258394,0.015821306307494565,0.022698925222337043,1.1477308828508683,0.00998288928952995,-0.014675472188838579,0.6435132285414645,0.6898795286082768,0.00671399967672517,0.007548733087878364,0.00529085110221672,0.0037937821564354435,0.43713988547282295,30,0.34023696943875426,1426.8071027483259,1487.0172243445122,1488.2502090457472,0.19718994360485365,0.22170603568048597,False,"rr1,rr2,regime",True,True,True,True,False,False,True,True,True,False,False,"rr1,rr2,regime",True,True,True,True,False,False,True,True,True,False,False,"rr1,rr2,regime",True,True,True,True,False,False,True,True,True,False,REJECT,2026-08-24,2026-08-24,1478.699951171875,1471.300048828125,-0.005004329876311608,-0.006504329876311608,2026-08-24,2026-08-26,1478.699951171875,1451.5,-0.018394503327276768,-0.01989450332727677,2026-08-24,2026-08-28,1478.699951171875,1454.5999755859375,-0.016298083709841316,-0.017798083709841317
2026-08-21,NTPC,UNFAVORABLE,24252.0,,11.199999809265137,340.0,44.53278441587623,-0.025005735260380857,0.017636550775095194,0.7172955935664954,0.00860277022835132,0.0,0.4551864794127593,0.3390955212682682,0.0009692584864536251,-0.00177002570333249,-0.0002803612685763346,-0.005082948284970246,0.40852943874416253,30,0.23975890792378646,331.0053591047014,340.3295478853942,340.0,0.036638248178031435,0.0,False,"p3,p5,er3,er5,rr1,rr2,trend,regime",False,False,False,False,False,False,True,False,True,False,False,"p3,p5,er3,er5,rr1,rr2,trend,regime",False,False,False,False,False,False,True,False,True,False,False,"p3,p5,er5,rr1,rr2,regime",False,False,True,False,False,False,True,True,True,False,REJECT,2026-08-24,2026-08-24,340.70001220703125,339.5,-0.003522195961361052,-0.005022195961361052,2026-08-24,2026-08-26,340.70001220703125,334.6000061035156,-0.017904331919450844,-0.019404331919450846,2026-08-24,2026-08-28,340.70001220703125,330.04998779296875,-0.03125924283087744,-0.032759242830877444
2026-08-21,ONGC,UNFAVORABLE,24252.0,,11.199999809265137,236.39999389648438,38.84869855279152,-0.023397177710122397,0.016566957712922492,1.0025340572359436,-0.012943658052257279,0.0,0.5109913948218924,0.4665411217980593,0.0007373402071852977,0.0003309781741340427,-0.0010039118116877965,-0.00195227460196995,0.4,30,0.2913330413777402,230.52535084315707,236.5743011169626,236.47823713482953,0.0296711168484529,0.013318807225374553,False,"p3,p5,er3,er5,rr1,rr2,trend,regime",False,False,False,False,False,False,True,False,True,False,False,"p3,p5,er3,er5,rr1,rr2,regime",False,False,False,False,False,False,True,True,True,False,False,"p3,p5,er5,rr1,rr2,regime",False,False,True,False,False,False,True,True,True,False,REJECT,2026-08-24,2026-08-24,237.0,236.5500030517578,-0.0018987213005999815,-0.0033987213005999815,2026-08-24,2026-08-26,237.0,232.2100067138672,-0.0202109421355815,-0.0217109421355815,2026-08-24,2026-08-28,237.0,232.25,-0.020042194092827037,-0.02154219409282704
2026-08-21,POWERGRID,UNFAVORABLE,24252.0,,11.199999809265137,272.3999938964844,45.888391259042216,-0.033007004543467944,0.02021715174674007,1.9539283416955644,0.016417887673449094,0.023867718078818267,0.4579595743687078,0.4510742215330852,0.009783150724658162,0.017839295707011968,-0.0022254302723057617,-0.0023168920650195046,0.4,30,0.3206081098532395,264.13926587785994,275.06492409416967,277.25941793819203,0.32260234106207203,0.5882561477331921,False,"p3,p5,rr1,rr2,trend,regime",False,False,True,True,False,False,True,False,True,False,False,"p3,p5,rr1,rr2,trend,regime",False,False,True,True,False,False,True,False,True,False,False,"p3,p5,rr1,rr2,trend,regime",False,False,True,True,False,False,True,False,True,False,REJECT,2026-08-24,2026-08-24,274.0,271.3999938964844,-0.009489073370494983,-0.010989073370494982,2026-08-24,2026-08-26,274.0,265.20001220703125,-0.03211674376995899,-0.03361674376995899,2026-08-24,2026-08-28,274.0,266.04998779296875,-0.02901464309135493,-0.03051464309135493
2026-08-21,RELIANCE,UNFAVORABLE,24252.0,,11.199999809265137,1316.0,52.26676777822481,0.007198868603874642,0.015680641906446753,0.522548201648782,-0.004538577912254205,0.004580152671755711,0.4829738303003945,0.3684116321822546,-0.0037403208395176157,-0.010071109833513345,-0.007882190812347922,-0.011733534486351671,0.4391947146409916,30,0.3881997765614868,1285.0464128766741,1316.0,1316.0,0.0,0.0,False,"p3,p5,er3,er5,rr1,rr2,regime",False,False,False,False,False,False,True,True,True,False,False,"p3,p5,er3,er5,rr1,rr2,regime",False,False,False,False,False,False,True,True,True,False,False,"p3,p5,er3,er5,rr1,rr2,regime",False,False,False,False,False,False,True,True,True,False,REJECT,2026-08-24,2026-08-24,1316.5999755859375,1309.800048828125,-0.005164762937798328,-0.006664762937798328,2026-08-24,2026-08-26,1316.5999755859375,1298.0,-0.014127279303388862,-0.015627279303388864,2026-08-24,2026-08-28,1316.5999755859375,1287.0,-0.022482132868614335,-0.023982132868614336
2026-08-21,SBILIFE,UNFAVORABLE,24252.0,,11.199999809265137,1792.9000244140625,40.46456473798893,-0.01506543594661569,0.01780833900038905,0.7368715843931096,0.008380216205884361,-0.0011699028333913564,0.5055785476144458,0.6518760604715338,-0.0011848989761681558,0.005350170524243018,0.00034686678794948467,0.00450980377929644,0.4,30,0.3613540706027633,1745.0071672712054,1792.9000244140625,1802.492345277597,0.0,0.20028708738177933,False,"p3,er3,rr1,rr2,regime",False,True,False,True,False,False,True,True,True,False,False,"p3,er3,rr1,rr2,regime",False,True,False,True,False,False,True,True,True,False,False,"p3,er3,rr1,rr2,regime",False,True,False,True,False,False,True,True,True,False,REJECT,2026-08-24,2026-08-24,1801.699951171875,1761.800048828125,-0.022145697632837247,-0.023645697632837248,2026-08-24,2026-08-26,1801.699951171875,1768.199951171875,-0.018593551039511658,-0.02009355103951166,,,,,,
2026-08-21,SBIN,UNFAVORABLE,24252.0,,11.199999809265137,1048.699951171875,49.42724542185377,0.007340570158104409,0.01965699785405406,0.6492977399133583,-0.004083617120726468,-0.017795261654874217,0.5847629363598124,0.7117979076553608,0.001136287153365354,0.008160886220691575,0.00473225635295671,0.008807189077255306,0.4,30,0.3567463887850974,1017.7785121372767,1049.8915754541265,1057.2582721530337,0.0385371547850078,0.27677628365169793,False,"er3,rr1,rr2,regime",True,True,False,True,False,False,True,True,True,False,False,"rr1,rr2,regime",True,True,True,True,False,False,True,True,True,False,False,"rr1,rr2,regime",True,True,True,True,False,False,True,True,True,False,REJECT,2026-08-24,2026-08-24,1047.9000244140625,1039.5,-0.008016055175453785,-0.009516055175453784,2026-08-24,2026-08-26,1047.9000244140625,1052.0,0.003912563689680182,0.002412563689680182,2026-08-24,2026-08-28,1047.9000244140625,1047.5,-0.000381739101767975,-0.001881739101767975
2026-08-21,SHRIRAMFIN,UNFAVORABLE,24252.0,,11.199999809265137,1130.0,60.96390163410024,0.06990159150115494,0.02117573464414112,0.5279124634575187,0.01948752716543467,0.007130124777183555,0.6469746677951026,0.5581190266834581,0.0024923930522037273,0.006784915055473827,0.005609658872782752,0.003501125030356489,0.4,30,0.2981845553513932,1094.107129778181,1132.8164041489904,1137.6669540126854,0.07846695267291026,0.2136066011244969,False,"rr1,rr2,regime",True,True,True,True,False,False,True,True,True,False,False,"rr1,rr2,regime",True,True,True,True,False,False,True,True,True,False,False,"rr1,rr2,regime",True,True,True,True,False,False,True,True,True,False,REJECT,2026-08-24,2026-08-24,1120.5,1119.0,-0.0013386880856760541,-0.002838688085676054,2026-08-24,2026-08-26,1120.5,1117.5,-0.0026773761713521083,-0.004177376171352108,2026-08-24,2026-08-28,1120.5,1086.9000244140625,-0.02998659133060022,-0.03148659133060022
2026-08-21,SUNPHARMA,UNFAVORABLE,24252.0,,11.199999809265137,1902.4000244140625,43.09324481051897,-0.005096159897645225,0.015360291070885103,0.6365752096449644,0.014559249737920776,-0.014300505484941661,0.6693019969639195,0.6680684213930845,0.0019052736201026002,0.004965942980827719,0.0033207847724980866,0.005269093106940681,0.41487029985181734,30,0.25392849368724235,1858.567897251674,1906.0246169954612,1911.8472344620282,0.08269260052039835,0.21553163534513797,False,"er3,rr1,rr2,regime",True,True,False,True,False,False,True,True,True,False,False,"rr1,rr2,regime",True,True,True,True,False,False,True,True,True,False,False,"rr1,rr2,regime",True,True,True,True,False,False,True,True,True,False,REJECT,2026-08-24,2026-08-24,1902.4000244140625,1910.0,0.003994940858076612,0.002494940858076612,2026-08-24,2026-08-26,1902.4000244140625,1899.5,-0.0015244030576354595,-0.0030244030576354595,,,,,,
2026-08-21,TATACONSUM,UNFAVORABLE,24252.0,,11.199999809265137,1049.0,39.90810812767786,-0.04276093874857145,0.019889689199641666,0.7806534096804948,-0.011868854442072752,-0.02825382121352482,0.7510142099750527,0.5533265228105279,0.006164542743714956,0.0067377954138682725,0.0072753464429777814,0.0016639709828543126,0.4,30,0.29264629001435327,1017.7035740443638,1055.466605338157,1056.0679473891478,0.20662440328885048,0.22583880342013624,False,"rr1,rr2,trend,regime",True,True,True,True,False,False,True,False,True,False,False,"rr1,rr2,trend,regime",True,True,True,True,False,False,True,False,True,False,False,"rr1,rr2,trend,regime",True,True,True,True,False,False,True,False,True,False,REJECT,2026-08-24,2026-08-24,1049.0,1062.5,0.012869399428026673,0.011369399428026674,2026-08-24,2026-08-26,1049.0,1047.0999755859375,-0.0018112720820424588,-0.003311272082042459,2026-08-24,2026-08-28,1049.0,1040.699951171875,-0.007912343973427105,-0.009412343973427105
2026-08-21,TATASTEEL,UNFAVORABLE,24252.0,,11.199999809265137,183.0,40.300764795137276,-0.030391663206188246,0.020265428839392443,1.2368726378953958,-0.013477088948787075,-0.0027247956403270157,0.5321886266741807,0.5502013579842597,0.0031265023068172823,0.006795981499853167,0.0013026393251636126,0.004067061776432901,0.4,30,0.36896793427666935,177.4371397835868,183.57214992214756,184.24366461447315,0.10285175249585311,0.22356567774320768,False,"p3,rr1,rr2,trend,regime",False,True,True,True,False,False,True,False,True,False,False,"rr1,rr2,trend,regime",True,True,True,True,False,False,True,False,True,False,False,"rr1,rr2,trend,regime",True,True,True,True,False,False,True,False,True,False,REJECT,2026-08-24,2026-08-24,184.14999389648438,186.3000030517578,0.011675314833200723,0.010175314833200723,2026-08-24,2026-08-26,184.14999389648438,188.00999450683594,0.02096117696599742,0.019461176965997418,2026-08-24,2026-08-28,184.14999389648438,186.5,0.012761369434726166,0.011261369434726167
2026-08-21,TCS,UNFAVORABLE,24252.0,,11.199999809265137,2302.0,48.29934612739209,0.032131769183908254,0.02438560922373402,0.5779090977280619,0.009649122807017463,-0.02498941126641252,0.41928172687130344,0.4355504171295773,-0.0024124205921473513,-0.0008909060652967805,-0.005654390785515495,-0.0075005867671900095,0.4,30,0.5156104261372374,2217.7964913504466,2302.0,2302.0,0.0,0.0,False,"p3,p5,er3,er5,rr1,rr2,regime",False,False,False,False,False,False,True,True,True,False,False,"p3,p5,er3,er5,rr1,rr2,regime",False,False,False,False,False,False,True,True,True,False,False,"p3,p5,er3,er5,rr1,rr2,regime",False,False,False,False,False,False,True,True,True,False,REJECT,2026-08-24,2026-08-24,2302.39990234375,2284.10009765625,-0.00794814344322703,-0.009448143443227029,2026-08-24,2026-08-26,2302.39990234375,2270.0,-0.014072230593290214,-0.015572230593290213,2026-08-24,2026-08-28,2302.39990234375,2342.0,0.01719948720286979,0.01569948720286979
2026-08-21,TECHM,UNFAVORABLE,24252.0,,11.199999809265137,1584.0,48.61781594045533,0.04204351132788342,0.01962482843220148,0.4584738325611337,-0.005025125628140725,-0.029887339152855352,0.3288300135123034,0.3546036136925974,-0.005662961364301097,-0.001681234399516865,-0.008843550329469652,-0.009788307727018275,0.4,30,0.3103164522879841,1537.3714076450892,1584.0,1584.0,0.0,0.0,False,"p3,p5,er3,er5,rr1,rr2,regime",False,False,False,False,False,False,True,True,True,False,False,"p3,p5,er3,er5,rr1,rr2,regime",False,False,False,False,False,False,True,True,True,False,False,"p3,p5,er3,er5,rr1,rr2,regime",False,False,False,False,False,False,True,True,True,False,REJECT,2026-08-24,2026-08-24,1580.0999755859375,1584.0,0.0024682137043994246,0.0009682137043994245,2026-08-24,2026-08-26,1580.0999755859375,1571.0,-0.0057591138070633985,-0.007259113807063398,2026-08-24,2026-08-28,1580.0999755859375,1640.9000244140625,0.038478608801685965,0.036978608801685964
2026-08-21,TITAN,UNFAVORABLE,24252.0,,11.199999809265137,5086.10009765625,69.12566229272565,0.08613888344237952,0.018241592314685025,0.37131954048520616,0.007427801623148822,0.005913512358840078,0.440712264327345,0.44447089719266064,-0.00519518301579599,-0.01051219362245156,-0.0020801406342271234,-0.003904393875412082,0.4,30,0.3824917394401324,4946.9322509765625,5086.10009765625,5086.10009765625,0.0,0.0,False,"p3,p5,er3,er5,rr1,rr2,regime",False,False,False,False,False,False,True,True,True,False,False,"p3,p5,er3,er5,rr1,rr2,regime",False,False,False,False,False,False,True,True,True,False,False,"p3,p5,er3,er5,rr1,rr2,regime",False,False,False,False,False,False,True,True,True,False,REJECT,2026-08-24,2026-08-24,5086.7998046875,5079.0,-0.0015333421772000255,-0.0030333421772000256,2026-08-24,2026-08-26,5086.7998046875,5100.0,0.002594990135120989,0.0010949901351209892,2026-08-24,2026-08-28,5086.7998046875,5169.2001953125,0.01619886643643187,0.01469886643643187
2026-08-21,TRENT,UNFAVORABLE,24252.0,,11.199999809265137,2924.0,42.33151921895613,-0.03549344910803298,0.023348637011127122,0.49182151159007276,-0.006152101239066954,-0.01813297515110812,0.5740190831347567,0.7297035478169893,0.01705552870309804,0.02714995667775908,0.009102415077607562,0.027355931847836246,0.4,30,0.3063575800317504,2821.5928780691966,2973.8703659278585,3003.386473325768,0.4869814226549201,0.7752046130093309,False,"rr1,rr2,trend,regime",True,True,True,True,False,False,True,False,True,False,False,"rr1,rr2,trend,regime",True,True,True,True,False,False,True,False,True,False,False,"rr1,rr2,trend,regime",True,True,True,True,False,False,True,False,True,False,REJECT,2026-08-24,2026-08-24,2924.0,2905.0,-0.0064979480164159,-0.0079979480164159,2026-08-24,2026-08-26,2924.0,2908.199951171875,-0.005403573470631029,-0.006903573470631029,2026-08-24,2026-08-28,2924.0,2898.0,-0.008891928864569132,-0.010391928864569131
2026-08-21,ULTRACEMCO,UNFAVORABLE,24252.0,,11.199999809265137,11570.0,45.95919613618836,0.003347925744015212,0.016995925422891713,0.5736331112047012,0.006174449952169647,-0.0042172303984852055,0.6652436486813562,0.730570460070204,0.0051616552232096186,0.006141643458188367,0.005269750208776736,0.00886265676673792,0.4645216655607048,30,0.42426977712382646,11275.035714285714,11629.720350932535,11641.05881481124,0.20246637923610478,0.24090650377947945,False,"rr1,rr2,regime",True,True,True,True,False,False,True,True,True,False,False,"rr1,rr2,regime",True,True,True,True,False,False,True,True,True,False,False,"rr1,rr2,regime",True,True,True,True,False,False,True,True,True,False,REJECT,2026-08-24,2026-08-24,11566.0,11504.0,-0.0053605395123638155,-0.006860539512363815,2026-08-24,2026-08-26,11566.0,11717.0,0.013055507522047316,0.011555507522047316,2026-08-24,2026-08-28,11566.0,11589.0,0.0019885872384575176,0.0004885872384575176
2026-08-21,WIPRO,UNFAVORABLE,24252.0,,11.199999809265137,180.7899932861328,48.78260404539136,0.01579779266811876,0.015693018805629583,0.36698995441073434,0.015331886807651518,-0.017445688662321657,0.4235865456772479,0.5299588540232741,-0.005193995740075789,0.0016478942992357187,-0.0031672088969652012,0.004872321733727203,0.4,30,0.46348868697476425,176.53428213936942,180.7899932861328,181.0879160854279,0.0,0.0700054089718176,False,"p3,p5,er3,er5,rr1,rr2,regime",False,False,False,False,False,False,True,True,True,False,False,"p3,er3,er5,rr1,rr2,regime",False,True,False,False,False,False,True,True,True,False,False,"p3,er3,rr1,rr2,regime",False,True,False,True,False,False,True,True,True,False,REJECT,2026-08-24,2026-08-24,181.0,181.30999755859375,0.0017126936938880455,0.00021269369388804546,2026-08-24,2026-08-26,181.0,177.35000610351562,-0.02016571213527274,-0.02166571213527274,2026-08-24,2026-08-28,181.0,180.9499969482422,-0.00027625995446300955,-0.0017762599544630096
2026-08-21,APOLLOTYRE,UNFAVORABLE,24252.0,,11.199999809265137,439.70001220703125,54.404957359816095,0.016575543106007284,0.021743721756318845,2.1012863837607196,0.008486266529888153,-0.009907664571071395,0.5487930344759643,0.5867389120539347,0.001501851719596205,0.0018852544361006721,-0.00016647130867208926,0.00470897957330918,0.4,30,0.31795843843441657,425.3589401245117,440.36037642647085,440.5289586055981,0.04604706089194855,0.05780226149042797,False,"er3,er5,rr1,rr2,regime",True,True,False,False,False,False,True,True,True,False,False,"er5,rr1,rr2,regime",True,True,True,False,False,False,True,True,True,False,False,"rr1,rr2,regime",True,True,True,True,False,False,True,True,True,False,REJECT,2026-08-24,2026-08-24,465.04998779296875,445.8500061035156,-0.04128584494878129,-0.04278584494878129,2026-08-24,2026-08-26,465.04998779296875,443.04998779296875,-0.04730674245237043,-0.04880674245237043,2026-08-24,2026-08-28,465.04998779296875,443.5,-0.04633907828971362,-0.04783907828971362
2026-08-21,AUROPHARMA,UNFAVORABLE,24252.0,,11.199999809265137,1621.300048828125,53.96977623723935,0.035615815091843306,0.023323435711655884,0.7490082356479227,-0.014407265150075954,-0.0004931426976463316,0.7219619472106216,0.5568592803031741,0.009313885950460957,0.005780757617644701,0.006989117335191475,0.0032570470080591774,0.4,30,0.35261770111265656,1564.578617640904,1636.4006525743869,1630.672391435876,0.2662239550412462,0.16523459319662953,False,"rr1,rr2,regime",True,True,True,True,False,False,True,True,True,False,False,"rr1,rr2,regime",True,True,True,True,False,False,True,True,True,False,False,"rr1,rr2,regime",True,True,True,True,False,False,True,True,True,False,REJECT,2026-08-24,2026-08-24,1613.5999755859375,1608.0,-0.003470485666005274,-0.004970485666005274,2026-08-24,2026-08-26,1613.5999755859375,1623.0,0.005825498609498325,0.004325498609498326,,,,,,
2026-08-21,BOSCHLTD,UNFAVORABLE,24252.0,,11.199999809265137,48200.0,74.91343701232125,0.14539898272804774,0.02497036158861885,0.6224558743552135,-0.010876256925918315,0.023354564755838636,0.6425760898831655,0.6842018174840326,0.011612521121296973,0.021391996504602013,0.009267201203634667,0.019057496792126427,0.440207125493992,30,0.4106833739754749,46394.642857142855,48759.723518046514,49231.09423152182,0.31003478744416174,0.5711303359566948,False,"rr1,rr2,regime",True,True,True,True,False,False,True,True,True,False,False,"rr1,rr2,regime",True,True,True,True,False,False,True,True,True,False,False,"rr1,rr2,regime",True,True,True,True,False,False,True,True,True,False,REJECT,2026-08-24,2026-08-24,48200.0,48100.0,-0.0020746887966804906,-0.0035746887966804906,2026-08-24,2026-08-26,48200.0,48895.0,0.01441908713692941,0.01291908713692941,,,,,,
2026-08-21,SAIL,UNFAVORABLE,24252.0,,11.199999809265137,173.4600067138672,53.44920091929423,0.018995918820894353,0.034594208931497124,0.8303149159239857,0.019153994266030372,0.023302532800636433,0.46731067120594694,0.39439709229460423,-0.0027646220049862896,-0.0031675499582046753,-0.008576565807699166,-0.014009861547967628,0.4,30,0.29560876434824546,164.78700637817383,173.4600067138672,173.4600067138672,0.0,0.0,False,"p3,p5,er3,er5,rr1,rr2,regime",False,False,False,False,False,False,True,True,True,False,False,"p3,p5,er3,er5,rr1,rr2,regime",False,False,False,False,False,False,True,True,True,False,False,"p3,p5,er3,er5,rr1,rr2,regime",False,False,False,False,False,False,True,True,True,False,REJECT,2026-08-24,2026-08-24,174.8000030517578,179.64999389648438,0.027745942563230264,0.026245942563230262,2026-08-24,2026-08-26,174.8000030517578,194.89999389648438,0.11498850396916183,0.11348850396916182,2026-08-24,2026-08-28,174.8000030517578,200.0,0.14416473974992172,0.14266473974992172
2026-08-21,DLF,UNFAVORABLE,24252.0,,11.199999809265137,678.0999755859375,60.02502104940396,0.04877115759892514,0.024643438665818525,0.7408308316312501,0.018550470275535025,0.01969921140742481,0.1954026891151998,0.21764653440146942,-0.01555523794350514,-0.015944215244509015,-0.014095601672569014,-0.020634817596159594,0.4,30,0.4648534450698601,653.0339028494699,678.0999755859375,678.0999755859375,0.0,0.0,False,"p3,p5,er3,er5,rr1,rr2,regime",False,False,False,False,False,False,True,True,True,False,False,"p3,p5,er3,er5,rr1,rr2,regime",False,False,False,False,False,False,True,True,True,False,False,"p3,p5,er3,er5,rr1,rr2,regime",False,False,False,False,False,False,True,True,True,False,REJECT,2026-08-24,2026-08-24,678.0999755859375,689.0,0.016074361903116063,0.014574361903116064,2026-08-24,2026-08-26,678.0999755859375,672.5,-0.008258333265826479,-0.009758333265826478,2026-08-24,2026-08-28,678.0999755859375,679.7999877929688,0.0025070229586166004,0.0010070229586166004
2026-08-21,NAUKRI,UNFAVORABLE,24252.0,,11.199999809265137,1350.0999755859375,65.6091886257768,0.15604702302870566,0.029431698341308713,0.2758998416607631,-0.00354273285233786,0.005286653451926693,0.5521206977981391,0.5845148009611982,0.008189459325796665,0.010739665895945771,0.0007482680133724662,0.008345599049799701,0.4,30,0.566542959786153,1290.496372767857,1361.1565644217576,1364.599598249855,0.18550202190908743,0.2432675539459028,False,"rr1,rr2,regime",True,True,True,True,False,False,True,True,True,False,False,"rr1,rr2,regime",True,True,True,True,False,False,True,True,True,False,False,"rr1,rr2,regime",True,True,True,True,False,False,True,True,True,False,REJECT,2026-08-24,2026-08-24,1348.0,1349.0,0.0007418397626113293,-0.0007581602373886707,2026-08-24,2026-08-26,1348.0,1323.5,-0.018175074183976236,-0.019675074183976238,2026-08-24,2026-08-28,1348.0,1354.0,0.004451038575667754,0.002951038575667754
2026-08-24,ADANIENT,UNFAVORABLE,24219.05078125,,11.529999732971191,2998.60009765625,45.776722719993906,-0.01971806460231551,0.018103685892675317,0.8181084111223782,0.0027756575235242664,-0.002892944179369472,0.12345882845066725,0.20198396178091554,-0.019947352847813415,-0.025727438852216008,-0.014274822488116401,-0.022333197861038545,0.4832963798236301,30,0.20850037663198326,2917.1715262276784,2998.60009765625,2998.60009765625,0.0,0.0,False,"p3,p5,er3,er5,rr1,rr2,regime",False,False,False,False,False,False,True,True,True,False,False,"p3,p5,er3,er5,rr1,rr2,regime",False,False,False,False,False,False,True,True,True,False,False,"p3,p5,er3,er5,rr1,rr2,regime",False,False,False,False,False,False,True,True,True,False,REJECT,2026-08-25,2026-08-25,2998.0,3110.0,0.03735823882588396,0.03585823882588396,2026-08-25,2026-08-27,2998.0,3169.0,0.05703802535023339,0.05553802535023339,,,,,,
2026-08-24,ADANIPORTS,UNFAVORABLE,24219.05078125,,11.529999732971191,1672.0999755859375,38.50929444498506,-0.05481519086695519,0.015677463128423108,0.4873058467357231,-0.005826772510773459,-0.011176832888268762,0.40869887535792476,0.4796570960989662,-0.0011086011167153595,-0.00101513686992704,-0.00417418120714147,-0.0021598882595095237,0.4,30,0.3044513611273943,1632.7785470145088,1672.0999755859375,1672.0999755859375,0.0,0.0,False,"p3,p5,er3,er5,rr1,rr2,trend,regime",False,False,False,False,False,False,True,False,True,False,False,"p3,p5,er3,er5,rr1,rr2,trend,regime",False,False,False,False,False,False,True,False,True,False,False,"p3,p5,er3,er5,rr1,rr2,trend,regime",False,False,False,False,False,False,True,False,True,False,REJECT,2026-08-25,2026-08-25,1674.0,1702.699951171875,0.017144534750223928,0.015644534750223926,2026-08-25,2026-08-27,1674.0,1714.0,0.0238948626045401,0.0223948626045401,,,,,,
2026-08-24,APOLLOHOSP,UNFAVORABLE,24219.05078125,,11.529999732971191,8702.0,45.66197592777122,-0.006851205204558397,0.020306590904133483,0.716699211918067,-0.005485714285714316,-0.013993541442411161,0.590242522792309,0.520163000178135,0.003532072505679404,0.003488341882091519,0.00510494944431894,0.0019196998228592776,0.4,30,0.35543159405826097,8436.938068928346,8732.736094944421,8732.355551057959,0.11595816426807869,0.1145224851234976,False,"p5,er5,rr1,rr2,regime",True,False,True,False,False,False,True,True,True,False,False,"rr1,rr2,regime",True,True,True,True,False,False,True,True,True,False,False,"rr1,rr2,regime",True,True,True,True,False,False,True,True,True,False,REJECT,2026-08-25,2026-08-25,8663.0,8889.0,0.02608796029089233,0.02458796029089233,2026-08-25,2026-08-27,8663.0,8800.0,0.01581438300819582,0.01431438300819582,,,,,,
2026-08-24,ASIANPAINT,UNFAVORABLE,24219.05078125,,11.529999732971191,2640.800048828125,39.781552687132766,-0.021332964393562137,0.016120649176640196,0.3581991170869495,0.003801125062489863,-0.01737672601744189,0.35456998145700225,0.510495160980304,0.002846617241984582,0.006180650442387474,-0.004863237890994188,0.008553273974940878,0.4,30,0.3652034749019765,2576.9429321289062,2648.3173957797526,2657.1219108181717,0.11772136513829722,0.2555997331812887,False,"p3,p5,rr1,rr2,trend,regime",False,False,True,True,False,False,True,False,True,False,False,"p3,p5,rr1,rr2,regime",False,False,True,True,False,False,True,True,True,False,False,"p3,rr1,rr2,regime",False,True,True,True,False,False,True,True,True,False,REJECT,2026-08-25,2026-08-25,2631.0,2639.800048828125,0.003344754400655736,0.0018447544006557361,2026-08-25,2026-08-27,2631.0,2631.0,0.0,-0.0015,,,,,,
2026-08-24,AXISBANK,UNFAVORABLE,24219.05078125,,11.529999732971191,1236.0,44.60370229823959,-0.041315400856476114,0.014459088837389476,0.6924157983084192,0.0008097165991902688,0.0070886912945062885,0.49936254450219203,0.5691554119278629,-0.0015259238492136681,-0.0027699716777573715,0.0012275484488837307,0.004841664286431291,0.4,30,0.30310874868598,1209.19284929548,1236.0,1236.0,0.0,0.0,False,"p3,er3,er5,rr1,rr2,trend,regime",False,True,False,False,False,False,True,False,True,False,False,"p3,er3,er5,rr1,rr2,trend,regime",False,True,False,False,False,False,True,False,True,False,False,"p3,er3,er5,rr1,rr2,trend,regime",False,True,False,False,False,False,True,False,True,False,REJECT,2026-08-25,2026-08-25,1236.0999755859375,1235.0,-0.0008898759062073713,-0.0023898759062073714,2026-08-25,2026-08-27,1236.0999755859375,1256.0,0.01609904118364658,0.014599041183646579,,,,,,
2026-08-24,BAJAJ-AUTO,UNFAVORABLE,24219.05078125,,11.529999732971191,11800.0,65.50899744121327,0.0940939326001049,0.014636803874092011,0.8745075498351783,0.013310433662516052,0.011746548915373412,0.42143052536421544,0.4162460925120623,-0.0011247962493014922,-0.0030066452309008944,-0.0028201875317755976,-0.004960911639962484,0.4,30,0.5284030642224934,11540.928571428572,11800.0,11800.0,0.0,0.0,False,"p3,p5,er3,er5,rr1,rr2,regime",False,False,False,False,False,False,True,True,True,False,False,"p3,p5,er3,er5,rr1,rr2,regime",False,False,False,False,False,False,True,True,True,False,False,"p3,p5,er3,er5,rr1,rr2,regime",False,False,False,False,False,False,True,True,True,False,REJECT,2026-08-25,2026-08-25,11800.0,11927.0,0.010762711864406693,0.009262711864406694,2026-08-25,2026-08-27,11800.0,11720.0,-0.006779661016949157,-0.008279661016949156,,,,,,
2026-08-24,BAJFINANCE,UNFAVORABLE,24219.05078125,,11.529999732971191,1077.0,49.8847612229637,0.030861385143291953,0.020248046745465247,0.5345488104626687,-0.002962369298761258,-0.01129169951048603,0.5598138968594134,0.4941116716317231,0.0021928124428759344,-0.002929458594976281,0.004198395866527149,-0.0038561724825026955,0.4,30,0.6854319649692798,1044.2892804827009,1079.3616590009772,1077.0,0.07219832017844184,0.0,False,"p5,er5,rr1,rr2,regime",True,False,True,False,False,False,True,True,True,False,False,"p5,er5,rr1,rr2,regime",True,False,True,False,False,False,True,True,True,False,False,"p5,er5,rr1,rr2,regime",True,False,True,False,False,False,True,True,True,False,REJECT,2026-08-25,2026-08-25,1077.0,1087.4000244140625,0.009656475779073803,0.008156475779073804,2026-08-25,2026-08-27,1077.0,1083.0,0.0055710306406684396,0.00407103064066844,,,,,,
2026-08-24,BAJAJFINSV,UNFAVORABLE,24219.05078125,,11.529999732971191,2001.699951171875,54.217486905168954,0.048664889385467536,0.017770605345369374,0.3443320203912008,-0.0051193085626863866,-0.0016459096399625839,0.36951356269256397,0.34574421045097836,-0.00449675360487855,-0.0010358731512523666,-0.008548054190120613,-0.008346218218960422,0.4,30,0.5182265572099926,1948.3428213936943,2001.699951171875,2001.699951171875,0.0,0.0,False,"p3,p5,er3,er5,rr1,rr2,regime",False,False,False,False,False,False,True,True,True,False,False,"p3,p5,er3,er5,rr1,rr2,regime",False,False,False,False,False,False,True,True,True,False,False,"p3,p5,er3,er5,rr1,rr2,regime",False,False,False,False,False,False,True,True,True,False,REJECT,2026-08-25,2026-08-25,2004.9000244140625,2004.0,-0.0004489123662539951,-0.0019489123662539951,2026-08-25,2026-08-27,2004.9000244140625,2011.0,0.003042533548634374,0.001542533548634374,,,,,,
2026-08-24,BEL,UNFAVORABLE,24219.05078125,,11.529999732971191,409.0,53.714475163039225,0.002329841725094317,0.01664190856402119,0.7018847374544249,-0.0004887883701480966,-0.008364679609463854,0.45653692591462475,0.4906090592755267,0.00011870109433417494,-0.003045748369037491,-0.007576511165291788,-0.0059565650191865105,0.4,30,0.24286969145691045,398.790189095973,409.0485487475827,409.0,0.004755107419622924,0.0,False,"p3,p5,er3,er5,rr1,rr2,regime",False,False,False,False,False,False,True,True,True,False,False,"p3,p5,er3,er5,rr1,rr2,regime",False,False,False,False,False,False,True,True,True,False,False,"p3,p5,er5,rr1,rr2,regime",False,False,True,False,False,False,True,True,True,False,REJECT,2026-08-25,2026-08-25,407.0,413.25,0.01535626535626533,0.013856265356265331,2026-08-25,2026-08-27,407.0,411.0,0.00982800982800991,0.00832800982800991,,,,,,
2026-08-24,BHARTIARTL,UNFAVORABLE,24219.05078125,,11.529999732971191,1935.0,50.453819788116206,0.014793500983175445,0.018475447690280086,0.34665794147251505,0.006763787721123737,-0.017417380783865788,0.6717818304938438,0.5382391511948915,0.003923468818709193,0.00323685895057404,0.006736269706168696,0.0035354865975335548,0.4,30,0.39224714006852396,1881.3750130789622,1942.591912164202,1941.2633220693608,0.14157415414163343,0.1167985752347778,False,"er5,rr1,rr2,regime",True,True,True,False,False,False,True,True,True,False,False,"rr1,rr2,regime",True,True,True,True,False,False,True,True,True,False,False,"rr1,rr2,regime",True,True,True,True,False,False,True,True,True,False,REJECT,2026-08-25,2026-08-25,1926.0,1947.0,0.010903426791277315,0.009403426791277316,2026-08-25,2026-08-27,1926.0,1878.300048828125,-0.02476632978809712,-0.02626632978809712,,,,,,
2026-08-24,BPCL,UNFAVORABLE,24219.05078125,,11.529999732971191,311.8999938964844,46.90223758549042,-0.004436803292526603,0.018664421433155425,0.861434383143574,0.015960892170958862,-0.01500078980438202,0.4667203444020043,0.634763554822631,0.003067247658376916,0.006866198057572813,-0.0015003613129612736,0.01086365732565453,0.4,30,0.32479831815155413,303.1678444998605,312.85666842241113,314.0415610287334,0.1095577368725092,0.24525085806216368,False,"p3,rr1,rr2,regime",False,True,True,True,False,False,True,True,True,False,False,"p3,rr1,rr2,regime",False,True,True,True,False,False,True,True,True,False,False,"p3,rr1,rr2,regime",False,True,True,True,False,False,True,True,True,False,REJECT,2026-08-25,2026-08-25,312.04998779296875,318.1000061035156,0.019387978039469678,0.017887978039469676,2026-08-25,2026-08-27,312.04998779296875,318.0,0.01906749700300847,0.01756749700300847,,,,,,
2026-08-24,BRITANNIA,UNFAVORABLE,24219.05078125,,11.529999732971191,5311.0,41.95683061785654,-0.004268518654649833,0.021195900691287625,0.7208331982591921,-0.026040711534934924,-0.03803658757471473,0.6024475665960789,0.46080930142061877,0.003977112163172498,-0.0024533448492921246,0.002887811814221264,-0.0014720577275076918,0.4,30,0.3766439641579159,5142.142857142857,5332.122442698609,5311.0,0.12509060819819257,0.0,False,"p5,er5,rr1,rr2,regime",True,False,True,False,False,False,True,True,True,False,False,"p5,er5,rr1,rr2,regime",True,False,True,False,False,False,True,True,True,False,False,"p5,er5,rr1,rr2,regime",True,False,True,False,False,False,True,True,True,False,REJECT,2026-08-25,2026-08-25,5310.5,5382.5,0.013558045381790729,0.012058045381790729,2026-08-25,2026-08-27,5310.5,5298.0,-0.002353827323227531,-0.003853827323227531,,,,,,
2026-08-24,CIPLA,UNFAVORABLE,24219.05078125,,11.529999732971191,1437.9000244140625,48.17833307169037,0.0004021540771936838,0.014088016001079087,1.330018545573946,0.011181451767976469,0.0044708518435645495,0.46543950477436274,0.6295442793771642,0.0021452267401313612,0.006697577769750112,-0.0011828226295552136,0.0037143688107378336,0.4,30,0.43522351337471515,1407.5142865862165,1440.984645996071,1447.5304716527014,0.10151544120747971,0.31693971998314946,False,"p3,rr1,rr2,regime",False,True,True,True,False,False,True,True,True,False,False,"p3,rr1,rr2,regime",False,True,True,True,False,False,True,True,True,False,False,"p3,rr1,rr2,regime",False,True,True,True,False,False,True,True,True,False,REJECT,2026-08-25,2026-08-25,1435.9000244140625,1422.0,-0.009680356694564796,-0.011180356694564795,2026-08-25,2026-08-27,1435.9000244140625,1420.0,-0.01107321132649941,-0.01257321132649941,,,,,,
2026-08-24,COALINDIA,UNFAVORABLE,24219.05078125,,11.529999732971191,406.8999938964844,40.96083382601143,-0.03575020337129198,0.012902443938078855,1.0770889390643148,0.017249984741210866,-0.003794878844956995,0.4073887749109691,0.4527384383460284,-0.004072715267718022,-0.0025461589553844475,-0.0016586777361204952,-0.0006433023865883292,0.4,30,0.30317656507647556,399.02498735700334,406.8999938964844,406.8999938964844,0.0,0.0,False,"p3,p5,er3,er5,rr1,rr2,trend,regime",False,False,False,False,False,False,True,False,True,False,False,"p3,p5,er3,er5,rr1,rr2,trend,regime",False,False,False,False,False,False,True,False,True,False,False,"p3,p5,er3,er5,rr1,rr2,trend,regime",False,False,False,False,False,False,True,False,True,False,REJECT,2026-08-25,2026-08-25,408.0,404.0,-0.009803921568627416,-0.011303921568627416,2026-08-25,2026-08-27,408.0,400.0,-0.019607843137254943,-0.021107843137254945,,,,,,
2026-08-24,DRREDDY,UNFAVORABLE,24219.05078125,,11.529999732971191,1190.0,48.5723487982038,-0.03500992176354978,0.017274927549144656,1.2793487356566158,0.017094017094017033,-0.001677852348993314,0.6098023595948694,0.7122039354639622,0.006144709605208349,0.018044881293032868,0.003322053013248727,0.012367681972932143,0.4,30,0.345004290332074,1159.1642543247767,1197.3122044301979,1211.4734087387092,0.23713402319546578,0.6963803945225554,False,"rr1,rr2,trend,regime",True,True,True,True,False,False,True,False,True,False,False,"rr1,rr2,trend,regime",True,True,True,True,False,False,True,False,True,False,False,"rr1,rr2,trend,regime",True,True,True,True,False,False,True,False,True,False,REJECT,2026-08-25,2026-08-25,1189.0,1193.5,0.003784693019343921,0.002284693019343921,2026-08-25,2026-08-27,1189.0,1177.0,-0.010092514718250678,-0.011592514718250678,,,,,,
2026-08-24,EICHERMOT,UNFAVORABLE,24219.05078125,,11.529999732971191,8047.0,62.55700454793556,0.054069909594211873,0.014473006799339593,0.4314820377320904,0.007070896689819195,-0.0003726708074534013,0.4813369071767767,0.5253524180240403,-0.001427567049764654,0.0007432909389533981,-0.0029075064128130657,0.0004735397299437949,0.4,30,0.41019813444082787,7872.303571428572,8047.0,8052.981262185757,0.0,0.034238033568681055,False,"p3,p5,er3,er5,rr1,rr2,regime",False,False,False,False,False,False,True,True,True,False,False,"p3,er3,er5,rr1,rr2,regime",False,True,False,False,False,False,True,True,True,False,False,"p3,er3,er5,rr1,rr2,regime",False,True,False,False,False,False,True,True,True,False,REJECT,2026-08-25,2026-08-25,8008.5,8055.0,0.005806330773553192,0.0043063307735531926,2026-08-25,2026-08-27,8008.5,8100.0,0.011425360554411013,0.009925360554411013,,,,,,
2026-08-24,ETERNAL,UNFAVORABLE,24219.05078125,,11.529999732971191,327.1499938964844,68.40861052500289,0.12003914351014178,0.02165892547659388,0.7866494499719718,0.02234373092651376,0.02877356571221501,0.46708928654509074,0.4466185523836221,0.005394609403213767,-0.0033440387016565832,-0.001002287397878776,-0.006183468957407567,0.4,30,0.31292671028087293,316.5214178902762,328.9148403298197,327.1499938964844,0.16604730796528838,0.0,False,"p3,p5,er5,rr1,rr2,regime",False,False,True,False,False,False,True,True,True,False,False,"p3,p5,er5,rr1,rr2,regime",False,False,True,False,False,False,True,True,True,False,False,"p3,p5,er5,rr1,rr2,regime",False,False,True,False,False,False,True,True,True,False,REJECT,2026-08-25,2026-08-25,330.0,331.0,0.003030303030302939,0.0015303030303029388,2026-08-25,2026-08-27,330.0,328.5,-0.004545454545454519,-0.006045454545454519,,,,,,
2026-08-24,GRASIM,UNFAVORABLE,24219.05078125,,11.529999732971191,3288.0,57.12036253988827,0.03610057226142649,0.02506210446935033,1.6311372978123764,0.005504587155963359,0.011536686663590201,0.6119775828166305,0.5624846734082878,0.008351669772751784,0.0096453104670868,0.004999706358901679,0.00446194201959671,0.4,30,0.5195941842827662,3164.393700757164,3315.4602902128076,3319.7137808157813,0.22215931049646073,0.2565709111109027,False,"rr1,rr2,regime",True,True,True,True,False,False,True,True,True,False,False,"rr1,rr2,regime",True,True,True,True,False,False,True,True,True,False,False,"rr1,rr2,regime",True,True,True,True,False,False,True,True,True,False,REJECT,2026-08-25,2026-08-25,3287.89990234375,3289.60009765625,0.0005171067742324453,-0.0009828932257675547,2026-08-25,2026-08-27,3287.89990234375,3258.0,-0.009093921114336934,-0.010593921114336933,,,,,,
2026-08-24,HCLTECH,UNFAVORABLE,24219.05078125,,11.529999732971191,1322.0,54.46324566659392,0.0762777867228881,0.021234074137703965,0.47832047315715276,-0.0021135633491271566,-0.0022641509433962703,0.4966131612619137,0.5239958513577826,0.0030143293369834807,0.005497348136471105,-0.0034955038376378034,0.0003279394370555577,0.4,30,0.22135328992778777,1279.892830984933,1325.9849433834922,1329.2674942364147,0.09463812164779639,0.17259517574820052,False,"p3,p5,rr1,rr2,regime",False,False,True,True,False,False,True,True,True,False,False,"p3,rr1,rr2,regime",False,True,True,True,False,False,True,True,True,False,False,"p3,rr1,rr2,regime",False,True,True,True,False,False,True,True,True,False,REJECT,2026-08-25,2026-08-25,1322.0,1315.800048828125,-0.004689826907620986,-0.006189826907620986,2026-08-25,2026-08-27,1322.0,1282.0,-0.030257186081694365,-0.031757186081694366,,,,,,
2026-08-24,HDFCBANK,UNFAVORABLE,24219.05078125,,11.529999732971191,729.0,39.66720209714685,-0.05148456294607706,0.010498734611916397,0.4407038731184548,0.012499999999999956,0.0,0.4640077278596623,0.56152465416571,-0.0015340889553663204,-0.0033925499088503256,-0.0003994129133946811,0.0011829877652124177,0.4,30,0.42958277785937726,717.5196337018695,729.0,729.0,0.0,0.0,False,"p3,er3,er5,rr1,rr2,trend,regime",False,True,False,False,False,False,True,False,True,False,False,"p3,er3,er5,rr1,rr2,trend,regime",False,True,False,False,False,False,True,False,True,False,False,"p3,er3,er5,rr1,rr2,trend,regime",False,True,False,False,False,False,True,False,True,False,REJECT,2026-08-25,2026-08-25,726.5999755859375,727.5,0.001238679389352626,-0.00026132061064737403,2026-08-25,2026-08-27,726.5999755859375,711.0,-0.021469826741127407,-0.022969826741127408,,,,,,
2026-08-24,HDFCLIFE,UNFAVORABLE,24219.05078125,,11.529999732971191,552.9500122070312,53.17503993124415,-0.01317761614957913,0.014861835120451099,0.6125650646884784,0.0310461025415687,0.018324147710923055,0.4510649631735365,0.37368974580879377,-0.003454449881799278,-0.008145247362287363,-0.0042635931963438956,-0.011193191866238683,0.4,30,0.348101581991265,540.6232343401227,552.9500122070312,552.9500122070312,0.0,0.0,False,"p3,p5,er3,er5,rr1,rr2,regime",False,False,False,False,False,False,True,True,True,False,False,"p3,p5,er3,er5,rr1,rr2,regime",False,False,False,False,False,False,True,True,True,False,False,"p3,p5,er3,er5,rr1,rr2,regime",False,False,False,False,False,False,True,True,True,False,REJECT,2026-08-25,2026-08-25,549.9500122070312,546.7000122070312,-0.005909628016839696,-0.007409628016839696,2026-08-25,2026-08-27,549.9500122070312,548.0,-0.0035457990067234713,-0.005045799006723471,,,,,,
2026-08-24,HEROMOTOCO,UNFAVORABLE,24219.05078125,,11.529999732971191,5685.0,61.79719389625227,0.09769535001048713,0.022151023997989697,0.388653046574654,-0.004291093791049971,-0.010443864229765065,0.5986223557775092,0.43749357356944185,0.0032995596250439325,0.0002273210194413584,0.0037226444337783438,-0.004235304505195048,0.4,30,0.4195618939283042,5496.107142857143,5703.7579964683755,5686.292319995525,0.09930495388816687,0.006841550363905432,False,"p5,er5,rr1,rr2,regime",True,False,True,False,False,False,True,True,True,False,False,"p5,er5,rr1,rr2,regime",True,False,True,False,False,False,True,True,True,False,False,"p5,er5,rr1,rr2,regime",True,False,True,False,False,False,True,True,True,False,REJECT,2026-08-25,2026-08-25,5665.0,5624.5,-0.0071491615180935275,-0.008649161518093527,2026-08-25,2026-08-27,5665.0,5550.0,-0.02030008826125329,-0.021800088261253292,,,,,,
2026-08-24,HINDALCO,UNFAVORABLE,24219.05078125,,11.529999732971191,1058.5,60.83723296164694,0.0712387006535764,0.025885681527146317,0.8235505819369886,0.018817122813349796,0.008191232865945475,0.5676869677877058,0.8026319892015646,0.010238184258935383,0.021993902420906215,0.00448077395574098,0.01794099878408706,0.4,30,0.35774945235807054,1017.4000091552734,1069.3371180380832,1081.7805457125291,0.26367689664518923,0.5664367615185544,False,"rr1,rr2,regime",True,True,True,True,False,False,True,True,True,False,False,"rr1,rr2,regime",True,True,True,True,False,False,True,True,True,False,False,"rr1,rr2,regime",True,True,True,True,False,False,True,True,True,False,REJECT,2026-08-25,2026-08-25,1055.0,1051.050048828125,-0.0037440295468009754,-0.005244029546800975,2026-08-25,2026-08-27,1055.0,1024.0,-0.02938388625592414,-0.030883886255924142,,,,,,
2026-08-24,HINDUNILVR,UNFAVORABLE,24219.05078125,,11.529999732971191,2030.0,40.345676511177025,-0.04410027199240352,0.012248420044203026,0.4750663605928586,0.004602389792077499,-0.012165450121654486,0.6708201737835914,0.6952533473861419,0.011330027353770132,0.017776900018038493,0.006384560530046324,0.019346708793772094,0.4,30,0.8294725068391539,1992.7035609654017,2052.9999555281534,2066.0871070366184,0.6166796649625798,0.9675751350723303,False,"rr1,rr2,trend,regime",True,True,True,True,False,False,True,False,True,False,False,"rr1,rr2,trend,regime",True,True,True,True,False,False,True,False,True,False,False,"rr1,rr2,trend,regime",True,True,True,True,False,False,True,False,True,False,REJECT,2026-08-25,2026-08-25,2024.0,2024.199951171875,9.879010468138993e-05,-0.00140120989531861,2026-08-25,2026-08-27,2024.0,2009.0,-0.007411067193675902,-0.008911067193675902,,,,,,
2026-08-24,ICICIBANK,UNFAVORABLE,24219.05078125,,11.529999732971191,1415.0,49.922804288624306,0.009183341351187702,0.013584053390017668,0.5178754892920203,0.00927246790299563,-0.00021200368669060943,0.504438781842811,0.44394915251597333,0.0015504279228010468,0.001591830577868801,0.00031580185171886654,-0.004713464919435029,0.4,30,0.2677610151087305,1386.1678466796875,1417.1938555107636,1417.2524402676843,0.07609058839243822,0.0781225128300568,False,"p3,p5,er3,er5,rr1,rr2,regime",False,False,False,False,False,False,True,True,True,False,False,"p3,p5,er5,rr1,rr2,regime",False,False,True,False,False,False,True,True,True,False,False,"p3,p5,rr1,rr2,regime",False,False,True,True,False,False,True,True,True,False,REJECT,2026-08-25,2026-08-25,1408.0,1422.699951171875,0.010440306230024898,0.008940306230024899,2026-08-25,2026-08-27,1408.0,1443.0,0.024857954545454586,0.023357954545454584,,,,,,
2026-08-24,ICICIGI,UNFAVORABLE,24219.05078125,,11.529999732971191,1620.0,41.61153209971277,-0.052134919276036196,0.02063051792259149,0.8343626958746638,0.0026614154596007467,-0.003873853925457804,0.6136062187150653,0.6751184707735641,0.009373222837390576,0.006462743439133026,0.00849001192315324,0.007820837356875554,0.4,30,0.30907465855017874,1569.8678414481028,1635.184620996573,1630.4696443713956,0.30289182503190376,0.20884088524848443,False,"rr1,rr2,trend,regime",True,True,True,True,False,False,True,False,True,False,False,"rr1,rr2,trend,regime",True,True,True,True,False,False,True,False,True,False,False,"rr1,rr2,trend,regime",True,True,True,True,False,False,True,False,True,False,REJECT,2026-08-25,2026-08-25,1612.0,1616.0,0.002481389578163684,0.000981389578163684,2026-08-25,2026-08-27,1612.0,1588.0999755859375,-0.014826317874728545,-0.016326317874728546,,,,,,
2026-08-24,ICICIPRULI,UNFAVORABLE,24219.05078125,,11.529999732971191,511.25,54.10093522188471,0.016989949200099552,0.021788339884681714,0.54229913807919,0.023523523523523604,0.0083826429980276,0.49328624190874704,0.5571838056924489,0.003431521964891137,0.001166615795200878,-5.097631126560476e-05,0.005534581233232916,0.4,30,0.2829274579457262,494.5410668509347,513.0043656045506,511.8464323252964,0.10499566841876518,0.035695416336606174,False,"p3,er5,rr1,rr2,regime",False,True,True,False,False,False,True,True,True,False,False,"p3,er5,rr1,rr2,regime",False,True,True,False,False,False,True,True,True,False,False,"p3,rr1,rr2,regime",False,True,True,True,False,False,True,True,True,False,REJECT,2026-08-25,2026-08-25,510.0,510.0,0.0,-0.0015,2026-08-25,2026-08-27,510.0,510.0,0.0,-0.0015,,,,,,
2026-08-24,INDUSINDBK,UNFAVORABLE,24219.05078125,,11.529999732971191,1018.4000244140625,53.56945698270939,0.0258934572928724,0.01615980809714446,0.8425604087226817,0.0016720883118126473,0.007718235717948163,0.42145742531334196,0.360567348683884,-0.006135755232445789,-0.010999105105979862,-0.007878355895887423,-0.016095726301512847,0.4,30,0.3437226587318296,993.7143009730747,1018.4000244140625,1018.4000244140625,0.0,0.0,False,"p3,p5,er3,er5,rr1,rr2,regime",False,False,False,False,False,False,True,True,True,False,False,"p3,p5,er3,er5,rr1,rr2,regime",False,False,False,False,False,False,True,True,True,False,False,"p3,p5,er3,er5,rr1,rr2,regime",False,False,False,False,False,False,True,True,True,False,REJECT,2026-08-25,2026-08-25,1014.9000244140625,1015.0,9.850781705833533e-05,-0.0014014921829416647,2026-08-25,2026-08-27,1014.9000244140625,1002.9000244140625,-0.011823824722960286,-0.013323824722960285,,,,,,
2026-08-24,INFY,UNFAVORABLE,24219.05078125,,11.529999732971191,1130.0,49.47990402621141,0.02698890921405761,0.01966496406101849,0.7486088708276558,0.00910872542160468,-0.008684993597707247,0.4783370819482497,0.5753869479444763,-0.0009614076129146056,-6.286536319276162e-05,-0.005805282802866296,0.010491010753003072,0.4,30,0.3857139339922551,1096.6678859165736,1130.0,1130.0,0.0,0.0,False,"p3,er3,er5,rr1,rr2,regime",False,True,False,False,False,False,True,True,True,False,False,"p3,er3,er5,rr1,rr2,regime",False,True,False,False,False,False,True,True,True,False,False,"p3,er3,er5,rr1,rr2,regime",False,True,False,False,False,False,True,True,True,False,REJECT,2026-08-25,2026-08-25,1132.0,1144.0,0.010600706713780994,0.009100706713780994,2026-08-25,2026-08-27,1132.0,1110.800048828125,-0.018727872059960293,-0.020227872059960295,,,,,,
2026-08-24,ITC,UNFAVORABLE,24219.05078125,,11.529999732971191,269.70001220703125,35.9553766079743,-0.04774678290787704,0.01460618197941862,0.5728377942108199,0.009923327224103495,-0.012268726371368666,0.6673204169214233,0.7001884743097384,0.0057170759327672465,0.007883183299288563,0.008314860946365354,0.012953552787152933,0.4,30,0.4727764158464957,263.7910810198103,271.2419076558871,271.8261068390796,0.26094320614029654,0.35981035566066427,False,"rr1,rr2,trend,regime",True,True,True,True,False,False,True,False,True,False,False,"rr1,rr2,trend,regime",True,True,True,True,False,False,True,False,True,False,False,"rr1,rr2,trend,regime",True,True,True,True,False,False,True,False,True,False,REJECT,2026-08-25,2026-08-25,269.70001220703125,271.3999938964844,0.006303231785351748,0.004803231785351749,2026-08-25,2026-08-27,269.70001220703125,269.0,-0.0025955215993609393,-0.004095521599360939,,,,,,
2026-08-24,JIOFIN,UNFAVORABLE,24219.05078125,,11.529999732971191,242.0,43.275443697195726,-0.006395172310995956,0.021267102089564918,0.35726662692618066,-0.004729565804447278,-0.031031031031030998,0.35688710509914534,0.38558581541011566,-0.002816918454866415,0.0007635302850898868,-0.0060086342473771315,-0.008758256332192238,0.4,30,0.4063577072594441,234.28004194148792,242.0,242.18477432899175,0.0,0.023934628606954268,False,"p3,p5,er3,er5,rr1,rr2,regime",False,False,False,False,False,False,True,True,True,False,False,"p3,p5,er3,er5,rr1,rr2,regime",False,False,False,False,False,False,True,True,True,False,False,"p3,p5,er3,er5,rr1,rr2,regime",False,False,False,False,False,False,True,True,True,False,REJECT,2026-08-25,2026-08-25,242.0,243.14999389648438,0.004752040894563603,0.0032520408945636028,2026-08-25,2026-08-27,242.0,238.10000610351562,-0.016115677258199845,-0.017615677258199847,,,,,,
2026-08-24,JSWSTEEL,UNFAVORABLE,24219.05078125,,11.529999732971191,1327.0,63.95876933770498,0.053139264272967335,0.019673814300264426,2.1812381600298063,0.032042269098857545,0.038503638512924265,0.40368339203057074,0.4936655452341795,-0.004483700337825645,-0.0024836405038576644,-0.006129274995201828,0.0007023371491947095,0.4,30,0.4295901010892941,1287.8392726353236,1327.0,1327.0,0.0,0.0,False,"p3,p5,er3,er5,rr1,rr2,regime",False,False,False,False,False,False,True,True,True,False,False,"p3,p5,er3,er5,rr1,rr2,regime",False,False,False,False,False,False,True,True,True,False,False,"p3,p5,er3,er5,rr1,rr2,regime",False,False,False,False,False,False,True,True,True,False,REJECT,2026-08-25,2026-08-25,1326.0,1320.300048828125,-0.0042986057103129305,-0.00579860571031293,2026-08-25,2026-08-27,1326.0,1337.5,0.008672699849170407,0.007172699849170407,,,,,,
2026-08-24,KOTAKBANK,UNFAVORABLE,24219.05078125,,11.529999732971191,401.45001220703125,60.436991632518264,0.025277268474651393,0.01620909975150896,1.5284222069285665,0.028699582849535554,0.022281639236076733,0.47606573873390035,0.3497427712689427,-0.0037914850500787383,-0.00655609209560151,-0.0024411622298867175,-0.007302711950788632,0.4,30,0.31029007154602367,391.68929726736883,401.45001220703125,401.45001220703125,0.0,0.0,False,"p3,p5,er3,er5,rr1,rr2,regime",False,False,False,False,False,False,True,True,True,False,False,"p3,p5,er3,er5,rr1,rr2,regime",False,False,False,False,False,False,True,True,True,False,False,"p3,p5,er3,er5,rr1,rr2,regime",False,False,False,False,False,False,True,True,True,False,REJECT,2026-08-25,2026-08-25,398.29998779296875,401.6000061035156,0.008285258377316751,0.006785258377316751,2026-08-25,2026-08-27,398.29998779296875,424.20001220703125,0.06502642532724612,0.06352642532724612,,,,,,
2026-08-24,LT,UNFAVORABLE,24219.05078125,,11.529999732971191,4090.0,59.890777760722266,0.01933039388224289,0.011772613578687129,0.8589989418507138,0.012050565556496196,0.0008075094495691992,0.5395871899674698,0.5076497483669173,0.002214784516734866,-0.004066757977242091,0.0002364897018348744,-0.0002849838673367189,0.4,30,0.2752996625465033,4017.775015694754,4099.0584686734455,4090.0,0.12542015426630682,0.0,False,"p3,p5,er5,rr1,rr2,regime",False,False,True,False,False,False,True,True,True,False,False,"p5,er5,rr1,rr2,regime",True,False,True,False,False,False,True,True,True,False,False,"p5,er5,rr1,rr2,regime",True,False,True,False,False,False,True,True,True,False,REJECT,2026-08-25,2026-08-25,4085.0,4119.0,0.008323133414932737,0.006823133414932738,2026-08-25,2026-08-27,4085.0,4027.0,-0.014198286413708683,-0.015698286413708684,,,,,,
2026-08-24,M&M,UNFAVORABLE,24219.05078125,,11.529999732971191,3414.10009765625,57.309172491946576,0.05483352762729532,0.016287481020099095,0.4951731671146092,-0.0002635145955344198,0.006990383434153591,0.4175343615249929,0.4582001670985885,-0.0025869048436312526,0.0027952417849463783,-0.00953471319185234,-0.0030752650437855245,0.4,30,0.34043177481753994,3330.689461844308,3414.10009765625,3423.6433329072083,0.0,0.11441269039687638,False,"p3,p5,er3,er5,rr1,rr2,regime",False,False,False,False,False,False,True,True,True,False,False,"p3,p5,er3,rr1,rr2,regime",False,False,False,True,False,False,True,True,True,False,False,"p3,p5,er3,rr1,rr2,regime",False,False,False,True,False,False,True,True,True,False,REJECT,2026-08-25,2026-08-25,3414.10009765625,3443.0,0.008464866734162024,0.006964866734162025,2026-08-25,2026-08-27,3414.10009765625,3330.0,-0.024633166940238205,-0.026133166940238206,,,,,,
2026-08-24,MARUTI,UNFAVORABLE,24219.05078125,,11.529999732971191,13620.0,44.89039722428318,-0.007240402467221352,0.01306047167315063,0.6232447506273371,-0.0051132213294375894,-0.01017441860465118,0.7594616327098264,0.6152133271164042,0.010218741335207572,0.011666715697088582,0.005220814573715482,0.005753370927874646,0.5167428194571922,30,0.2655192620989033,13353.174563717534,13759.179256985526,13778.900667794347,0.5216116533889532,0.5955229381734501,False,"rr1,rr2,regime",True,True,True,True,False,False,True,True,True,False,False,"rr1,rr2,regime",True,True,True,True,False,False,True,True,True,False,False,"rr1,rr2,regime",True,True,True,True,False,False,True,True,True,False,REJECT,2026-08-25,2026-08-25,13609.0,13678.0,0.005070174149459872,0.0035701741494598717,2026-08-25,2026-08-27,13609.0,13440.0,-0.012418252626938076,-0.013918252626938075,,,,,,
2026-08-24,NESTLEIND,UNFAVORABLE,24219.05078125,,11.529999732971191,1471.300048828125,47.626355186313596,0.010398741855730753,0.019812420802930133,0.6351694321556942,0.004300374626706516,0.0008843869579082675,0.6480061609125173,0.5926686114793085,0.00517829273842909,0.004388604100012406,0.009169857341586818,0.00854997379831357,0.4,30,0.3921179976019217,1427.5750252859932,1478.9188711870222,1477.7570022547607,0.17424398529039084,0.14767181132364596,False,"rr1,rr2,regime",True,True,True,True,False,False,True,True,True,False,False,"rr1,rr2,regime",True,True,True,True,False,False,True,True,True,False,False,"rr1,rr2,regime",True,True,True,True,False,False,True,True,True,False,REJECT,2026-08-25,2026-08-25,1471.300048828125,1479.0,0.005233433641226304,0.003733433641226304,2026-08-25,2026-08-27,1471.300048828125,1450.0,-0.014477025841934998,-0.015977025841935,,,,,,
2026-08-24,NTPC,UNFAVORABLE,24219.05078125,,11.529999732971191,339.5,43.90806459180528,-0.02595912150148183,0.016673673360492716,0.6164650162682521,0.008765450346252868,0.007418397626112849,0.35806835411871357,0.40190925694016644,-0.0014332968994883709,-0.0018393174395257158,-0.003609764683464245,-0.002488810270963593,0.41098153725487935,30,0.23197638349576513,331.0089318411691,339.5,339.5,0.0,0.0,False,"p3,p5,er3,er5,rr1,rr2,trend,regime",False,False,False,False,False,False,True,False,True,False,False,"p3,p5,er3,er5,rr1,rr2,trend,regime",False,False,False,False,False,False,True,False,True,False,False,"p3,p5,er3,er5,rr1,rr2,regime",False,False,False,False,False,False,True,True,True,False,REJECT,2026-08-25,2026-08-25,339.0,339.8500061035156,0.0025073926357392917,0.0010073926357392917,2026-08-25,2026-08-27,339.0,330.8999938964844,-0.02389382331420542,-0.02539382331420542,,,,,,
2026-08-24,ONGC,UNFAVORABLE,24219.05078125,,11.529999732971191,236.5500030517578,39.27408649019209,-0.022203871373416284,0.016468885418756282,0.5635022282259089,-0.006092424152278064,-0.00813452302705342,0.7115596443973573,0.7522522937580023,0.004161655870232345,0.00639726430162485,0.003987812452053041,0.010258369213948404,0.5157250532079768,30,0.22829391432551435,230.70643070765902,237.53444276056166,238.06327594183006,0.16846539254331258,0.25896366143228183,False,"rr1,rr2,trend,regime",True,True,True,True,False,False,True,False,True,False,False,"rr1,rr2,regime",True,True,True,True,False,False,True,True,True,False,False,"rr1,rr2,regime",True,True,True,True,False,False,True,True,True,False,REJECT,2026-08-25,2026-08-25,236.0,234.0,-0.008474576271186418,-0.009974576271186418,2026-08-25,2026-08-27,236.0,232.0,-0.016949152542372836,-0.018449152542372838,,,,,,
2026-08-24,POWERGRID,UNFAVORABLE,24219.05078125,,11.529999732971191,271.3999938964844,44.61352080844185,-0.03557775364902549,0.018620421670436652,0.8489899199615064,0.029981001504684635,0.01972571903211051,0.3618507161858548,0.22494993741170685,-0.009855004647222188,-0.012464968958319526,-0.009136035073500803,-0.011195977284399472,0.557548581554929,30,0.351357114634368,263.81962040492465,271.3999938964844,271.3999938964844,0.0,0.0,False,"p3,p5,er3,er5,rr1,rr2,trend,regime",False,False,False,False,False,False,True,False,True,False,False,"p3,p5,er3,er5,rr1,rr2,trend,regime",False,False,False,False,False,False,True,False,True,False,False,"p3,p5,er3,er5,rr1,rr2,trend,regime",False,False,False,False,False,False,True,False,True,False,REJECT,2026-08-25,2026-08-25,271.3999938964844,271.0,-0.001473816895651625,-0.002973816895651625,2026-08-25,2026-08-27,271.3999938964844,264.8999938964844,-0.023949890000657836,-0.025449890000657838,,,,,,
2026-08-24,RELIANCE,UNFAVORABLE,24219.05078125,,11.529999732971191,1309.800048828125,49.943565746080075,0.0024107805310014108,0.01493685711415226,0.6992966377907922,-0.0009152945628336795,-0.004711209097169489,0.4885737566503925,0.4564726405531147,-0.004957050400735886,-0.010663853860174472,-0.0010027333545759576,-0.0068862933080214295,0.4,30,0.30903841269070886,1280.453604561942,1309.800048828125,1309.800048828125,0.0,0.0,False,"p3,p5,er3,er5,rr1,rr2,regime",False,False,False,False,False,False,True,True,True,False,False,"p3,p5,er3,er5,rr1,rr2,regime",False,False,False,False,False,False,True,True,True,False,False,"p3,p5,er3,er5,rr1,rr2,regime",False,False,False,False,False,False,True,True,True,False,REJECT,2026-08-25,2026-08-25,1304.300048828125,1317.0,0.00973698589008376,0.00823698589008376,2026-08-25,2026-08-27,1304.300048828125,1282.199951171875,-0.016944028849884885,-0.018444028849884886,,,,,,
2026-08-24,SBILIFE,UNFAVORABLE,24219.05078125,,11.529999732971191,1761.800048828125,34.130342984852476,-0.03217475083190502,0.017482118094368112,0.6292401519001177,-0.010447076685509926,-0.015974070149656794,0.45133603627534724,0.516209313476494,0.001991493224177893,0.00751807558107913,-0.0015845717722650088,0.0014650253052502782,0.4,30,0.4372875327288587,1715.6000540597097,1765.3086616877224,1775.0453947539636,0.075944009889717,0.2866958317253705,False,"p3,p5,er3,rr1,rr2,trend,regime",False,False,False,True,False,False,True,False,True,False,False,"p3,p5,rr1,rr2,trend,regime",False,False,True,True,False,False,True,False,True,False,False,"p3,rr1,rr2,trend,regime",False,True,True,True,False,False,True,False,True,False,REJECT,2026-08-25,2026-08-25,1761.0,1755.0,-0.0034071550255536653,-0.004907155025553665,2026-08-25,2026-08-27,1761.0,1773.199951171875,0.006927854157793956,0.005427854157793956,,,,,,
2026-08-24,SBIN,UNFAVORABLE,24219.05078125,,11.529999732971191,1039.5,45.82475103233309,-0.0018541722357733326,0.0198240996406454,0.8692374471202727,-0.008678214569719622,-0.02044850374136553,0.47691124757894915,0.7074170214480825,0.0020475569091602777,0.00698471676681962,-0.00046779585143785773,0.00959740645765672,0.4,30,0.324844637806856,1008.5892726353236,1041.6284354070722,1046.760613079109,0.06885749992102966,0.23488975181496563,False,"p3,rr1,rr2,regime",False,True,True,True,False,False,True,True,True,False,False,"p3,rr1,rr2,regime",False,True,True,True,False,False,True,True,True,False,False,"p3,rr1,rr2,regime",False,True,True,True,False,False,True,True,True,False,REJECT,2026-08-25,2026-08-25,1036.0,1048.0,0.01158301158301156,0.01008301158301156,2026-08-25,2026-08-27,1036.0,1042.9000244140625,0.006660255225928946,0.0051602552259289464,,,,,,
2026-08-24,SHRIRAMFIN,UNFAVORABLE,24219.05078125,,11.529999732971191,1119.0,57.50969605528353,0.05700509508426421,0.02193924392394357,0.7000705606457791,0.011754068716093968,-0.002673796791443861,0.6701284918047874,0.5708530132736573,0.004944924088336089,0.010382157890682303,0.009308252955392171,0.0038492951294307742,0.4,30,0.31065144923492644,1082.1749790736608,1124.533370054848,1130.6176346796733,0.15026115167501047,0.31548209308317726,False,"rr1,rr2,regime",True,True,True,True,False,False,True,True,True,False,False,"rr1,rr2,regime",True,True,True,True,False,False,True,True,True,False,False,"rr1,rr2,regime",True,True,True,True,False,False,True,True,True,False,REJECT,2026-08-25,2026-08-25,1117.9000244140625,1138.5,0.018427386292199754,0.016927386292199753,2026-08-25,2026-08-27,1117.9000244140625,1101.0,-0.015117652781983293,-0.016617652781983294,,,,,,
2026-08-24,SUNPHARMA,UNFAVORABLE,24219.05078125,,11.529999732971191,1910.0,45.71759706871542,-0.0022561733776402804,0.01576289745436378,1.0589740859181833,0.0052631578947368585,0.014877789585547196,0.5727763940329119,0.6145584431787968,0.0011869159105557935,0.00011357108813623597,0.002831228671266839,0.004419114005759339,0.4,30,0.36801799891759335,1864.8392987932477,1912.2670093891616,1910.21692077834,0.05019871987334428,0.004803308463853548,False,"er3,er5,rr1,rr2,regime",True,True,False,False,False,False,True,True,True,False,False,"er5,rr1,rr2,regime",True,True,True,False,False,False,True,True,True,False,False,"er5,rr1,rr2,regime",True,True,True,False,False,False,True,True,True,False,REJECT,2026-08-25,2026-08-25,1906.5,1922.0,0.008130081300812941,0.006630081300812942,2026-08-25,2026-08-27,1906.5,1913.300048828125,0.003566770956268117,0.002066770956268117,,,,,,
2026-08-24,TATACONSUM,UNFAVORABLE,24219.05078125,,11.529999732971191,1062.5,44.30919018564663,-0.029770744547064076,0.018991588432247897,0.7866285450187361,-0.005149812734082437,-0.009416348886657544,0.7196676054755355,0.6211207160027222,0.006944401885552794,0.009103535916809083,0.005953047028234626,0.0019345627000876275,0.4000389702354891,30,0.24661439610505076,1032.2321559361048,1069.8784270034,1072.1725069116096,0.24377114497564562,0.3195637882629182,False,"rr1,rr2,trend,regime",True,True,True,True,False,False,True,False,True,False,False,"rr1,rr2,trend,regime",True,True,True,True,False,False,True,False,True,False,False,"rr1,rr2,regime",True,True,True,True,False,False,True,True,True,False,REJECT,2026-08-25,2026-08-25,1061.699951171875,1060.5,-0.0011302168475665342,-0.002630216847566534,2026-08-25,2026-08-27,1061.699951171875,1042.0,-0.018555102267953094,-0.020055102267953095,,,,,,
2026-08-24,TATASTEEL,UNFAVORABLE,24219.05078125,,11.529999732971191,186.3000030517578,48.54562981526064,-0.011757056668638688,0.019791436542130295,1.6755947446496056,0.012500016585640372,0.001612919633106502,0.5531066525242918,0.43817372011543293,-0.0015701554214295754,0.0010371037062892594,0.0018791583157798941,-0.0052484160158000615,0.4,30,0.322658591441429,180.7692860194615,186.3000030517578,186.4932154754045,0.0,0.03493442577489171,False,"p5,er3,er5,rr1,rr2,regime",True,False,False,False,False,False,True,True,True,False,False,"p5,er3,er5,rr1,rr2,regime",True,False,False,False,False,False,True,True,True,False,False,"p5,er3,rr1,rr2,regime",True,False,False,True,False,False,True,True,True,False,REJECT,2026-08-25,2026-08-25,186.3000030517578,186.94000244140625,0.003435316044898995,0.001935316044898995,2026-08-25,2026-08-27,186.3000030517578,186.8000030517578,0.002683843219589699,0.0011838432195896988,,,,,,
2026-08-24,TCS,UNFAVORABLE,24219.05078125,,11.529999732971191,2284.10009765625,46.45372574029657,0.022878022809783127,0.024686172873732638,0.44677444059689936,-0.002140630119593756,-0.012579912731228826,0.5051469831897013,0.45991983443830997,0.0017375976881776184,-0.0003059959494411858,0.001161357867747237,-0.005156043683170131,0.4,30,0.5726955976599465,2199.521562848772,2288.068944705504,2284.10009765625,0.046924991764020076,0.0,False,"p3,p5,er3,er5,rr1,rr2,regime",False,False,False,False,False,False,True,True,True,False,False,"p3,p5,er5,rr1,rr2,regime",False,False,True,False,False,False,True,True,True,False,False,"p3,p5,er5,rr1,rr2,regime",False,False,True,False,False,False,True,True,True,False,REJECT,2026-08-25,2026-08-25,2305.0,2296.199951171875,-0.0038178086022234714,-0.005317808602223471,2026-08-25,2026-08-27,2305.0,2248.39990234375,-0.024555356900759273,-0.026055356900759274,,,,,,
2026-08-24,TECHM,UNFAVORABLE,24219.05078125,,11.529999732971191,1584.0,48.61781594045533,0.03938354577751779,0.01989539120276425,0.7513785112487198,-0.0036482882437953723,-0.016149068322981353,0.2850786243310647,0.2873795817481185,-0.0103194076302675,-0.008597843905427031,-0.010058616457511105,-0.019095023893956953,0.40507319688432913,30,0.2448244593946722,1536.728550502232,1584.0,1584.0,0.0,0.0,False,"p3,p5,er3,er5,rr1,rr2,regime",False,False,False,False,False,False,True,True,True,False,False,"p3,p5,er3,er5,rr1,rr2,regime",False,False,False,False,False,False,True,True,True,False,False,"p3,p5,er3,er5,rr1,rr2,regime",False,False,False,False,False,False,True,True,True,False,REJECT,2026-08-25,2026-08-25,1588.0999755859375,1599.9000244140625,0.0074302934384036234,0.005930293438403624,2026-08-25,2026-08-27,1588.0999755859375,1585.0,-0.0019520027917598881,-0.003452002791759888,,,,,,
2026-08-24,TITAN,UNFAVORABLE,24219.05078125,,11.529999732971191,5079.0,68.09303132766473,0.08088557784771622,0.016936683327532134,0.27367809326293896,0.0021704814522494065,0.0020716188221368004,0.46281594515453806,0.37567222363105013,-0.004387061033140782,-0.012036067774986576,-0.0010575675220490521,-0.014092271107503163,0.4,30,0.37197964079227014,4949.967878069197,5079.0,5079.0,0.0,0.0,False,"p3,p5,er3,er5,rr1,rr2,regime",False,False,False,False,False,False,True,True,True,False,False,"p3,p5,er3,er5,rr1,rr2,regime",False,False,False,False,False,False,True,True,True,False,False,"p3,p5,er3,er5,rr1,rr2,regime",False,False,False,False,False,False,True,True,True,False,REJECT,2026-08-25,2026-08-25,5059.10009765625,5124.7998046875,0.012986441415082206,0.011486441415082206,2026-08-25,2026-08-27,5059.10009765625,5139.2998046875,0.015852563792601027,0.014352563792601027,,,,,,
2026-08-24,TRENT,UNFAVORABLE,24219.05078125,,11.529999732971191,2905.0,40.314457287858524,-0.04178541579505901,0.022847306397144704,0.4904114776512859,-0.01625465628174738,-0.013917175831636097,0.5085307690676035,0.6037463087235454,0.010829441395908931,0.01524312268918382,0.0025884231937628455,0.020056691872491483,0.4,30,0.3639552654184946,2805.442862374442,2936.4595272551155,2949.281271412079,0.31599469415680886,0.4447824884100667,False,"p3,rr1,rr2,trend,regime",False,True,True,True,False,False,True,False,True,False,False,"p3,rr1,rr2,trend,regime",False,True,True,True,False,False,True,False,True,False,False,"p3,rr1,rr2,trend,regime",False,True,True,True,False,False,True,False,True,False,REJECT,2026-08-25,2026-08-25,2910.0,2930.0,0.0068728522336769515,0.005372852233676952,2026-08-25,2026-08-27,2910.0,2878.5,-0.010824742268041199,-0.012324742268041198,,,,,,
2026-08-24,ULTRACEMCO,UNFAVORABLE,24219.05078125,,11.529999732971191,11504.0,43.7730789004127,-0.0028379694232150143,0.01692578978740314,1.2642649324268092,0.004716157205240101,-0.01515281225922438,0.6179443460585866,0.7220111005702339,0.0051292442846935975,0.0064956774832279785,0.0054469849711757945,0.011371279308814208,0.4,30,0.4497343812897845,11211.928571428572,11563.006826251114,11578.726273767053,0.20202875214370247,0.25584931101461306,False,"rr1,rr2,regime",True,True,True,True,False,False,True,True,True,False,False,"rr1,rr2,regime",True,True,True,True,False,False,True,True,True,False,False,"rr1,rr2,regime",True,True,True,True,False,False,True,True,True,False,REJECT,2026-08-25,2026-08-25,11505.0,11540.0,0.003042155584528361,0.001542155584528361,2026-08-25,2026-08-27,11505.0,11717.0,0.018426770969143913,0.01692677096914391,,,,,,
2026-08-24,WIPRO,UNFAVORABLE,24219.05078125,,11.529999732971191,181.30999755859375,49.94861477563942,0.018493124045204423,0.01575044359979169,0.7562325070556105,0.0098022527258248,-0.003243520383108822,0.4351121451704114,0.43231084149319476,-0.002980401253869927,-0.004830659963930274,-0.0030148387937416476,-0.0033586895448122767,0.4,30,0.3734061624922945,177.02642822265625,181.30999755859375,181.30999755859375,0.0,0.0,False,"p3,p5,er3,er5,rr1,rr2,regime",False,False,False,False,False,False,True,True,True,False,False,"p3,p5,er3,er5,rr1,rr2,regime",False,False,False,False,False,False,True,True,True,False,False,"p3,p5,er3,er5,rr1,rr2,regime",False,False,False,False,False,False,True,True,True,False,REJECT,2026-08-25,2026-08-25,181.2899932861328,180.08999633789062,-0.006619212271403274,-0.008119212271403274,2026-08-25,2026-08-27,181.2899932861328,176.39999389648438,-0.026973355236052488,-0.02847335523605249,,,,,,
2026-08-24,APOLLOTYRE,UNFAVORABLE,24219.05078125,,11.529999732971191,445.8500061035156,58.92205909519374,0.029182999861341985,0.024303494066348155,4.964760823946915,0.043290042671764395,0.02095258447610604,0.5190382973477137,0.4766802731087096,0.00033961322056908844,-0.0004859454128937781,-0.00016647130867208926,-0.0034766909904409005,0.4,30,0.9108072992245189,429.5964366367885,446.0014226599792,445.8500061035156,0.009315895611332625,0.0,False,"p3,p5,er3,er5,rr1,rr2,regime",False,False,False,False,False,False,True,True,True,False,False,"p3,p5,er3,er5,rr1,rr2,regime",False,False,False,False,False,False,True,True,True,False,False,"p3,p5,er5,rr1,rr2,regime",False,False,True,False,False,False,True,True,True,False,REJECT,2026-08-25,2026-08-25,447.0,441.3999938964844,-0.012527977860213979,-0.014027977860213979,2026-08-25,2026-08-27,447.0,443.25,-0.008389261744966459,-0.009889261744966458,,,,,,
2026-08-24,AUROPHARMA,UNFAVORABLE,24219.05078125,,11.529999732971191,1608.0,51.234419853589344,0.024506609917335886,0.022814503271866116,0.9622117519545731,-0.010156971375807955,-0.011799380376116386,0.6130888981675672,0.6613111519529786,0.007496237874308964,0.02034191601488605,0.007519884866144078,0.010894416488030911,0.4,30,0.3332312459617209,1552.9714181082588,1620.0539505018887,1640.7098009519368,0.21904890308826602,0.594414753705401,False,"rr1,rr2,regime",True,True,True,True,False,False,True,True,True,False,False,"rr1,rr2,regime",True,True,True,True,False,False,True,True,True,False,False,"rr1,rr2,regime",True,True,True,True,False,False,True,True,True,False,REJECT,2026-08-25,2026-08-25,1604.0999755859375,1617.800048828125,0.008540660464247729,0.0070406604642477295,2026-08-25,2026-08-27,1604.0999755859375,1637.0,0.02050995880231521,0.019009958802315208,,,,,,
2026-08-24,BOSCHLTD,UNFAVORABLE,24219.05078125,,11.529999732971191,48100.0,73.95577074282541,0.13800055354425966,0.0254009504009504,0.5759622236601767,-0.0074288072637226366,0.02405790930381091,0.5835600985614688,0.6757515662096404,0.009406893672759691,0.019419026470193432,0.006208769421989335,0.01645294328521929,0.42602726612753605,30,0.3542318507244963,46267.32142857143,48552.47158565974,49034.05517321631,0.24689085839369967,0.5096666637446478,False,"rr1,rr2,regime",True,True,True,True,False,False,True,True,True,False,False,"rr1,rr2,regime",True,True,True,True,False,False,True,True,True,False,False,"rr1,rr2,regime",True,True,True,True,False,False,True,True,True,False,REJECT,2026-08-25,2026-08-25,48110.0,48680.0,0.01184784868010813,0.010347848680108131,2026-08-25,2026-08-27,48110.0,48780.0,0.013926418623986692,0.012426418623986692,,,,,,
2026-08-24,SAIL,UNFAVORABLE,24219.05078125,,11.529999732971191,179.64999389648438,61.156724826674,0.05571392518096241,0.032746202095706264,2.4837567961907636,0.039942077548390076,0.03485015887246701,0.5243396871062005,0.45987006696228877,-0.0007552170343868946,-0.006852358329869884,-8.587046618563354e-05,-0.0010972084724625852,0.4,30,0.53412825107641,170.82571138654436,179.64999389648438,179.64999389648438,0.0,0.0,False,"p3,p5,er3,er5,rr1,rr2,regime",False,False,False,False,False,False,True,True,True,False,False,"p3,p5,er3,er5,rr1,rr2,regime",False,False,False,False,False,False,True,True,True,False,False,"p5,er3,er5,rr1,rr2,regime",True,False,False,False,False,False,True,True,True,False,REJECT,2026-08-25,2026-08-25,180.6999969482422,184.58999633789062,0.021527390455698958,0.020027390455698957,2026-08-25,2026-08-27,180.6999969482422,193.0,0.06806864006356839,0.06656864006356839,,,,,,
2026-08-24,DLF,UNFAVORABLE,24219.05078125,,11.529999732971191,689.0,63.7879656925408,0.06292784641065041,0.022776287916461486,1.4690326415391834,0.028511680683462437,0.02682563338301036,0.2983700494800502,0.30495208880245056,-0.007464798855593502,-0.01725909967009493,-0.007911888586850935,-0.02201448792618016,0.4,30,0.4429166927418699,665.4607064383371,689.0,689.0,0.0,0.0,False,"p3,p5,er3,er5,rr1,rr2,regime",False,False,False,False,False,False,True,True,True,False,False,"p3,p5,er3,er5,rr1,rr2,regime",False,False,False,False,False,False,True,True,True,False,False,"p3,p5,er3,er5,rr1,rr2,regime",False,False,False,False,False,False,True,True,True,False,REJECT,2026-08-25,2026-08-25,688.0,682.9500122070312,-0.007340098536291806,-0.008840098536291805,2026-08-25,2026-08-27,688.0,676.1500244140625,-0.01722380172374638,-0.01872380172374638,,,,,,
2026-08-24,NAUKRI,UNFAVORABLE,24219.05078125,,11.529999732971191,1349.0,65.32976407197216,0.14784038894899165,0.029360385689962142,0.5310966108530158,-0.021329094525052716,-0.005015524843801633,0.648050246198674,0.5572017568487126,0.01107568338967676,0.011210722935772187,0.008111402084902464,0.006990575926973719,0.4,30,0.47219736037770776,1289.5892595563616,1363.941096892674,1364.1232652403564,0.2514881447547073,0.254554397528567,False,"rr1,rr2,regime",True,True,True,True,False,False,True,True,True,False,False,"rr1,rr2,regime",True,True,True,True,False,False,True,True,True,False,False,"rr1,rr2,regime",True,True,True,True,False,False,True,True,True,False,REJECT,2026-08-25,2026-08-25,1345.699951171875,1350.0,0.003195399408598032,0.001695399408598032,2026-08-25,2026-08-27,1345.699951171875,1330.0,-0.011666754656714518,-0.013166754656714517,,,,,,
2026-08-25,ADANIENT,UNFAVORABLE,24334.55078125,,11.079999923706055,3110.0,60.90545110638212,0.015595099865259643,0.01972669146725712,1.903868954747928,0.038432034929172465,0.035803497085761915,0.4576699173095179,0.4110874328217295,0.0014692832936601496,-0.007619001175221807,-0.0021591041074576767,-0.011148756299494578,0.4,30,0.3257370445508473,3017.9749843052455,3114.5694710432836,3110.0,0.04965466192845234,0.0,False,"p3,p5,er3,er5,rr1,rr2,regime",False,False,False,False,False,False,True,True,True,False,False,"p3,p5,er5,rr1,rr2,regime",False,False,True,False,False,False,True,True,True,False,False,"p3,p5,er5,rr1,rr2,regime",False,False,True,False,False,False,True,True,True,False,REJECT,2026-08-26,2026-08-26,3122.800048828125,3112.0,-0.0034584503199870387,-0.004958450319987038,2026-08-26,2026-08-28,3122.800048828125,3168.5,0.014634286684164888,0.013134286684164888,,,,,,
2026-08-25,ADANIPORTS,UNFAVORABLE,24334.55078125,,11.079999923706055,1702.699951171875,46.98554227491212,-0.03621811839249811,0.015777462113589005,0.6037851562903505,0.0039504429079451064,0.012066052343813194,0.31375929118334983,0.38429938623046295,-0.006549430537682744,-0.0029354147140930376,-0.00848156972522196,-0.013334938424405307,0.4,30,0.23680543791068806,1662.4035252162387,1702.699951171875,1702.699951171875,0.0,0.0,False,"p3,p5,er3,er5,rr1,rr2,trend,regime",False,False,False,False,False,False,True,False,True,False,False,"p3,p5,er3,er5,rr1,rr2,trend,regime",False,False,False,False,False,False,True,False,True,False,False,"p3,p5,er3,er5,rr1,rr2,trend,regime",False,False,False,False,False,False,True,False,True,False,REJECT,2026-08-26,2026-08-26,1711.9000244140625,1691.5,-0.011916598004048096,-0.013416598004048095,2026-08-26,2026-08-28,1711.9000244140625,1707.5,-0.002570257813722776,-0.004070257813722776,,,,,,
2026-08-25,APOLLOHOSP,UNFAVORABLE,24334.55078125,,11.079999923706055,8889.0,54.58732207037867,0.013315299792191926,0.020034224423621943,0.6235635184056603,0.01763022323983976,0.008166042871725177,0.46047684543501305,0.5643462025612271,-0.003046461155603209,-0.002859021277101786,-0.0023741657295003327,0.00289993957319723,0.4,30,0.3626852714916577,8621.873668647637,8889.0,8889.0,0.0,0.0,False,"p3,er3,er5,rr1,rr2,regime",False,True,False,False,False,False,True,True,True,False,False,"p3,er3,er5,rr1,rr2,regime",False,True,False,False,False,False,True,True,True,False,False,"p3,er3,er5,rr1,rr2,regime",False,True,False,False,False,False,True,True,True,False,REJECT,2026-08-26,2026-08-26,8844.5,8766.5,-0.008819040081406548,-0.010319040081406548,,,,,,,,,,,,
2026-08-25,ASIANPAINT,UNFAVORABLE,24334.55078125,,11.079999923706055,2639.800048828125,39.624955821232554,-0.02108928250094011,0.01605369978551652,0.5037917823142061,0.005561518333006443,0.004337295277712316,0.41807985352482224,0.5482021914288198,0.003213304708406634,0.0069881125821010335,-0.0027045935439616864,0.009997513226025823,0.4,30,0.2800651570025457,2576.2322126116073,2648.2825307542766,2658.2472687635714,0.133439840507699,0.29019738649925875,False,"p3,rr1,rr2,trend,regime",False,True,True,True,False,False,True,False,True,False,False,"p3,rr1,rr2,regime",False,True,True,True,False,False,True,True,True,False,False,"p3,rr1,rr2,regime",False,True,True,True,False,False,True,True,True,False,REJECT,2026-08-26,2026-08-26,2660.89990234375,2626.5,-0.012927920480379607,-0.014427920480379606,2026-08-26,2026-08-28,2660.89990234375,2608.699951171875,-0.019617405046276515,-0.021117405046276516,,,,,,
2026-08-25,AXISBANK,UNFAVORABLE,24334.55078125,,11.079999923706055,1235.0,44.29281215824035,-0.04016062433489309,0.014117985863848322,0.6762903752313242,-0.012789768185451633,-0.006436041834271933,0.530299538025162,0.5612893526844095,-0.0029348454960554477,-0.0008049190988267839,0.003735002273834831,0.00507299285405971,0.4,30,0.33436107376523666,1208.846431187221,1235.0,1235.0,0.0,0.0,False,"p3,er3,er5,rr1,rr2,trend,regime",False,True,False,False,False,False,True,False,True,False,False,"er3,er5,rr1,rr2,trend,regime",True,True,False,False,False,False,True,False,True,False,False,"er3,er5,rr1,rr2,trend,regime",True,True,False,False,False,False,True,False,True,False,REJECT,2026-08-26,2026-08-26,1240.0999755859375,1255.0,0.01201517999145385,0.01051517999145385,2026-08-26,2026-08-28,1240.0999755859375,1265.0,0.020079045967481335,0.018579045967481334,,,,,,
2026-08-25,BAJAJ-AUTO,UNFAVORABLE,24334.55078125,,11.079999923706055,11927.0,68.5239259210202,0.10180749269741907,0.014391117392710416,0.6531912546388627,0.011362672771983329,0.027569570087016437,0.4571716186755386,0.39019534116442617,0.004314096409554842,3.0119275933615042e-05,-0.0015300099518000265,-0.0059995025641054744,0.4,30,0.5742390735408002,11669.535714285714,11978.454227876762,11927.35923260406,0.19984996262301813,0.0013952715929635635,False,"p3,p5,er5,rr1,rr2,regime",False,False,True,False,False,False,True,True,True,False,False,"p3,p5,er5,rr1,rr2,regime",False,False,True,False,False,False,True,True,True,False,False,"p3,p5,er5,rr1,rr2,regime",False,False,True,False,False,False,True,True,True,False,REJECT,2026-08-26,2026-08-26,11910.0,11724.0,-0.015617128463476071,-0.017117128463476072,2026-08-26,2026-08-28,11910.0,11910.0,0.0,-0.0015,,,,,,
2026-08-25,BAJFINANCE,UNFAVORABLE,24334.55078125,,11.079999923706055,1087.4000244140625,52.68498946645773,0.03816048329209987,0.020067526284254858,0.34519132948093195,-0.006940616973458935,-0.006305422741643585,0.5371043646925906,0.49464777394021775,-0.00045671457231687975,-0.0022553730837113696,0.003048985196913212,0.00043145886774698106,0.4,30,0.655895844742443,1054.6678815569196,1087.4000244140625,1087.4000244140625,0.0,0.0,False,"p3,p5,er3,er5,rr1,rr2,regime",False,False,False,False,False,False,True,True,True,False,False,"p5,er3,er5,rr1,rr2,regime",True,False,False,False,False,False,True,True,True,False,False,"p5,er3,er5,rr1,rr2,regime",True,False,False,False,False,False,True,True,True,False,REJECT,2026-08-26,2026-08-26,1083.300048828125,1085.0,0.0015692339105071174,6.923391050711733e-05,2026-08-26,2026-08-28,1083.300048828125,1079.9000244140625,-0.0031385805047645654,-0.004638580504764565,,,,,,
2026-08-25,BAJAJFINSV,UNFAVORABLE,24334.55078125,,11.079999923706055,2004.0,54.63272489131301,0.04747481218479943,0.017190616151903784,0.31612777259575403,-0.005952380952380931,-0.003579928076111849,0.3696834070765739,0.3457183872657724,-0.005423534533300279,-0.0039188982499489084,-0.008548054190120613,-0.008346218218960422,0.4,30,0.5148802877142138,1952.3250078473773,2004.0,2004.0,0.0,0.0,False,"p3,p5,er3,er5,rr1,rr2,regime",False,False,False,False,False,False,True,True,True,False,False,"p3,p5,er3,er5,rr1,rr2,regime",False,False,False,False,False,False,True,True,True,False,False,"p3,p5,er3,er5,rr1,rr2,regime",False,False,False,False,False,False,True,True,True,False,REJECT,2026-08-26,2026-08-26,2017.0,2010.0,-0.003470500743678717,-0.004970500743678717,2026-08-26,2026-08-28,2017.0,2002.0,-0.007436787307882997,-0.008936787307882997,,,,,,
2026-08-25,BEL,UNFAVORABLE,24334.55078125,,11.079999923706055,413.25,58.19118795115951,0.012434979120358847,0.016437943801911367,0.7705475299607489,0.009404020910877442,0.0030339805825243538,0.5387079727562751,0.5704623244480802,0.002624428006420045,-0.001351035142783037,0.00451357310437106,0.004280221454003974,0.4,30,0.3947306287883005,403.06052958579016,414.3345448736531,413.25,0.10643780584912807,0.0,False,"p3,er5,rr1,rr2,regime",False,True,True,False,False,False,True,True,True,False,False,"er5,rr1,rr2,regime",True,True,True,False,False,False,True,True,True,False,False,"er5,rr1,rr2,regime",True,True,True,False,False,False,True,True,True,False,REJECT,2026-08-26,2026-08-26,411.75,406.8999938964844,-0.011779006930214053,-0.013279006930214053,2026-08-26,2026-08-28,411.75,411.8999938964844,0.0003642839016013699,-0.0011357160983986301,,,,,,
2026-08-25,BHARTIARTL,UNFAVORABLE,24334.55078125,,11.079999923706055,1947.0,52.88148474410545,0.019834932849861486,0.016321810196777094,0.5928063477011861,0.0027295920901302395,0.006617748501322129,0.3432250396054037,0.3969127994146776,-0.0018492877197755363,-0.0034374105737921177,-0.002730845754411848,-0.0017689843468422506,0.4,30,0.3153689762593519,1899.3321533203125,1947.0,1947.0,0.0,0.0,False,"p3,p5,er3,er5,rr1,rr2,regime",False,False,False,False,False,False,True,True,True,False,False,"p3,p5,er3,er5,rr1,rr2,regime",False,False,False,False,False,False,True,True,True,False,False,"p3,p5,er3,er5,rr1,rr2,regime",False,False,False,False,False,False,True,True,True,False,REJECT,2026-08-26,2026-08-26,1933.5,1902.0999755859375,-0.01623999193900305,-0.017739991939003052,2026-08-26,2026-08-28,1933.5,1882.4000244140625,-0.02642874351483704,-0.02792874351483704,,,,,,
2026-08-25,BPCL,UNFAVORABLE,24334.55078125,,11.079999923706055,318.1000061035156,53.95541315906581,0.01496444307302136,0.01931110149212685,1.302417072488013,0.030450254372456076,0.025137024226217664,0.600829395964549,0.6243865886823019,0.009404800568096953,0.0044925821458736085,0.007378802136720708,0.010986794563070723,0.4,30,0.3461822843646396,308.88571384974887,321.0916732216296,319.52909651153857,0.32467682115151075,0.1550949729686226,False,"rr1,rr2,regime",True,True,True,True,False,False,True,True,True,False,False,"rr1,rr2,regime",True,True,True,True,False,False,True,True,True,False,False,"rr1,rr2,regime",True,True,True,True,False,False,True,True,True,False,REJECT,2026-08-26,2026-08-26,320.25,318.0,-0.007025761124121788,-0.008525761124121787,2026-08-26,2026-08-28,320.25,319.25,-0.0031225604996096834,-0.004622560499609683,,,,,,
2026-08-25,BRITANNIA,UNFAVORABLE,24334.55078125,,11.079999923706055,5382.5,46.86599798552596,0.008189760172522043,0.02110676132970606,0.997750443591527,-0.02983056957462149,-0.020473157415832555,0.5169811048651908,0.42989009022137153,0.00309122269897911,-0.004141621525172897,0.00046168045028105453,-0.0014720577275076918,0.4,30,0.3962305112854389,5212.089285714285,5399.138506177255,5382.5,0.09763767640430623,0.0,False,"p3,p5,er5,rr1,rr2,regime",False,False,True,False,False,False,True,True,True,False,False,"p3,p5,er5,rr1,rr2,regime",False,False,True,False,False,False,True,True,True,False,False,"p3,p5,er5,rr1,rr2,regime",False,False,True,False,False,False,True,True,True,False,REJECT,2026-08-26,2026-08-26,5370.0,5310.0,-0.011173184357541888,-0.012673184357541887,2026-08-26,2026-08-28,5370.0,5308.5,-0.011452513966480393,-0.012952513966480393,,,,,,
2026-08-25,CIPLA,UNFAVORABLE,24334.55078125,,11.079999923706055,1422.0,42.77844480341649,-0.011331449034030827,0.014612229684282073,0.9117014413480362,-0.011126564673157202,-0.006358728070141817,0.6081511133856976,0.6324719651528173,0.006538054907904692,0.01103606218262303,0.004068926635539927,0.0037143688107378336,0.43216724916480365,30,0.31410577052353433,1390.8321140834262,1431.2971140790403,1437.69328042369,0.29829145627411496,0.5035080167354263,False,"rr1,rr2,regime",True,True,True,True,False,False,True,True,True,False,False,"rr1,rr2,regime",True,True,True,True,False,False,True,True,True,False,False,"rr1,rr2,regime",True,True,True,True,False,False,True,True,True,False,REJECT,2026-08-26,2026-08-26,1413.5,1402.699951171875,-0.007640642962946531,-0.00914064296294653,2026-08-26,2026-08-28,1413.5,1423.5,0.007074637424832053,0.0055746374248320536,,,,,,
2026-08-25,COALINDIA,UNFAVORABLE,24334.55078125,,11.079999923706055,404.0,37.82777280594078,-0.040758230794079586,0.013171863690798489,1.183297702742357,0.003726708074534235,-0.007127043352136653,0.3459317094376277,0.4272224139816145,-0.006838689610244038,-0.005138655339213478,-0.004519601654391137,-0.0012808142520110422,0.43588518053223657,30,0.22320214417018533,396.01785060337613,404.0,404.0,0.0,0.0,False,"p3,p5,er3,er5,rr1,rr2,trend,regime",False,False,False,False,False,False,True,False,True,False,False,"p3,p5,er3,er5,rr1,rr2,trend,regime",False,False,False,False,False,False,True,False,True,False,False,"p3,p5,er3,er5,rr1,rr2,trend,regime",False,False,False,False,False,False,True,False,True,False,REJECT,2026-08-26,2026-08-26,405.0,403.5,-0.0037037037037036535,-0.005203703703703653,2026-08-26,2026-08-28,405.0,401.0,-0.00987654320987652,-0.01137654320987652,,,,,,
2026-08-25,DRREDDY,UNFAVORABLE,24334.55078125,,11.079999923706055,1193.5,49.74251156745935,-0.030987480122742106,0.01709259798471258,0.9083394205970322,0.011440677966101598,0.012470266850165723,0.6878796240355727,0.7657692101467041,0.011132484104513266,0.02414971898719714,0.011761218715594324,0.02620250565091775,0.465993233445892,30,0.35780278488524075,1162.8999764578682,1206.7866197787366,1222.3226896112196,0.434202926688696,0.9419172364862716,False,"rr1,rr2,trend,regime",True,True,True,True,False,False,True,False,True,False,False,"rr1,rr2,trend,regime",True,True,True,True,False,False,True,False,True,False,False,"rr1,rr2,trend,regime",True,True,True,True,False,False,True,False,True,False,REJECT,2026-08-26,2026-08-26,1189.9000244140625,1182.0,-0.006639233760796559,-0.008139233760796559,2026-08-26,2026-08-28,1189.9000244140625,1178.0,-0.010000860719304838,-0.011500860719304838,,,,,,
2026-08-25,EICHERMOT,UNFAVORABLE,24334.55078125,,11.079999923706055,8055.0,62.96571467287912,0.05353672947588617,0.014214773432650528,0.5197716704328509,0.001616513305148004,0.004551973561139899,0.5054033008122788,0.5506160056336875,0.0008750446995642835,0.00142895037818777,-0.0001251522867053434,0.00136725534455584,0.4,30,0.3764846978286278,7883.25,8062.04848505499,8066.510195296301,0.04103921429397452,0.06701714874120168,False,"p3,er3,er5,rr1,rr2,regime",False,True,False,False,False,False,True,True,True,False,False,"p3,er3,er5,rr1,rr2,regime",False,True,False,False,False,False,True,True,True,False,False,"p3,rr1,rr2,regime",False,True,True,True,False,False,True,True,True,False,REJECT,2026-08-26,2026-08-26,8048.0,8035.0,-0.001615308151093453,-0.003115308151093453,2026-08-26,2026-08-28,8048.0,8059.0,0.0013667992047714517,-0.00013320079522854836,,,,,,
2026-08-25,ETERNAL,UNFAVORABLE,24334.55078125,,11.079999923706055,331.0,70.72151127642931,0.1272459766077394,0.02148253103757553,1.1280427901918009,0.0093001606325398,0.04779995693340733,0.45540228059564203,0.4466114908104104,-0.0006570061420766941,-0.002854024583823721,-0.001002287397878776,-0.0034848967384889518,0.4,30,0.3834357365105432,320.33392333984375,331.0,331.0,0.0,0.0,False,"p3,p5,er3,er5,rr1,rr2,regime",False,False,False,False,False,False,True,True,True,False,False,"p3,p5,er3,er5,rr1,rr2,regime",False,False,False,False,False,False,True,True,True,False,False,"p3,p5,er3,er5,rr1,rr2,regime",False,False,False,False,False,False,True,True,True,False,REJECT,2026-08-26,2026-08-26,330.0,327.0,-0.009090909090909038,-0.010590909090909038,2026-08-26,2026-08-28,330.0,328.0,-0.0060606060606061,-0.007560606060606099,,,,,,
2026-08-25,GRASIM,UNFAVORABLE,24334.55078125,,11.079999923706055,3289.60009765625,57.2794758293116,0.03556673728837967,0.024734818391545108,1.654654360837226,-0.0031514855587121415,0.003324533091379367,0.579857918095115,0.5411572513405005,0.008325629672584363,0.010744095153775926,0.003918836063781184,0.00446194201959671,0.4,30,0.5088996583628347,3167.5486061617457,3316.9880898402334,3324.943874123339,0.22439702988157806,0.289580864881773,False,"rr1,rr2,regime",True,True,True,True,False,False,True,True,True,False,False,"rr1,rr2,regime",True,True,True,True,False,False,True,True,True,False,False,"rr1,rr2,regime",True,True,True,True,False,False,True,True,True,False,REJECT,2026-08-26,2026-08-26,3291.0,3299.89990234375,0.0027043155101034166,0.0012043155101034166,,,,,,,,,,,,
2026-08-25,HCLTECH,UNFAVORABLE,24334.55078125,,11.079999923706055,1315.800048828125,52.96649029211362,0.0682990041600624,0.02082384456449702,0.629562944564368,-0.0019720688241742224,0.013713442856798874,0.5186580356748939,0.4979628893001613,0.003758473031688592,0.0049671726526771195,0.0011015939433259847,0.0003279394370555577,0.4,30,0.25713817193269095,1274.7000252859932,1320.74544782674,1322.3358548470553,0.12032594077581175,0.1590219531682369,False,"p3,p5,rr1,rr2,regime",False,False,True,True,False,False,True,True,True,False,False,"p3,p5,rr1,rr2,regime",False,False,True,True,False,False,True,True,True,False,False,"p3,p5,rr1,rr2,regime",False,False,True,True,False,False,True,True,True,False,REJECT,2026-08-26,2026-08-26,1319.5,1298.5,-0.01591511936339518,-0.017415119363395182,2026-08-26,2026-08-28,1319.5,1316.0999755859375,-0.0025767521137267657,-0.004076752113726765,,,,,,
2026-08-25,HDFCBANK,UNFAVORABLE,24334.55078125,,11.079999923706055,727.5,38.7567577726282,-0.052335657294852345,0.010284738442332474,0.6985765781488804,0.0033790941980276212,0.006224066390041472,0.49212008457725487,0.5575353502770707,-0.0007885078217820861,-0.00429210724214314,-9.626830579823054e-05,0.0014241406800982181,0.4,30,0.3616575898051121,716.2767791748047,727.5,727.5,0.0,0.0,False,"p3,er3,er5,rr1,rr2,trend,regime",False,True,False,False,False,False,True,False,True,False,False,"p3,er3,er5,rr1,rr2,trend,regime",False,True,False,False,False,False,True,False,True,False,False,"p3,er3,er5,rr1,rr2,trend,regime",False,True,False,False,False,False,True,False,True,False,REJECT,2026-08-26,2026-08-26,728.0,727.2000122070312,-0.0010988843310010266,-0.0025988843310010266,2026-08-26,2026-08-28,728.0,720.2999877929688,-0.010576939844823108,-0.012076939844823107,,,,,,
2026-08-25,HDFCLIFE,UNFAVORABLE,24334.55078125,,11.079999923706055,546.7000122070312,48.60597230506766,-0.023437262356817645,0.014927225358509566,0.6460068329867351,0.008671609238064981,0.015699047295924196,0.3890231988563079,0.41930211086682995,-0.0030910938258784776,-0.0062561860617960045,-0.00829337071759878,-0.008981738628536684,0.4,30,0.305892506405622,534.4589407784598,546.7000122070312,546.7000122070312,0.0,0.0,False,"p3,p5,er3,er5,rr1,rr2,trend,regime",False,False,False,False,False,False,True,False,True,False,False,"p3,p5,er3,er5,rr1,rr2,regime",False,False,False,False,False,False,True,True,True,False,False,"p3,p5,er3,er5,rr1,rr2,regime",False,False,False,False,False,False,True,True,True,False,REJECT,2026-08-26,2026-08-26,549.9500122070312,553.0,0.005545936403799079,0.004045936403799079,2026-08-26,2026-08-28,549.9500122070312,548.0,-0.0035457990067234713,-0.005045799006723471,,,,,,
2026-08-25,HEROMOTOCO,UNFAVORABLE,24334.55078125,,11.079999923706055,5624.5,57.12624524240134,0.08322587598662667,0.021601920170681837,0.6051662809301169,-0.020207299015765123,-0.02105995996867116,0.5931775025940732,0.5296082984105986,0.005292803001049818,0.0027818455362561578,0.004494892300516251,0.0008581430487708541,0.4,30,0.4151092805291572,5442.25,5654.269370479405,5640.1464902186735,0.16334359659481285,0.08585179818202214,False,"p5,er5,rr1,rr2,regime",True,False,True,False,False,False,True,True,True,False,False,"rr1,rr2,regime",True,True,True,True,False,False,True,True,True,False,False,"rr1,rr2,regime",True,True,True,True,False,False,True,True,True,False,REJECT,2026-08-26,2026-08-26,5630.5,5595.0,-0.006304946274753531,-0.007804946274753531,2026-08-26,2026-08-28,5630.5,5600.0,-0.005416925672675599,-0.006916925672675598,,,,,,
2026-08-25,HINDALCO,UNFAVORABLE,24334.55078125,,11.079999923706055,1051.050048828125,58.430374422515754,0.062113655815694724,0.025345398400641473,0.7128423699646014,0.020585593770709787,0.009072651174815372,0.5336753342324274,0.7384294815901409,0.005997399527800718,0.013452952379383657,0.004363502144342224,0.007311408212251291,0.4,30,0.3628083313708707,1011.0911254882812,1057.3536158946617,1065.1897750833587,0.1577511739474558,0.3538565374992144,False,"p3,rr1,rr2,regime",False,True,True,True,False,False,True,True,True,False,False,"rr1,rr2,regime",True,True,True,True,False,False,True,True,True,False,False,"rr1,rr2,regime",True,True,True,True,False,False,True,True,True,False,REJECT,2026-08-26,2026-08-26,1052.6500244140625,1053.0,0.00033247098068733827,-0.0011675290193126618,2026-08-26,2026-08-28,1052.6500244140625,1037.4000244140625,-0.014487246137184662,-0.015987246137184663,,,,,,
2026-08-25,HINDUNILVR,UNFAVORABLE,24334.55078125,,11.079999923706055,2024.199951171875,39.47671323222727,-0.045451081431467144,0.01208590371723038,0.7132438175032153,-0.0018737913353673585,-0.0053071493012899484,0.5608888563672101,0.648745468894788,0.0026942646812593675,0.008883031553962055,0.00014429191302245403,0.006250692585994755,0.43528375335374053,30,0.31850890804167253,1987.5035226004466,2029.6536816081243,2042.1809832096633,0.14861747174207435,0.489994060397152,False,"rr1,rr2,trend,regime",True,True,True,True,False,False,True,False,True,False,False,"rr1,rr2,trend,regime",True,True,True,True,False,False,True,False,True,False,False,"rr1,rr2,trend,regime",True,True,True,True,False,False,True,False,True,False,REJECT,2026-08-26,2026-08-26,2030.300048828125,2021.0,-0.0045806277911941695,-0.006080627791194169,2026-08-26,2026-08-28,2030.300048828125,2010.4000244140625,-0.009801518955559585,-0.011301518955559585,,,,,,
2026-08-25,ICICIBANK,UNFAVORABLE,24334.55078125,,11.079999923706055,1422.699951171875,52.730113012901754,0.013236123982601988,0.013184192364060363,0.8253376098541347,0.007649214938072246,0.007577869101894397,0.42972812240588176,0.3613309162570881,-0.0022299685359240956,-0.003489706910649794,-0.0048550653443763525,-0.004984206548076409,0.4048297114235714,30,0.3146548886495783,1394.564226422991,1422.699951171875,1422.699951171875,0.0,0.0,False,"p3,p5,er3,er5,rr1,rr2,regime",False,False,False,False,False,False,True,True,True,False,False,"p3,p5,er3,er5,rr1,rr2,regime",False,False,False,False,False,False,True,True,True,False,False,"p3,p5,er3,er5,rr1,rr2,regime",False,False,False,False,False,False,True,True,True,False,REJECT,2026-08-26,2026-08-26,1423.0999755859375,1430.0,0.004848587261918391,0.003348587261918391,2026-08-26,2026-08-28,1423.0999755859375,1422.800048828125,-0.00021075592927966014,-0.0017107559292796602,,,,,,
2026-08-25,ICICIGI,UNFAVORABLE,24334.55078125,,11.079999923706055,1616.0,40.80223424724374,-0.05261726179269366,0.016000718004801316,0.9355566604351195,-0.005538461538461492,-0.004803577160718886,0.5765472522362923,0.6756702008507766,0.0075865907958212785,0.012611413277363736,0.004473530888385091,0.005869573172235465,0.4,30,0.4943025799702809,1577.2142595563616,1628.259930726047,1636.38004385622,0.31609376502332404,0.5254519734085098,False,"rr1,rr2,trend,regime",True,True,True,True,False,False,True,False,True,False,False,"rr1,rr2,trend,regime",True,True,True,True,False,False,True,False,True,False,False,"rr1,rr2,trend,regime",True,True,True,True,False,False,True,False,True,False,REJECT,2026-08-26,2026-08-26,1618.0,1596.9000244140625,-0.01304077601108622,-0.014540776011086219,2026-08-26,2026-08-28,1618.0,1562.0,-0.034610630407911014,-0.036110630407911015,,,,,,
2026-08-25,ICICIPRULI,UNFAVORABLE,24334.55078125,,11.079999923706055,510.0,53.105023239961135,0.013710938328561628,0.0212254970347514,0.6519819395457472,0.015936254980079667,0.023685241878447005,0.45778802552735925,0.45476764839718214,0.0027101999615819017,-0.0011217702865374856,-0.0010705205305838739,-0.008714587125331685,0.4,30,0.28476713212886373,493.7624947684152,511.3822019804068,510.0,0.08512403603222206,0.0,False,"p3,p5,er5,rr1,rr2,regime",False,False,True,False,False,False,True,True,True,False,False,"p3,p5,er5,rr1,rr2,regime",False,False,True,False,False,False,True,True,True,False,False,"p3,p5,er5,rr1,rr2,regime",False,False,True,False,False,False,True,True,True,False,REJECT,2026-08-26,2026-08-26,510.6499938964844,515.0499877929688,0.008616457356457552,0.007116457356457552,,,,,,,,,,,,
2026-08-25,INDUSINDBK,UNFAVORABLE,24334.55078125,,11.079999923706055,1015.0,52.10870897718232,0.02060757583228634,0.01575651551366775,1.2806316201754695,0.00694444444444442,0.0,0.4429642124450543,0.36897341213811724,-0.003560623706586337,-0.009798654536377524,-0.0031600395715791763,-0.01011643068862933,0.4,30,0.3643563628284828,991.0107051304408,1015.0,1015.0,0.0,0.0,False,"p3,p5,er3,er5,rr1,rr2,regime",False,False,False,False,False,False,True,True,True,False,False,"p3,p5,er3,er5,rr1,rr2,regime",False,False,False,False,False,False,True,True,True,False,False,"p3,p5,er3,er5,rr1,rr2,regime",False,False,False,False,False,False,True,True,True,False,REJECT,2026-08-26,2026-08-26,1010.5,1004.0,-0.00643245917862445,-0.00793245917862445,2026-08-26,2026-08-28,1010.5,994.0,-0.016328550222661997,-0.017828550222662,,,,,,
2026-08-25,INFY,UNFAVORABLE,24334.55078125,,11.079999923706055,1144.0,52.961462713016594,0.03970510574744468,0.019980004736474464,0.7776942724339913,0.012389380530973382,0.026008968609865457,0.6426687120811733,0.5750671920054921,0.0053401853626487755,0.004587606373863108,0.003159661272908343,0.005824198000571212,0.4,30,0.4286836156057051,1109.71431187221,1150.10917205487,1149.2482216916992,0.17818432087755678,0.15307324946018167,False,"rr1,rr2,regime",True,True,True,True,False,False,True,True,True,False,False,"rr1,rr2,regime",True,True,True,True,False,False,True,True,True,False,False,"rr1,rr2,regime",True,True,True,True,False,False,True,True,True,False,REJECT,2026-08-26,2026-08-26,1142.0,1120.0,-0.019264448336252182,-0.020764448336252184,2026-08-26,2026-08-28,1142.0,1144.0,0.0017513134851139256,0.00025131348511392556,,,,,,
2026-08-25,ITC,UNFAVORABLE,24334.55078125,,11.079999923706055,271.3999938964844,39.28758470908908,-0.04037227262997145,0.014448896107145327,0.5783682004262919,-0.0009203018796873907,0.0051851625795718,0.637722548597851,0.6384463894643517,0.005621667689408908,0.006030863859101839,0.0060523424586717,0.005584579089577324,0.4082063050095408,30,0.4372965937775588,265.5178484235491,272.925714473078,273.0367703110351,0.25938164630809124,0.27826180465645173,False,"rr1,rr2,trend,regime",True,True,True,True,False,False,True,False,True,False,False,"rr1,rr2,trend,regime",True,True,True,True,False,False,True,False,True,False,False,"rr1,rr2,trend,regime",True,True,True,True,False,False,True,False,True,False,REJECT,2026-08-26,2026-08-26,271.8500061035156,270.25,-0.005885620995374818,-0.007385620995374818,2026-08-26,2026-08-28,271.8500061035156,266.0,-0.021519242126807447,-0.02301924212680745,,,,,,
2026-08-25,JIOFIN,UNFAVORABLE,24334.55078125,,11.079999923706055,243.14999389648438,44.93507231933329,-0.0018182178968511042,0.019776289432220998,0.5285030009108351,-0.005928095547215961,-0.01078115997710316,0.4894979720189489,0.4542370436332786,0.0038384626067071814,0.006881106430331306,0.00040754688688748875,-0.004884410388286187,0.4,30,0.41776788683212746,235.9370869143749,244.0833160558771,244.82313488302051,0.12939611750265118,0.23196486391493937,False,"p3,p5,rr1,rr2,regime",False,False,True,True,False,False,True,True,True,False,False,"p3,p5,rr1,rr2,regime",False,False,True,True,False,False,True,True,True,False,False,"p3,p5,rr1,rr2,regime",False,False,True,True,False,False,True,True,True,False,REJECT,2026-08-26,2026-08-26,244.14999389648438,241.0,-0.01290187989035918,-0.01440187989035918,2026-08-26,2026-08-28,244.14999389648438,238.39999389648438,-0.023551096226682278,-0.02505109622668228,,,,,,
2026-08-25,JSWSTEEL,UNFAVORABLE,24334.55078125,,11.079999923706055,1320.300048828125,61.53542067306155,0.04693668161709441,0.018183101525973286,0.7443530193203508,0.015849887227952886,0.04157468780151041,0.5199068560119506,0.6674940449845604,0.005285682159038899,0.007389372304123173,0.0009360025200476629,0.009293517627501413,0.4027660813003786,30,0.31967275520886296,1284.289324079241,1327.2787352407938,1330.056237442068,0.19379466704249226,0.27092452823364604,False,"p3,rr1,rr2,regime",False,True,True,True,False,False,True,True,True,False,False,"p3,rr1,rr2,regime",False,True,True,True,False,False,True,True,True,False,False,"p3,rr1,rr2,regime",False,True,True,True,False,False,True,True,True,False,REJECT,2026-08-26,2026-08-26,1329.0,1341.0,0.009029345372460584,0.007529345372460585,,,,,,,,,,,,
2026-08-25,KOTAKBANK,UNFAVORABLE,24334.55078125,,11.079999923706055,401.6000061035156,60.57172327307935,0.025951034149128693,0.015802860834016347,1.0616573966294065,0.010695859908689265,0.035986101964847084,0.358998165757035,0.2309019212968218,-0.010571012637638277,-0.012170224084148772,-0.007206181018648505,-0.011318847118949649,0.4,30,0.33684948716586927,392.08036259242465,401.6000061035156,401.6000061035156,0.0,0.0,False,"p3,p5,er3,er5,rr1,rr2,regime",False,False,False,False,False,False,True,True,True,False,False,"p3,p5,er3,er5,rr1,rr2,regime",False,False,False,False,False,False,True,True,True,False,False,"p3,p5,er3,er5,rr1,rr2,regime",False,False,False,False,False,False,True,True,True,False,REJECT,2026-08-26,2026-08-26,402.5,416.70001220703125,0.035279533433618004,0.033779533433618,2026-08-26,2026-08-28,402.5,423.70001220703125,0.05267083778144399,0.05117083778144399,,,,,,
2026-08-25,LT,UNFAVORABLE,24334.55078125,,11.079999923706055,4119.0,62.84030614913989,0.026902912927452283,0.011250989500691483,0.8356159891208408,0.009311443273707365,0.013458639990826082,0.5468075479503937,0.48364388528892366,0.0003394604306970799,-0.006530925258262303,0.0011217684474318368,-0.0002849838673367189,0.4,30,0.3630109322688786,4049.4857613699774,4120.398237514041,4119.0,0.020114404496079694,0.0,False,"p5,er3,er5,rr1,rr2,regime",True,False,False,False,False,False,True,True,True,False,False,"p5,er3,er5,rr1,rr2,regime",True,False,False,False,False,False,True,True,True,False,False,"p5,er5,rr1,rr2,regime",True,False,True,False,False,False,True,True,True,False,REJECT,2026-08-26,2026-08-26,4114.0,4038.10009765625,-0.018449174123420065,-0.019949174123420066,2026-08-26,2026-08-28,4114.0,4045.800048828125,-0.016577528238180594,-0.018077528238180596,,,,,,
2026-08-25,M&M,UNFAVORABLE,24334.55078125,,11.079999923706055,3443.0,60.045730037764955,0.06154731069670083,0.01601384112530341,0.46799242423420223,0.005314164597171933,0.006283793657752446,0.3286497979310803,0.42096315221212555,-0.007869961508637184,-0.0044233422926124215,-0.011455136678266142,-0.009499740042373417,0.4,30,0.27622167180160273,3360.2965175083705,3443.0,3443.0,0.0,0.0,False,"p3,p5,er3,er5,rr1,rr2,regime",False,False,False,False,False,False,True,True,True,False,False,"p3,p5,er3,er5,rr1,rr2,regime",False,False,False,False,False,False,True,True,True,False,False,"p3,p5,er3,er5,rr1,rr2,regime",False,False,False,False,False,False,True,True,True,False,REJECT,2026-08-26,2026-08-26,3435.0,3398.199951171875,-0.010713260211972386,-0.012213260211972386,2026-08-26,2026-08-28,3435.0,3334.0,-0.029403202328966538,-0.03090320232896654,,,,,,
2026-08-25,MARUTI,UNFAVORABLE,24334.55078125,,11.079999923706055,13678.0,47.12133018775084,-0.0031917201209374912,0.013368504416514904,0.8220321897832283,-0.009486566731841561,-0.0009495288875903674,0.7443390823948495,0.6578466499954487,0.009984719622040537,0.01190234799575608,0.010914920340614476,0.007926045736065701,0.5680445198574693,30,0.22198201151465133,13403.718394886364,13814.570994990272,13840.800315885952,0.4979225454572141,0.5935517105439976,False,"rr1,rr2,regime",True,True,True,True,False,False,True,True,True,False,False,"rr1,rr2,regime",True,True,True,True,False,False,True,True,True,False,False,"rr1,rr2,regime",True,True,True,True,False,False,True,True,True,False,REJECT,2026-08-26,2026-08-26,13750.0,13520.0,-0.016727272727272702,-0.018227272727272703,2026-08-26,2026-08-28,13750.0,13376.0,-0.027200000000000002,-0.028700000000000003,,,,,,
2026-08-25,NESTLEIND,UNFAVORABLE,24334.55078125,,11.079999923706055,1479.0,49.93918287688506,0.014377550429311103,0.018922059832823215,0.7727133346236789,0.014403292181069949,0.011282051282051286,0.5992028835414192,0.6104172102430254,0.007517497576249979,0.007792675226936132,0.008919104993869387,0.007108403809952923,0.4,30,0.3020428382616334,1437.0214102608816,1490.1183789152738,1490.5253666606386,0.2648583238353267,0.2745534505152399,False,"rr1,rr2,regime",True,True,True,True,False,False,True,True,True,False,False,"rr1,rr2,regime",True,True,True,True,False,False,True,True,True,False,False,"rr1,rr2,regime",True,True,True,True,False,False,True,True,True,False,REJECT,2026-08-26,2026-08-26,1476.0,1451.5,-0.016598915989159857,-0.01809891598915986,2026-08-26,2026-08-28,1476.0,1454.5999755859375,-0.014498661527142631,-0.015998661527142632,,,,,,
2026-08-25,NTPC,UNFAVORABLE,24334.55078125,,11.079999923706055,339.8500061035156,44.495050193286936,-0.024075748303575062,0.01623614790034589,0.6258926440287526,0.006962981047453631,0.008157816523905792,0.4558404220255726,0.5276458045090275,0.0005116782084938533,0.00548155790922904,-0.0004478652070229461,0.0012201405897817041,0.4,30,0.23206517268630214,331.57322365897045,340.02389994579534,341.7129135924239,0.02100983606187637,0.22507629038093355,False,"p3,p5,er3,rr1,rr2,trend,regime",False,False,False,True,False,False,True,False,True,False,False,"p3,er3,rr1,rr2,regime",False,True,False,True,False,False,True,True,True,False,False,"p3,rr1,rr2,regime",False,True,True,True,False,False,True,True,True,False,REJECT,2026-08-26,2026-08-26,341.54998779296875,334.6000061035156,-0.020348358769861408,-0.02184835876986141,2026-08-26,2026-08-28,341.54998779296875,330.04998779296875,-0.03367003487340414,-0.035170034873404143,,,,,,
2026-08-25,ONGC,UNFAVORABLE,24334.55078125,,11.079999923706055,234.0,34.83763489237826,-0.0316076604302471,0.015827230190328334,0.9638763141696197,-0.018867924528301883,-0.022964509394572064,0.6955598106394918,0.635442058977063,0.004005748056076058,0.004315071487885582,0.0033534727651458596,0.007674955337964029,0.4,30,0.23977251301353508,228.44464220319477,234.9373450451218,235.00972672816525,0.16872811426490586,0.18175728100644054,False,"rr1,rr2,trend,regime",True,True,True,True,False,False,True,False,True,False,False,"rr1,rr2,trend,regime",True,True,True,True,False,False,True,False,True,False,False,"rr1,rr2,trend,regime",True,True,True,True,False,False,True,False,True,False,REJECT,2026-08-26,2026-08-26,233.50999450683594,232.2100067138672,-0.005567161250268016,-0.007067161250268015,2026-08-26,2026-08-28,233.50999450683594,232.25,-0.005395891124476249,-0.006895891124476248,,,,,,
2026-08-25,POWERGRID,UNFAVORABLE,24334.55078125,,11.079999923706055,271.0,44.085925130664236,-0.03602972593971121,0.018489759220973907,0.6094674653404578,0.02341394445938816,0.011194029850746245,0.5000394102080594,0.3853221177968298,-0.00288186302937557,-0.007471420365322018,-0.00045806278954535484,-0.004773257792428265,0.4436325173873061,30,0.2877359308035594,263.4839128766741,271.0,271.0,0.0,0.0,False,"p3,p5,er3,er5,rr1,rr2,trend,regime",False,False,False,False,False,False,True,False,True,False,False,"p3,p5,er3,er5,rr1,rr2,trend,regime",False,False,False,False,False,False,True,False,True,False,False,"p3,p5,er3,er5,rr1,rr2,trend,regime",False,False,False,False,False,False,True,False,True,False,REJECT,2026-08-26,2026-08-26,270.1000061035156,265.20001220703125,-0.018141406093143297,-0.0196414060931433,2026-08-26,2026-08-28,270.1000061035156,266.04998779296875,-0.014994513954193378,-0.01649451395419338,,,,,,
2026-08-25,RELIANCE,UNFAVORABLE,24334.55078125,,11.079999923706055,1317.0,52.579608418598575,0.008103096356351314,0.014215213019646926,0.6910414361570075,0.0028937320814959033,-0.0037821482602118373,0.43185667026468383,0.39499951335540173,-0.006602613636968671,-0.009359339772219134,-0.0013317929055254307,-0.008202386013081653,0.450282938888976,30,0.3146984258808246,1288.9178466796875,1317.0,1317.0,0.0,0.0,False,"p3,p5,er3,er5,rr1,rr2,regime",False,False,False,False,False,False,True,True,True,False,False,"p3,p5,er3,er5,rr1,rr2,regime",False,False,False,False,False,False,True,True,True,False,False,"p3,p5,er3,er5,rr1,rr2,regime",False,False,False,False,False,False,True,True,True,False,REJECT,2026-08-26,2026-08-26,1310.0,1298.0,-0.009160305343511421,-0.01066030534351142,2026-08-26,2026-08-28,1310.0,1287.0,-0.017557251908396965,-0.019057251908396966,,,,,,
2026-08-25,SBILIFE,UNFAVORABLE,24334.55078125,,11.079999923706055,1755.0,32.9170223086726,-0.03577680154298357,0.016788766788766788,1.8211969440599451,-0.015151515151515138,-0.012935883014623117,0.5609839142045041,0.48259283168825684,0.0026699594019595502,0.006342822591257787,0.0020489441338902292,-0.0008148591329381616,0.4,30,0.35410463199005926,1710.8035714285713,1759.6857787504389,1766.1316536476575,0.1060216606159907,0.25186771889649145,False,"p5,rr1,rr2,trend,regime",True,False,True,True,False,False,True,False,True,False,False,"p5,rr1,rr2,trend,regime",True,False,True,True,False,False,True,False,True,False,False,"p5,rr1,rr2,trend,regime",True,False,True,True,False,False,True,False,True,False,REJECT,2026-08-26,2026-08-26,1760.5,1768.199951171875,0.004373729719894914,0.0028737297198949143,,,,,,,,,,,,
2026-08-25,SBIN,UNFAVORABLE,24334.55078125,,11.079999923706055,1048.0,49.487867252577495,0.005676127538340792,0.0197996266405611,0.9779566969958234,0.0,-0.0047483380816714105,0.6770884909969435,0.739057367652355,0.008144038950992924,0.01480315298010857,0.011706632203729361,0.014196753718438315,0.42444153300952064,30,0.3784794275618811,1016.8749869210379,1056.5349528206407,1063.5137043231537,0.2742152364398396,0.49843205796561224,False,"rr1,rr2,regime",True,True,True,True,False,False,True,True,True,False,False,"rr1,rr2,regime",True,True,True,True,False,False,True,True,True,False,False,"rr1,rr2,regime",True,True,True,True,False,False,True,True,True,False,REJECT,2026-08-26,2026-08-26,1051.4000244140625,1052.0,0.0005706444474089523,-0.0009293555525910478,2026-08-26,2026-08-28,1051.4000244140625,1047.5,-0.0037093630621094498,-0.005209363062109449,,,,,,
2026-08-25,SHRIRAMFIN,UNFAVORABLE,24334.55078125,,11.079999923706055,1138.5,61.65719184458713,0.07262008671917619,0.021023917418066536,0.5797231404851689,0.009129630627466634,0.02715623865296224,0.7062936113724934,0.6501043192375493,0.005923451087918049,0.01350877800387788,0.010099526546430093,0.009856613405249792,0.4,30,0.2641342818808154,1102.5964050292969,1145.2438490635948,1153.8797437574149,0.18783213962550754,0.4283622230577341,False,"rr1,rr2,regime",True,True,True,True,False,False,True,True,True,False,False,"rr1,rr2,regime",True,True,True,True,False,False,True,True,True,False,False,"rr1,rr2,regime",True,True,True,True,False,False,True,True,True,False,REJECT,2026-08-26,2026-08-26,1141.4000244140625,1117.5,-0.020939218418478234,-0.022439218418478235,2026-08-26,2026-08-28,1141.4000244140625,1086.9000244140625,-0.04774837816214128,-0.04924837816214128,,,,,,
2026-08-25,SUNPHARMA,UNFAVORABLE,24334.55078125,,11.079999923706055,1922.0,49.66475265042534,0.0026923621257053387,0.015352310672883064,0.6041857679101287,0.009453781512605008,0.025012012705832865,0.6296151043691989,0.6309231582972986,0.003155303534589826,0.002364367397220885,0.003638167327077446,0.004419114005759339,0.4,30,0.27853739228768704,1877.7392883300781,1928.0644933934818,1926.5443141374585,0.13701753010001996,0.10267151082766436,False,"er5,rr1,rr2,regime",True,True,True,False,False,False,True,True,True,False,False,"rr1,rr2,regime",True,True,True,True,False,False,True,True,True,False,False,"rr1,rr2,regime",True,True,True,True,False,False,True,True,True,False,REJECT,2026-08-26,2026-08-26,1926.9000244140625,1899.5,-0.01421974366438361,-0.015719743664383612,,,,,,,,,,,,
2026-08-25,TATACONSUM,UNFAVORABLE,24334.55078125,,11.079999923706055,1060.5,43.79742227595638,-0.030350355236826054,0.018892697375206272,0.5351169395684389,0.0039760967317330476,-0.0010361488425340015,0.657534754222627,0.6543358313378512,0.008731962917335578,0.014126051568588939,0.006524280620306744,0.004436946620251514,0.4,30,0.1891613345518755,1030.4464416503906,1069.7602466738344,1075.4806776884886,0.3081248006013506,0.4984660223664781,False,"rr1,rr2,trend,regime",True,True,True,True,False,False,True,False,True,False,False,"rr1,rr2,trend,regime",True,True,True,True,False,False,True,False,True,False,False,"rr1,rr2,trend,regime",True,True,True,True,False,False,True,False,True,False,REJECT,2026-08-26,2026-08-26,1063.5,1047.0999755859375,-0.015420803398272231,-0.016920803398272233,2026-08-26,2026-08-28,1063.5,1040.699951171875,-0.021438691892924355,-0.022938691892924357,,,,,,
2026-08-25,TATASTEEL,UNFAVORABLE,24334.55078125,,11.079999923706055,186.94000244140625,49.9882007040363,-0.0074080610592413,0.019960575612383992,1.0764792934615504,0.018746607310115904,0.007762816395721073,0.4111666652979368,0.3866803801220955,0.0012640256853826523,-0.0014238497367280595,-0.007180384308166199,-0.008792920095817891,0.4,30,0.2966485734045448,181.34285736083984,187.1762994061177,186.94000244140625,0.042217409288152735,0.0,False,"p3,p5,er3,er5,rr1,rr2,regime",False,False,False,False,False,False,True,True,True,False,False,"p3,p5,er5,rr1,rr2,regime",False,False,True,False,False,False,True,True,True,False,False,"p3,p5,er5,rr1,rr2,regime",False,False,True,False,False,False,True,True,True,False,REJECT,2026-08-26,2026-08-26,186.49000549316406,188.00999450683594,0.008150511925034909,0.006650511925034909,2026-08-26,2026-08-28,186.49000549316406,186.5,5.3592721012130085e-05,-0.00144640727898787,,,,,,
2026-08-25,TCS,UNFAVORABLE,24334.55078125,,11.079999923706055,2296.199951171875,47.902926619516506,0.027291982178553553,0.02451254160961574,0.9526823412976267,-0.0007833110653285846,0.0071052417420505165,0.5385376640907694,0.4765863179588176,0.0020247729167452966,-0.004323692562142286,0.004062388326819377,-0.0049871051210744755,0.4,30,0.6248714625441445,2211.771405901228,2300.8492346444395,2296.199951171875,0.055067672404642734,0.0,False,"p3,p5,er5,rr1,rr2,regime",False,False,True,False,False,False,True,True,True,False,False,"p5,er5,rr1,rr2,regime",True,False,True,False,False,False,True,True,True,False,False,"p5,er5,rr1,rr2,regime",True,False,True,False,False,False,True,True,True,False,REJECT,2026-08-26,2026-08-26,2305.10009765625,2270.0,-0.01522714683494164,-0.016727146834941642,2026-08-26,2026-08-28,2305.10009765625,2342.0,0.016007939256637238,0.014507939256637238,,,,,,
2026-08-25,TECHM,UNFAVORABLE,24334.55078125,,11.079999923706055,1599.9000244140625,53.373484237856,0.047209075582247184,0.020237879330904325,0.5050783423650004,0.004899220493520984,0.0049623268932552644,0.2640401739693473,0.24289956438603424,-0.0076863345077072135,-0.008438751343795391,-0.01191899951185832,-0.019095023893956953,0.4,30,0.32153019873049243,1551.3321489606585,1599.9000244140625,1599.9000244140625,0.0,0.0,False,"p3,p5,er3,er5,rr1,rr2,regime",False,False,False,False,False,False,True,True,True,False,False,"p3,p5,er3,er5,rr1,rr2,regime",False,False,False,False,False,False,True,True,True,False,False,"p3,p5,er3,er5,rr1,rr2,regime",False,False,False,False,False,False,True,True,True,False,REJECT,2026-08-26,2026-08-26,1607.5,1571.0,-0.022706065318818025,-0.024206065318818026,2026-08-26,2026-08-28,1607.5,1640.9000244140625,0.020777620164269095,0.019277620164269094,,,,,,
2026-08-25,TITAN,UNFAVORABLE,24334.55078125,,11.079999923706055,5124.7998046875,71.09285061182908,0.08692685620469054,0.017055707614885326,0.3913123181602291,0.011207538415055174,0.015093234868537975,0.5009568372740937,0.513590973870995,-0.00023303101436108234,-0.0029760303227510353,-0.00017603165353236028,0.00016736003899281426,0.4,30,0.38039178481895647,4993.689174107143,5124.7998046875,5124.7998046875,0.0,0.0,False,"p3,p5,er3,er5,rr1,rr2,regime",False,False,False,False,False,False,True,True,True,False,False,"p3,p5,er3,er5,rr1,rr2,regime",False,False,False,False,False,False,True,True,True,False,False,"p3,er3,er5,rr1,rr2,regime",False,True,False,False,False,False,True,True,True,False,REJECT,2026-08-26,2026-08-26,5149.89990234375,5100.0,-0.009689489755138836,-0.011189489755138836,2026-08-26,2026-08-28,5149.89990234375,5169.2001953125,0.0037477025446583934,0.0022477025446583933,,,,,,
2026-08-25,TRENT,UNFAVORABLE,24334.55078125,,11.079999923706055,2930.0,44.089483513812716,-0.0337444179752826,0.022284248013545224,0.5887676090383037,-0.013468013468013518,-0.004112741665686093,0.4681134698699851,0.5078104990258081,-0.0013285711485214982,-0.0044512423630453405,-0.002547870277907538,0.0019388959813050333,0.4,30,0.3082316711760706,2832.0607299804688,2930.0,2930.0,0.0,0.0,False,"p3,p5,er3,er5,rr1,rr2,trend,regime",False,False,False,False,False,False,True,False,True,False,False,"p3,p5,er3,er5,rr1,rr2,trend,regime",False,False,False,False,False,False,True,False,True,False,False,"p3,p5,er3,er5,rr1,rr2,trend,regime",False,False,False,False,False,False,True,False,True,False,REJECT,2026-08-26,2026-08-26,2950.0,2908.199951171875,-0.014169508077330528,-0.01566950807733053,2026-08-26,2026-08-28,2950.0,2898.0,-0.017627118644067852,-0.019127118644067853,,,,,,
2026-08-25,ULTRACEMCO,UNFAVORABLE,24334.55078125,,11.079999923706055,11540.0,45.30142011242949,-0.0003705789466991183,0.015882644218866055,0.9956615616214353,-0.0030237580993520696,0.0035655274371684254,0.6312049372198403,0.7615000290579502,0.005637479893551342,0.01085950520099149,0.003609324428206717,0.012543268746499692,0.4355163770051707,30,0.4194562292360587,11265.07142857143,11605.056517971581,11665.318690019441,0.23663061875867533,0.45582272285585473,False,"rr1,rr2,regime",True,True,True,True,False,False,True,True,True,False,False,"rr1,rr2,regime",True,True,True,True,False,False,True,True,True,False,False,"rr1,rr2,regime",True,True,True,True,False,False,True,True,True,False,REJECT,2026-08-26,2026-08-26,11580.0,11717.0,0.011830742659758142,0.010330742659758143,2026-08-26,2026-08-28,11580.0,11589.0,0.0007772020725389517,-0.0007227979274610483,,,,,,
2026-08-25,WIPRO,UNFAVORABLE,24334.55078125,,11.079999923706055,180.08999633789062,47.23181445626698,0.011698674934911057,0.016035630398261384,0.7226326422139997,-0.005027644542040743,0.011400644766542012,0.4284052909625571,0.39409272449235355,-0.003285907072567048,-0.004721184162120671,-0.003376876729141831,-0.004359882141623472,0.4,30,0.33367867589529565,175.75821140834265,180.08999633789062,180.08999633789062,0.0,0.0,False,"p3,p5,er3,er5,rr1,rr2,regime",False,False,False,False,False,False,True,True,True,False,False,"p3,p5,er3,er5,rr1,rr2,regime",False,False,False,False,False,False,True,True,True,False,False,"p3,p5,er3,er5,rr1,rr2,regime",False,False,False,False,False,False,True,True,True,False,REJECT,2026-08-26,2026-08-26,180.08999633789062,177.35000610351562,-0.01521456099779217,-0.01671456099779217,2026-08-26,2026-08-28,180.08999633789062,180.9499969482422,0.004775393568990927,0.0032753935689909266,,,,,,
2026-08-25,APOLLOTYRE,UNFAVORABLE,24334.55078125,,11.079999923706055,441.3999938964844,54.69930984515629,0.01762733242114911,0.023529030342905953,0.44176858521240986,0.028185433141337368,0.012385307102028342,0.5607136341499114,0.5619129568268874,0.005958296557158647,0.0018395334918496298,0.009382359052898193,0.0024976252841647506,0.4,30,0.26728991233628385,425.8214231218611,444.0299859604477,442.21196396855925,0.16882113911549726,0.05212096050540971,False,"er5,rr1,rr2,regime",True,True,True,False,False,False,True,True,True,False,False,"er5,rr1,rr2,regime",True,True,True,False,False,False,True,True,True,False,False,"rr1,rr2,regime",True,True,True,True,False,False,True,True,True,False,REJECT,2026-08-26,2026-08-26,444.25,443.04998779296875,-0.002701209244864944,-0.0042012092448649434,2026-08-26,2026-08-28,444.25,443.5,-0.0016882386043893804,-0.0031882386043893805,,,,,,
2026-08-25,AUROPHARMA,UNFAVORABLE,24334.55078125,,11.079999923706055,1617.800048828125,53.119856400198074,0.027854652630542986,0.021219296184892697,0.5825348057624422,0.006094557728933525,-0.016534924724544098,0.6978219693935434,0.7326225232475206,0.01249849898972565,0.02069731795077641,0.01291688270910496,0.01714897548162886,0.43775613261816765,30,0.31392555911446546,1566.3071812220983,1638.0201211039814,1651.2841708195022,0.3926771457080369,0.6502671835556926,False,"rr1,rr2,regime",True,True,True,True,False,False,True,True,True,False,False,"rr1,rr2,regime",True,True,True,True,False,False,True,True,True,False,False,"rr1,rr2,regime",True,True,True,True,False,False,True,True,True,False,REJECT,2026-08-26,2026-08-26,1620.0,1623.0,0.0018518518518517713,0.0003518518518517712,,,,,,,,,,,,
2026-08-25,BOSCHLTD,UNFAVORABLE,24334.55078125,,11.079999923706055,48680.0,75.8815912063987,0.14635798417986456,0.02280930860429628,0.567786020726458,-0.0014358974358974486,-0.001026061974143233,0.5981723949783265,0.5852126249200811,0.010452299690760575,0.017494269239158547,0.007765519783735075,0.01278192365397901,0.4,30,0.32806243881796177,47014.46428571429,49188.81794894623,49531.62102656224,0.3054980716306293,0.5113195827971023,False,"rr1,rr2,regime",True,True,True,True,False,False,True,True,True,False,False,"rr1,rr2,regime",True,True,True,True,False,False,True,True,True,False,False,"rr1,rr2,regime",True,True,True,True,False,False,True,True,True,False,REJECT,2026-08-26,2026-08-26,48670.0,48895.0,0.004622971029381473,0.003122971029381473,,,,,,,,,,,,
2026-08-25,SAIL,UNFAVORABLE,24334.55078125,,11.079999923706055,184.58999633789062,65.995605214537,0.0842851009140666,0.03301524556326252,3.167827347425445,0.0554031033708402,0.08454758899921977,0.6536658014856808,0.5912941574698861,0.008050061896827745,0.004055058361223649,0.0023692413692625314,0.004761764744551589,0.4,30,0.48442962822286567,175.44857025146484,186.07595723394584,185.33851954593882,0.16255241600232814,0.08188254228294745,False,"rr1,rr2,regime",True,True,True,True,False,False,True,True,True,False,False,"rr1,rr2,regime",True,True,True,True,False,False,True,True,True,False,False,"rr1,rr2,regime",True,True,True,True,False,False,True,True,True,False,REJECT,2026-08-26,2026-08-26,185.9499969482422,194.89999389648438,0.04813120244757707,0.04663120244757707,2026-08-26,2026-08-28,185.9499969482422,200.0,0.07555796333607101,0.07405796333607101,,,,,,
2026-08-25,DLF,UNFAVORABLE,24334.55078125,,11.079999923706055,682.9500122070312,60.39001972808798,0.051600544537298676,0.021754376324613134,0.6586897938769257,0.010056921611237835,0.02583554218104589,0.26777253478469165,0.2879110661673847,-0.013422234477121441,-0.015283121157160871,-0.010063318505887597,-0.020048756325085126,0.4,30,0.42067894154677227,660.6642848423548,682.9500122070312,682.9500122070312,0.0,0.0,False,"p3,p5,er3,er5,rr1,rr2,regime",False,False,False,False,False,False,True,True,True,False,False,"p3,p5,er3,er5,rr1,rr2,regime",False,False,False,False,False,False,True,True,True,False,False,"p3,p5,er3,er5,rr1,rr2,regime",False,False,False,False,False,False,True,True,True,False,REJECT,2026-08-26,2026-08-26,688.0,672.5,-0.022529069767441845,-0.024029069767441846,2026-08-26,2026-08-28,688.0,679.7999877929688,-0.011918622393940814,-0.013418622393940814,,,,,,
2026-08-25,NAUKRI,UNFAVORABLE,24334.55078125,,11.079999923706055,1350.0,65.47372718669673,0.14178528672757795,0.027989430906911375,0.4931578568902502,-0.008009423336409638,-0.0036165210168783712,0.6333947309842309,0.6038369006821178,0.008709468737644502,0.008774056160009659,0.007618481684018685,0.006630917010556958,0.4,30,0.5278766847244689,1293.3214024135045,1361.75778279582,1361.844975816013,0.20744660765250686,0.20898498411039004,False,"rr1,rr2,regime",True,True,True,True,False,False,True,True,True,False,False,"rr1,rr2,regime",True,True,True,True,False,False,True,True,True,False,False,"rr1,rr2,regime",True,True,True,True,False,False,True,True,True,False,REJECT,2026-08-26,2026-08-26,1349.199951171875,1323.5,-0.019048289432231913,-0.020548289432231914,2026-08-26,2026-08-28,1349.199951171875,1354.0,0.0035577001199531555,0.0020577001199531555,,,,,,
2026-08-26,ADANIENT,UNFAVORABLE,24207.75,,10.569999694824219,3112.0,61.1152128372252,0.015186696816256617,0.02029930560237732,1.8776574785163385,0.03837170503837162,0.040698240706503075,0.46021991896613507,0.4123987419856893,0.0018320292940988392,-0.006721007717639592,-0.0010042535274040754,-0.011148756299494578,0.4,30,0.3306576245806633,3017.242841448103,3117.7012751632356,3112.0,0.060167223778803375,0.0,False,"p3,p5,er3,er5,rr1,rr2,regime",False,False,False,False,False,False,True,True,True,False,False,"p3,p5,er5,rr1,rr2,regime",False,False,True,False,False,False,True,True,True,False,False,"p3,p5,er5,rr1,rr2,regime",False,False,True,False,False,False,True,True,True,False,REJECT,2026-08-27,2026-08-27,3125.0,3169.0,0.014080000000000092,0.012580000000000093,,,,,,,,,,,,
2026-08-26,ADANIPORTS,UNFAVORABLE,24207.75,,10.569999694824219,1691.5,44.56417973246839,-0.04106932781384531,0.01626198114885087,0.9703646953959326,-0.0050000000000000044,0.005707815831254237,0.23498820548790586,0.3022200332714779,-0.009588595223260287,-0.00927896493811832,-0.013411232514762839,-0.009981681148951316,0.4,30,0.26240996899476055,1650.2392883300781,1691.5,1691.5,0.0,0.0,False,"p3,p5,er3,er5,rr1,rr2,trend,regime",False,False,False,False,False,False,True,False,True,False,False,"p3,p5,er3,er5,rr1,rr2,trend,regime",False,False,False,False,False,False,True,False,True,False,False,"p3,p5,er3,er5,rr1,rr2,trend,regime",False,False,False,False,False,False,True,False,True,False,REJECT,2026-08-27,2026-08-27,1703.0,1714.0,0.006459189665296572,0.004959189665296572,,,,,,,,,,,,
2026-08-26,APOLLOHOSP,UNFAVORABLE,24207.75,,10.569999694824219,8766.5,48.91872578578075,-0.0014433665420238162,0.02023804964186805,0.36636435265533224,0.008455078799033622,0.0018857142857142684,0.5308606106473013,0.46634280948984247,-0.00046668385789125735,-0.0024056820860970237,0.003697561436865615,-0.0010668691294254407,0.4,30,0.39628992422172604,8500.374706721845,8766.5,8766.5,0.0,0.0,False,"p3,p5,er3,er5,rr1,rr2,regime",False,False,False,False,False,False,True,True,True,False,False,"p5,er3,er5,rr1,rr2,regime",True,False,False,False,False,False,True,True,True,False,False,"p5,er3,er5,rr1,rr2,regime",True,False,False,False,False,False,True,True,True,False,REJECT,2026-08-27,2026-08-27,8849.0,8800.0,-0.0055373488529777415,-0.007037348852977741,,,,,,,,,,,,
2026-08-26,ASIANPAINT,UNFAVORABLE,24207.75,,10.569999694824219,2626.5,37.510069059929855,-0.025385584480707934,0.01629272670081382,0.43558055099635956,-0.005113636363636376,-0.0016345023370515355,0.3571226853557369,0.5176685403705117,0.0024139375975760218,0.005394197482149522,-0.004863237890994188,0.008553273974940878,0.4,30,0.250804645465584,2562.3107299804688,2632.8402071000332,2640.6678596868655,0.09877362833545338,0.22072006244275097,False,"p3,p5,rr1,rr2,trend,regime",False,False,True,True,False,False,True,False,True,False,False,"p3,p5,rr1,rr2,trend,regime",False,False,True,True,False,False,True,False,True,False,False,"p3,rr1,rr2,regime",False,True,True,True,False,False,True,True,True,False,REJECT,2026-08-27,2026-08-27,2637.89990234375,2631.0,-0.0026156801240333483,-0.004115680124033348,,,,,,,,,,,,
2026-08-26,AXISBANK,UNFAVORABLE,24207.75,,10.569999694824219,1255.0,51.56419834813772,-0.02317635560789255,0.014524755331353159,0.6606870364677945,0.007384773487951746,0.0161943319838056,0.4723652054501276,0.47073499571979455,0.001962128056322537,-0.00043576858714147515,-0.0015203206240922418,-0.0013539583681008716,0.4,30,0.3531147706888922,1227.6571480887278,1257.4624707106848,1255.0,0.09005902963873424,0.0,False,"p3,p5,er3,er5,rr1,rr2,trend,regime",False,False,False,False,False,False,True,False,True,False,False,"p3,p5,er5,rr1,rr2,regime",False,False,True,False,False,False,True,True,True,False,False,"p3,p5,er5,rr1,rr2,regime",False,False,True,False,False,False,True,True,True,False,REJECT,2026-08-27,2026-08-27,1260.0,1256.0,-0.0031746031746031633,-0.004674603174603163,,,,,,,,,,,,
2026-08-26,BAJAJ-AUTO,UNFAVORABLE,24207.75,,10.569999694824219,11724.0,59.56171087657922,0.07969918718653823,0.014347857873958182,0.7272659112030981,0.002051282051282133,0.006784027479604937,0.5245827652480997,0.45283682285773835,0.00023861979265089514,-0.002977376367843904,0.0009682952949682244,-0.004960911639962484,0.4,30,0.47528598901413754,11471.67857142857,11726.797578449039,11724.0,0.01108735974141452,0.0,False,"p3,p5,er3,er5,rr1,rr2,regime",False,False,False,False,False,False,True,True,True,False,False,"p3,p5,er3,er5,rr1,rr2,regime",False,False,False,False,False,False,True,True,True,False,False,"p5,er5,rr1,rr2,regime",True,False,True,False,False,False,True,True,True,False,REJECT,2026-08-27,2026-08-27,11750.0,11720.0,-0.002553191489361728,-0.004053191489361728,,,,,,,,,,,,
2026-08-26,BAJFINANCE,UNFAVORABLE,24207.75,,10.569999694824219,1085.0,51.96340493843616,0.033255875179799776,0.01991441737985517,0.41127384260057104,-0.0091324200913242,0.004443666955286973,0.5674973158338754,0.4938776376979084,8.528475445750182e-05,-0.0028818808657347867,0.004198395866527149,0.00043145886774698106,0.4,30,0.6148195732495156,1052.5892857142858,1085.0925339585863,1085.0,0.0028550422483919,0.0,False,"p5,er3,er5,rr1,rr2,regime",True,False,False,False,False,False,True,True,True,False,False,"p5,er3,er5,rr1,rr2,regime",True,False,False,False,False,False,True,True,True,False,False,"p5,er5,rr1,rr2,regime",True,False,True,False,False,False,True,True,True,False,REJECT,2026-08-27,2026-08-27,1090.0,1083.0,-0.006422018348623881,-0.007922018348623881,,,,,,,,,,,,
2026-08-26,BAJAJFINSV,UNFAVORABLE,24207.75,,10.569999694824219,2010.0,55.7599532418752,0.04790621288270924,0.01665956108131219,0.4434415773218753,-0.011070110701106972,-0.0009940357852882276,0.3729030447429826,0.35279788768627546,-0.004597556078759155,-0.004622013845398097,-0.007285624807732705,-0.009688137104884698,0.4,30,0.5382278018018867,1959.7714233398438,2010.0,2010.0,0.0,0.0,False,"p3,p5,er3,er5,rr1,rr2,regime",False,False,False,False,False,False,True,True,True,False,False,"p3,p5,er3,er5,rr1,rr2,regime",False,False,False,False,False,False,True,True,True,False,False,"p3,p5,er3,er5,rr1,rr2,regime",False,False,False,False,False,False,True,True,True,False,REJECT,2026-08-27,2026-08-27,2001.0999755859375,2011.0,0.004947291257231479,0.0034472912572314786,,,,,,,,,,,,
2026-08-26,BEL,UNFAVORABLE,24207.75,,10.569999694824219,406.8999938964844,50.35466130082197,-0.0025169957439649115,0.01566168218467456,0.6961181464821806,-0.0171497731968977,-0.00562076794216515,0.5095771132938439,0.44352036739741596,0.0028477034527734997,-0.0008493602435457182,-0.0018659497405189573,-0.003994545185041942,0.4,30,0.2885914630168231,397.34088631845526,408.0587244140369,406.8999938964844,0.12121743667952367,0.0,False,"p3,p5,er5,rr1,rr2,regime",False,False,True,False,False,False,True,True,True,False,False,"p3,p5,er5,rr1,rr2,regime",False,False,True,False,False,False,True,True,True,False,False,"p3,p5,er5,rr1,rr2,regime",False,False,True,False,False,False,True,True,True,False,REJECT,2026-08-27,2026-08-27,410.79998779296875,411.0,0.00048688464696855505,-0.001013115353031445,,,,,,,,,,,,
2026-08-26,BHARTIARTL,UNFAVORABLE,24207.75,,10.569999694824219,1902.0999755859375,44.16222640093562,-0.0042022159920560576,0.01712768524413343,0.7163036360434731,-0.022559108126445238,-0.01035381082937692,0.6471204433544682,0.6413369378366427,0.0029657030736428155,0.0019887334978904783,0.0049631362742811325,0.006534244974004011,0.4,30,0.21115883169398644,1853.232121058873,1907.7410393299085,1905.882745523722,0.11543506050274462,0.07740814435979454,False,"er5,rr1,rr2,regime",True,True,True,False,False,False,True,True,True,False,False,"er5,rr1,rr2,regime",True,True,True,False,False,False,True,True,True,False,False,"rr1,rr2,regime",True,True,True,True,False,False,True,True,True,False,REJECT,2026-08-27,2026-08-27,1915.0,1878.300048828125,-0.01916446536390337,-0.020664465363903373,,,,,,,,,,,,
2026-08-26,BPCL,UNFAVORABLE,24207.75,,10.569999694824219,318.0,53.83120183363294,0.014642116095846536,0.020226882153122894,0.6718683612594504,0.022508038585209,0.03583061889250816,0.4937875984131827,0.6495619358300072,0.008571563101840738,0.010628559523608349,0.0018476234414177561,0.007597573725883211,0.4255313500107463,30,0.22706119667140953,308.35177721296037,320.72575706638537,321.3798819285075,0.28251390194335635,0.35031134781087747,False,"p3,rr1,rr2,regime",False,True,True,True,False,False,True,True,True,False,False,"p3,rr1,rr2,regime",False,True,True,True,False,False,True,True,True,False,False,"p3,rr1,rr2,regime",False,True,True,True,False,False,True,True,True,False,REJECT,2026-08-27,2026-08-27,319.1499938964844,318.0,-0.0036033022668876535,-0.005103302266887653,,,,,,,,,,,,
2026-08-26,BRITANNIA,UNFAVORABLE,24207.75,,10.569999694824219,5310.0,42.90352475256076,-0.005999731175487799,0.020951035781544256,0.3417053563905522,-0.010251630941286116,-0.02622409682743443,0.579135062371334,0.4182369018709945,0.0005008347904806951,-0.00876760571052622,0.0008211951199054157,-0.006220489442824995,0.4,30,0.3929039496839943,5143.125,5312.659432737452,5310.0,0.01593667558023871,0.0,False,"p5,er3,er5,rr1,rr2,regime",True,False,False,False,False,False,True,True,True,False,False,"p5,er3,er5,rr1,rr2,regime",True,False,False,False,False,False,True,True,True,False,False,"p5,er5,rr1,rr2,regime",True,False,True,False,False,False,True,True,True,False,REJECT,2026-08-27,2026-08-27,5315.0,5298.0,-0.0031984948259642376,-0.004698494825964237,,,,,,,,,,,,
2026-08-26,CIPLA,UNFAVORABLE,24207.75,,10.569999694824219,1402.699951171875,37.311759944883235,-0.025453436446087996,0.014385540948823359,1.1263409927156984,-0.020597682590243083,-0.013572467530327037,0.6187118861097727,0.6391678785844583,0.00777767670432421,0.011060560639099052,0.005568737858671957,0.003411459111154813,0.4,30,0.3456262848796332,1372.4320547921316,1413.6096979052613,1418.2145990402728,0.36043954282490526,0.5125776721893647,False,"rr1,rr2,trend,regime",True,True,True,True,False,False,True,False,True,False,False,"rr1,rr2,trend,regime",True,True,True,True,False,False,True,False,True,False,False,"rr1,rr2,regime",True,True,True,True,False,False,True,True,True,False,REJECT,2026-08-27,2026-08-27,1405.0,1420.0,0.01067615658362997,0.00917615658362997,,,,,,,,,,,,
2026-08-26,COALINDIA,UNFAVORABLE,24207.75,,10.569999694824219,403.5,37.2980558636874,-0.03983699509650873,0.013258993615089507,0.7416271667357999,-0.0041954890321243,0.008750000000000036,0.2961331988458187,0.1877075584547896,-0.006833620392103883,-0.010086227441349793,-0.004945424752599514,-0.006067986717513241,0.5987725696186029,30,0.2316912149354777,395.47499411446705,403.5,403.5,0.0,0.0,False,"p3,p5,er3,er5,rr1,rr2,trend,regime",False,False,False,False,False,False,True,False,True,False,False,"p3,p5,er3,er5,rr1,rr2,trend,regime",False,False,False,False,False,False,True,False,True,False,False,"p3,p5,er3,er5,rr1,rr2,trend,regime",False,False,False,False,False,False,True,False,True,False,REJECT,2026-08-27,2026-08-27,403.5,400.0,-0.008674101610904539,-0.010174101610904538,,,,,,,,,,,,
2026-08-26,DRREDDY,UNFAVORABLE,24207.75,,10.569999694824219,1182.0,46.036029324417676,-0.03909170806768403,0.01750665913176819,1.129974001577021,0.006214394425438252,0.01025641025641022,0.6852156728991354,0.7355890779676583,0.011549811810992197,0.01957701873061582,0.012110621951374245,0.020767399591147817,0.43340247740509724,30,0.2923417982668883,1150.960693359375,1195.6518775605928,1205.140036139588,0.43982546770954145,0.7455075078675131,False,"rr1,rr2,trend,regime",True,True,True,True,False,False,True,False,True,False,False,"rr1,rr2,trend,regime",True,True,True,True,False,False,True,False,True,False,False,"rr1,rr2,trend,regime",True,True,True,True,False,False,True,False,True,False,REJECT,2026-08-27,2026-08-27,1182.0,1177.0,-0.004230118443316444,-0.005730118443316444,,,,,,,,,,,,
2026-08-26,EICHERMOT,UNFAVORABLE,24207.75,,10.569999694824219,8035.0,61.16810848494892,0.04926355677459937,0.013654547070850741,0.43643909972331935,0.003121098626716501,0.005569113322069885,0.4951530256197765,0.5147831037687486,-0.0004245481349155517,-0.0008666341570196586,-0.0007229731791022487,0.0004735397299437949,0.4,30,0.3846750749125045,7870.428571428572,8035.0,8035.0,0.0,0.0,False,"p3,p5,er3,er5,rr1,rr2,regime",False,False,False,False,False,False,True,True,True,False,False,"p3,p5,er3,er5,rr1,rr2,regime",False,False,False,False,False,False,True,True,True,False,False,"p3,er3,er5,rr1,rr2,regime",False,True,False,False,False,False,True,True,True,False,REJECT,2026-08-27,2026-08-27,8015.0,8100.0,0.010605115408608867,0.009105115408608868,,,,,,,,,,,,
2026-08-26,ETERNAL,UNFAVORABLE,24207.75,,10.569999694824219,327.0,65.36688328112623,0.10844451492423035,0.02115553443012096,1.5550378551691997,-0.0030487804878048808,0.02187500000000009,0.46010140813493106,0.5496004932702708,0.0016069159715624399,0.011916721127708437,-0.0018296525375690598,0.005433408696778885,0.4,30,0.4036369818893328,316.6232103620257,327.5254615227009,330.89676780876067,0.05063815891361345,0.3755273012859667,False,"p3,er3,rr1,rr2,regime",False,True,False,True,False,False,True,True,True,False,False,"p3,rr1,rr2,regime",False,True,True,True,False,False,True,True,True,False,False,"p3,rr1,rr2,regime",False,True,True,True,False,False,True,True,True,False,REJECT,2026-08-27,2026-08-27,329.0,328.5,-0.001519756838905817,-0.003019756838905817,,,,,,,,,,,,
2026-08-26,GRASIM,UNFAVORABLE,24207.75,,10.569999694824219,3299.89990234375,58.3508199458143,0.037768389385938184,0.024626292333128255,1.0119648509476589,-0.002448638952917137,0.009143701022553463,0.5958121804491319,0.5266612547125595,0.010277995941283438,0.007881266856967105,0.014149453222029429,0.0058663666338512055,0.4,30,0.47308558883680824,3178.0034528459823,3333.816260146681,3325.9072940754004,0.27823909508990424,0.2133564335860879,False,"p5,rr1,rr2,regime",True,False,True,True,False,False,True,True,True,False,False,"rr1,rr2,regime",True,True,True,True,False,False,True,True,True,False,False,"rr1,rr2,regime",True,True,True,True,False,False,True,True,True,False,REJECT,2026-08-27,2026-08-27,3289.0,3258.0,-0.009425357251444222,-0.010925357251444221,,,,,,,,,,,,
2026-08-26,HCLTECH,UNFAVORABLE,24207.75,,10.569999694824219,1298.5,48.926028413994054,0.051802361274207565,0.02086475014955443,0.42225166786058305,-0.003071017274472121,-0.019852089265386952,0.5169407926852354,0.5602649764112422,0.0007505226776448442,0.004385839823079792,2.4485698763676567e-05,0.004168811932611316,0.4,30,0.3973918076074727,1257.8606828962054,1299.4745536969217,1304.1950130102691,0.023980562823746512,0.14013554892479632,False,"p3,er3,rr1,rr2,regime",False,True,False,True,False,False,True,True,True,False,False,"p3,er3,rr1,rr2,regime",False,True,False,True,False,False,True,True,True,False,False,"p3,rr1,rr2,regime",False,True,True,True,False,False,True,True,True,False,REJECT,2026-08-27,2026-08-27,1295.0,1282.0,-0.010038610038610063,-0.011538610038610063,,,,,,,,,,,,
2026-08-26,HDFCBANK,UNFAVORABLE,24207.75,,10.569999694824219,727.2000122070312,38.566113087772464,-0.05156278258914648,0.010279155140791583,0.8427953827503774,0.0003439026010068069,0.010000016954210045,0.43938267711636814,0.49797991402613906,-0.0021783106372792365,-0.00602075112269853,-0.000807855413616998,0.00010381447543122979,0.402778765956816,30,0.4118172673904294,715.9875095912389,727.2000122070312,727.2000122070312,0.0,0.0,False,"p3,p5,er3,er5,rr1,rr2,trend,regime",False,False,False,False,False,False,True,False,True,False,False,"p3,p5,er3,er5,rr1,rr2,trend,regime",False,False,False,False,False,False,True,False,True,False,False,"p3,p5,er3,er5,rr1,rr2,trend,regime",False,False,False,False,False,False,True,False,True,False,REJECT,2026-08-27,2026-08-27,728.1500244140625,711.0,-0.023552872126678892,-0.025052872126678893,,,,,,,,,,,,
2026-08-26,HDFCLIFE,UNFAVORABLE,24207.75,,10.569999694824219,553.0,52.990748871946515,-0.011239331872399005,0.01606173799870027,1.0496862985009925,-0.0032443904696703996,0.03113931118245339,0.42458020423713516,0.4335522847982744,-0.0030692612991535277,-0.008441454479582944,-0.004536498353413687,-0.00797012439762701,0.4,30,0.4012671066659951,539.6767883300781,553.0,553.0,0.0,0.0,False,"p3,p5,er3,er5,rr1,rr2,regime",False,False,False,False,False,False,True,True,True,False,False,"p3,p5,er3,er5,rr1,rr2,regime",False,False,False,False,False,False,True,True,True,False,False,"p3,p5,er3,er5,rr1,rr2,regime",False,False,False,False,False,False,True,True,True,False,REJECT,2026-08-27,2026-08-27,553.0999755859375,548.0,-0.009220712006965393,-0.010720712006965392,,,,,,,,,,,,
2026-08-26,HEROMOTOCO,UNFAVORABLE,24207.75,,10.569999694824219,5595.0,54.94542823440138,0.07484792189258327,0.020700880888548448,0.6424850774566974,-0.02441150828247607,-0.020054295472458183,0.5500969623352919,0.45928852893879946,0.0024015738749904,0.001386769661389959,0.0033902147603012134,-0.00247544711730191,0.4,30,0.4041116047703905,5421.267857142858,5608.436805830571,5602.758976255477,0.07734208310329636,0.04466056843526789,False,"p5,er5,rr1,rr2,regime",True,False,True,False,False,False,True,True,True,False,False,"p5,er5,rr1,rr2,regime",True,False,True,False,False,False,True,True,True,False,False,"p5,rr1,rr2,regime",True,False,True,True,False,False,True,True,True,False,REJECT,2026-08-27,2026-08-27,5594.5,5550.0,-0.007954240772186982,-0.009454240772186982,,,,,,,,,,,,
2026-08-26,HINDALCO,UNFAVORABLE,24207.75,,10.569999694824219,1053.0,58.88882862443661,0.06300283723421063,0.024779536477941427,0.47012429124349536,0.01837524177949712,0.013523316317862522,0.5243435216827586,0.6226638470397924,0.0015928020560673135,0.0049816873813385105,0.0021215142115452723,0.0065225136324308375,0.4,30,0.3611656000935399,1013.8607221330915,1054.6772205650389,1058.2457168125493,0.04285261906829682,0.13402691869755828,False,"p3,er3,rr1,rr2,regime",False,True,False,True,False,False,True,True,True,False,False,"p3,rr1,rr2,regime",False,True,True,True,False,False,True,True,True,False,False,"rr1,rr2,regime",True,True,True,True,False,False,True,True,True,False,REJECT,2026-08-27,2026-08-27,1060.5,1024.0,-0.03441772748703442,-0.03591772748703442,,,,,,,,,,,,
2026-08-26,HINDUNILVR,UNFAVORABLE,24207.75,,10.569999694824219,2021.0,38.977921230422204,-0.04556958303704406,0.012532687266403653,0.6332476639496383,0.0029776674937964653,0.00014848757132446266,0.5776011033468172,0.558718074981382,0.0026305593335799343,0.006671586336604247,0.0008041169387059677,0.005463381877599316,0.4,30,0.1967322756768464,1983.0071585518974,2026.3163604131653,2034.4832759862772,0.13993058193416044,0.3548899074762576,False,"rr1,rr2,trend,regime",True,True,True,True,False,False,True,False,True,False,False,"rr1,rr2,trend,regime",True,True,True,True,False,False,True,False,True,False,False,"rr1,rr2,trend,regime",True,True,True,True,False,False,True,False,True,False,REJECT,2026-08-27,2026-08-27,2020.0,2009.0,-0.00544554455445545,-0.00694554455445545,,,,,,,,,,,,
2026-08-26,ICICIBANK,UNFAVORABLE,24207.75,,10.569999694824219,1430.0,55.28920024569547,0.016923293028144437,0.013696313452172827,0.44728309873819705,0.007042253521126751,0.0199714693295292,0.4510125421370565,0.42273640475847496,-0.0008174229480692321,0.0007245027702308829,-0.0019057107916696236,-0.005116774858057005,0.4,30,0.31172885778472553,1400.6214076450892,1430.0,1431.0360389614302,0.0,0.03526509878057663,False,"p3,p5,er3,er5,rr1,rr2,regime",False,False,False,False,False,False,True,True,True,False,False,"p3,p5,er3,er5,rr1,rr2,regime",False,False,False,False,False,False,True,True,True,False,False,"p3,p5,er3,er5,rr1,rr2,regime",False,False,False,False,False,False,True,True,True,False,REJECT,2026-08-27,2026-08-27,1445.0,1443.0,-0.0013840830449827202,-0.00288408304498272,,,,,,,,,,,,
2026-08-26,ICICIGI,UNFAVORABLE,24207.75,,10.569999694824219,1596.9000244140625,37.09253500824414,-0.06168471078215709,0.015722437166954952,5.595461379030303,-0.012430411617772141,-0.011635778502176009,0.4133012040528393,0.420721424201833,-0.0028654575447192585,0.0035968755298583085,-0.0018406179317672078,-0.001125111972015036,0.4,30,0.982855869578774,1559.2392839704241,1596.9000244140625,1602.6438750355076,0.0,0.15251560521071253,False,"p3,p5,er3,er5,rr1,rr2,trend,regime",False,False,False,False,False,False,True,False,True,False,False,"p3,p5,er3,rr1,rr2,trend,regime",False,False,False,True,False,False,True,False,True,False,False,"p3,p5,er3,rr1,rr2,trend,regime",False,False,False,True,False,False,True,False,True,False,REJECT,2026-08-27,2026-08-27,1594.0,1588.0999755859375,-0.003701395491883641,-0.005201395491883641,,,,,,,,,,,,
2026-08-26,ICICIPRULI,UNFAVORABLE,24207.75,,10.569999694824219,515.0499877929688,56.58236478285506,0.023284899405027204,0.021516643128794893,0.8572308698758235,9.706367566741925e-05,0.031131106692630084,0.62743745378969,0.5564775766727262,0.009030902301671534,0.007379387300551304,0.009703316098945813,0.010162922685754805,0.4,30,0.33835192122900376,498.4267676217215,519.7013539132041,518.8507411320372,0.27981137663572064,0.22864121992696385,False,"rr1,rr2,regime",True,True,True,True,False,False,True,True,True,False,False,"rr1,rr2,regime",True,True,True,True,False,False,True,True,True,False,False,"rr1,rr2,regime",True,True,True,True,False,False,True,True,True,False,REJECT,2026-08-27,2026-08-27,518.3499755859375,510.0,-0.016108760449923376,-0.017608760449923377,,,,,,,,,,,,
2026-08-26,INDUSINDBK,UNFAVORABLE,24207.75,,10.569999694824219,1004.0,47.58757891399235,0.008141518457930319,0.016377348620306723,0.9918106265559681,-0.0015910656571020976,-0.012491405581339876,0.3960725802754217,0.3826022022040834,-0.0054422758179673205,-0.01207161660627735,-0.006270588817609057,-0.00871972376530794,0.4,30,0.3047620988957663,979.335712977818,1004.0,1004.0,0.0,0.0,False,"p3,p5,er3,er5,rr1,rr2,regime",False,False,False,False,False,False,True,True,True,False,False,"p3,p5,er3,er5,rr1,rr2,regime",False,False,False,False,False,False,True,True,True,False,False,"p3,p5,er3,er5,rr1,rr2,regime",False,False,False,False,False,False,True,True,True,False,REJECT,2026-08-27,2026-08-27,1004.0,1002.9000244140625,-0.0010955932130851664,-0.0025955932130851665,,,,,,,,,,,,
2026-08-26,INFY,UNFAVORABLE,24207.75,,10.569999694824219,1120.0,46.98387112179021,0.018591109548412366,0.02059309044662787,0.6996414776418928,-0.000892060660124927,0.00017855970990909853,0.3608934881878281,0.4280737478439329,-0.004755567156550515,-0.008575240869605375,-0.008861635793013467,-0.008277773161072699,0.4,30,0.3018968269917298,1085.403608049665,1120.0,1120.0,0.0,0.0,False,"p3,p5,er3,er5,rr1,rr2,regime",False,False,False,False,False,False,True,True,True,False,False,"p3,p5,er3,er5,rr1,rr2,regime",False,False,False,False,False,False,True,True,True,False,False,"p3,p5,er3,er5,rr1,rr2,regime",False,False,False,False,False,False,True,True,True,False,REJECT,2026-08-27,2026-08-27,1120.0,1110.800048828125,-0.008214242117745574,-0.009714242117745573,,,,,,,,,,,,
2026-08-26,ITC,UNFAVORABLE,24207.75,,10.569999694824219,270.25,37.852810550738276,-0.04305118586976919,0.014629321163233448,0.8245096192037966,0.003155182341400664,0.011982821019681511,0.6838829174448392,0.7780992139574715,0.009314411780174052,0.011451172210871571,0.009161720659102035,0.012030167662239855,0.46027020417004866,30,0.378603446440619,264.31963893345426,272.767219783592,273.34467928998805,0.4244631575288218,0.5218365720505124,False,"rr1,rr2,trend,regime",True,True,True,True,False,False,True,False,True,False,False,"rr1,rr2,trend,regime",True,True,True,True,False,False,True,False,True,False,False,"rr1,rr2,trend,regime",True,True,True,True,False,False,True,False,True,False,REJECT,2026-08-27,2026-08-27,269.5,269.0,-0.0018552875695733162,-0.0033552875695733162,,,,,,,,,,,,
2026-08-26,JIOFIN,UNFAVORABLE,24207.75,,10.569999694824219,241.0,42.435338018791235,-0.010529660126739837,0.019349313076215274,0.4146166939643471,-0.012295081967213073,-0.008842253549056989,0.4133242087084901,0.42338115708025614,-0.004598226151993394,-0.007944771833389703,-0.002067982246800104,-0.007236547642437308,0.4,30,0.37472033184624703,234.00522332294818,241.0,241.0,0.0,0.0,False,"p3,p5,er3,er5,rr1,rr2,regime",False,False,False,False,False,False,True,True,True,False,False,"p3,p5,er3,er5,rr1,rr2,regime",False,False,False,False,False,False,True,True,True,False,False,"p3,p5,er3,er5,rr1,rr2,regime",False,False,False,False,False,False,True,True,True,False,REJECT,2026-08-27,2026-08-27,242.0,238.10000610351562,-0.016115677258199845,-0.017615677258199847,,,,,,,,,,,,
2026-08-26,JSWSTEEL,UNFAVORABLE,24207.75,,10.569999694824219,1341.0,65.84163152301608,0.06232053984955277,0.017854483500702435,1.1296027056323672,0.036561838612793496,0.042930431696735605,0.35064614971447106,0.6579621886590232,-0.002888887794442321,0.0013943307792924884,-0.005014851597492709,0.007315462164978026,0.4,30,0.35008608962158205,1305.0857064383372,1341.0,1342.8697975750313,0.0,0.052062769154039845,False,"p3,er3,er5,rr1,rr2,regime",False,True,False,False,False,False,True,True,True,False,False,"p3,er3,er5,rr1,rr2,regime",False,True,False,False,False,False,True,True,True,False,False,"p3,er3,rr1,rr2,regime",False,True,False,True,False,False,True,True,True,False,REJECT,2026-08-27,2026-08-27,1351.0,1337.5,-0.009992598075499681,-0.01149259807549968,,,,,,,,,,,,
2026-08-26,KOTAKBANK,UNFAVORABLE,24207.75,,10.569999694824219,416.70001220703125,71.20354232441787,0.06382538445273833,0.016978644349981673,1.9941846992989416,0.034508502570280264,0.06777709726337289,0.28978730888679727,0.33535807515531146,-0.004609512969170226,-0.005504502759537157,-0.006116168295463742,-0.009654489123202659,0.4,30,0.6885769462882797,406.08751024518693,416.70001220703125,416.70001220703125,0.0,0.0,False,"p3,p5,er3,er5,rr1,rr2,regime",False,False,False,False,False,False,True,True,True,False,False,"p3,p5,er3,er5,rr1,rr2,regime",False,False,False,False,False,False,True,True,True,False,False,"p3,p5,er3,er5,rr1,rr2,regime",False,False,False,False,False,False,True,True,True,False,REJECT,2026-08-27,2026-08-27,415.75,424.20001220703125,0.02032474373308779,0.01882474373308779,,,,,,,,,,,,
2026-08-26,LT,UNFAVORABLE,24207.75,,10.569999694824219,4038.10009765625,51.46946319386594,0.007585927019462035,0.012569549116972348,0.9302957905642097,-0.01341312053353283,-0.0007918123210878258,0.5752596109376651,0.6087134293846719,0.00445696647449767,0.006629270359026342,0.004127237982638476,0.010587272809952863,0.4,30,0.2948135440620304,3961.9644513811386,4056.097774412169,4064.8697549404237,0.23638962347394699,0.3516047816477873,False,"rr1,rr2,regime",True,True,True,True,False,False,True,True,True,False,False,"rr1,rr2,regime",True,True,True,True,False,False,True,True,True,False,False,"rr1,rr2,regime",True,True,True,True,False,False,True,True,True,False,REJECT,2026-08-27,2026-08-27,4058.0,4027.0,-0.007639231148348968,-0.009139231148348968,,,,,,,,,,,,
2026-08-26,M&M,UNFAVORABLE,24207.75,,10.569999694824219,3398.199951171875,54.24121166796498,0.045813676008961135,0.01623126591904941,0.3194101528123829,-0.0041029248579620425,-0.004919487211749618,0.4733715606084192,0.5170349638833246,-0.00042014943740373745,0.004978780813154613,-0.004643450956644923,0.003745960479986432,0.4,30,0.383727462974187,3315.4643205915177,3398.199951171875,3415.118843888032,0.0,0.20449342801254944,False,"p3,p5,er3,rr1,rr2,regime",False,False,False,True,False,False,True,True,True,False,False,"p3,p5,er3,rr1,rr2,regime",False,False,False,True,False,False,True,True,True,False,False,"p3,er3,rr1,rr2,regime",False,True,False,True,False,False,True,True,True,False,REJECT,2026-08-27,2026-08-27,3410.0,3330.0,-0.02346041055718473,-0.02496041055718473,,,,,,,,,,,,
2026-08-26,MARUTI,UNFAVORABLE,24207.75,,10.569999694824219,13520.0,42.11921915280625,-0.01474290335606332,0.013699281487743027,0.5718773559191133,-0.003317360855141893,-0.01241782322863405,0.7872077789463794,0.6410409957876153,0.014884286934074967,0.014805151221731011,0.010938072309672475,0.007015299432966304,0.5104591268019932,30,0.2488951817406936,13242.17857142857,13721.235559348695,13720.165644517805,0.7243341897112041,0.7204831014910047,False,"rr1,rr2,regime",True,True,True,True,False,False,True,True,True,False,False,"rr1,rr2,regime",True,True,True,True,False,False,True,True,True,False,False,"rr1,rr2,regime",True,True,True,True,False,False,True,True,True,False,REJECT,2026-08-27,2026-08-27,13520.0,13440.0,-0.00591715976331364,-0.007417159763313639,,,,,,,,,,,,
2026-08-26,NESTLEIND,UNFAVORABLE,24207.75,,10.569999694824219,1451.5,42.688616029636925,-0.005178451841159615,0.019841546835401187,0.3139356221338655,-0.017331240951231175,-0.009215017064846398,0.737917937359037,0.7669471644986112,0.01146137406651183,0.01830038649998043,0.016004143918024738,0.02062578339583654,0.5092185877671562,30,0.504727496623914,1408.2999921526227,1468.136184457542,1478.0630110047216,0.3850967924894015,0.6148844023030492,False,"rr1,rr2,regime",True,True,True,True,False,False,True,True,True,False,False,"rr1,rr2,regime",True,True,True,True,False,False,True,True,True,False,False,"rr1,rr2,regime",True,True,True,True,False,False,True,True,True,False,REJECT,2026-08-27,2026-08-27,1451.5,1450.0,-0.0010334137099552443,-0.0025334137099552443,,,,,,,,,,,,
2026-08-26,NTPC,UNFAVORABLE,24207.75,,10.569999694824219,334.6000061035156,38.0611122532953,-0.03799432020943905,0.017142000326231366,0.7132292769592502,-0.015882334989659963,-0.005794032863411291,0.5760408969942588,0.5879453517473637,0.0027046955972588366,0.005950940442461143,0.0033466031446214295,0.005480918122708567,0.5478708817531359,30,0.2312238719866036,325.9964359828404,335.5049972668666,336.59119081188476,0.10518786395152442,0.23143702909843467,False,"rr1,rr2,trend,regime",True,True,True,True,False,False,True,False,True,False,False,"rr1,rr2,trend,regime",True,True,True,True,False,False,True,False,True,False,False,"rr1,rr2,trend,regime",True,True,True,True,False,False,True,False,True,False,REJECT,2026-08-27,2026-08-27,335.0,330.8999938964844,-0.012238824189598874,-0.013738824189598873,,,,,,,,,,,,
2026-08-26,ONGC,UNFAVORABLE,24207.75,,10.569999694824219,232.2100067138672,32.096777309855824,-0.0379970346915699,0.015493987640012296,0.5222616735602117,-0.017724142516060803,-0.024327702882910973,0.7878866046859622,0.730458444885167,0.005161517566264829,0.0054811549241843985,0.004295798241233384,0.009845219765706514,0.5145224403804485,30,0.18430469394129126,226.81321825299946,233.4085627425833,233.4827857356118,0.22208690175775686,0.23584007988706063,False,"rr1,rr2,trend,regime",True,True,True,True,False,False,True,False,True,False,False,"rr1,rr2,trend,regime",True,True,True,True,False,False,True,False,True,False,False,"rr1,rr2,trend,regime",True,True,True,True,False,False,True,False,True,False,REJECT,2026-08-27,2026-08-27,232.2100067138672,232.0,-0.0009043827044282748,-0.002404382704428275,,,,,,,,,,,,
2026-08-26,POWERGRID,UNFAVORABLE,24207.75,,10.569999694824219,265.20001220703125,37.21371865863806,-0.05523924930563184,0.0172376963812802,0.6191712412240943,-0.026431651434578263,0.00645165922972013,0.37019116439914274,0.4689430901564854,0.00020460139285258082,0.0009809855458401341,-0.003370622558493852,-0.001062772043477822,0.4,30,0.39729853713666125,258.34285627092635,265.2542724989133,265.46016958576297,0.007912944140052973,0.03793954536776912,False,"p3,p5,er3,er5,rr1,rr2,trend,regime",False,False,False,False,False,False,True,False,True,False,False,"p3,p5,er3,er5,rr1,rr2,trend,regime",False,False,False,False,False,False,True,False,True,False,False,"p3,p5,er5,rr1,rr2,trend,regime",False,False,True,False,False,False,True,False,True,False,REJECT,2026-08-27,2026-08-27,264.79998779296875,264.8999938964844,0.0003776665714720906,-0.0011223334285279094,,,,,,,,,,,,
2026-08-26,RELIANCE,UNFAVORABLE,24207.75,,10.569999694824219,1298.0,45.73498168202669,-0.005912448631384626,0.012981518076401882,0.5681198992878926,-0.01367781155015202,-0.009916094584286772,0.5732198963926137,0.5302212534465708,9.157371220839725e-05,-0.007315386849637381,0.00768451289628469,0.0016876318061768147,0.4,30,0.39522723755782835,1272.7249843052455,1298.1188626784467,1298.0,0.004702773675087036,0.0,False,"er3,er5,rr1,rr2,regime",True,True,False,False,False,False,True,True,True,False,False,"er3,er5,rr1,rr2,regime",True,True,False,False,False,False,True,True,True,False,False,"er5,rr1,rr2,regime",True,True,True,False,False,False,True,True,True,False,REJECT,2026-08-27,2026-08-27,1305.0,1282.199951171875,-0.0174713017840038,-0.018971301784003802,,,,,,,,,,,,
2026-08-26,SBILIFE,UNFAVORABLE,24207.75,,10.569999694824219,1768.199951171875,37.5574752947329,-0.028253333861720353,0.01699872592177468,1.1777727010490473,-0.013776603773687723,-0.0068524337648234734,0.48174514055271317,0.4891958490842614,-0.00024361240141354573,0.0022779657419342114,-0.001639308301322917,-0.00045486261126070904,0.4,30,0.29581298520810956,1723.1142316545759,1768.199951171875,1772.2278500855343,0.0,0.08933868543705609,False,"p3,p5,er3,er5,rr1,rr2,trend,regime",False,False,False,False,False,False,True,False,True,False,False,"p3,p5,er3,rr1,rr2,trend,regime",False,False,False,True,False,False,True,False,True,False,False,"p3,p5,er3,rr1,rr2,regime",False,False,False,True,False,False,True,True,True,False,REJECT,2026-08-27,2026-08-27,1769.0,1773.199951171875,0.002374195122597511,0.0008741951225975111,,,,,,,,,,,,
2026-08-26,SBIN,UNFAVORABLE,24207.75,,10.569999694824219,1052.0,51.16141684808249,0.00902076778642602,0.01827812298428164,0.570909618538391,0.003146799830053615,0.003242441820735964,0.7166968945252749,0.864501051803029,0.007086037510877977,0.01355389666084558,0.011610508543398623,0.01770587286624925,0.4258877866325126,30,0.2772973241997162,1023.1571219308036,1059.4545114614436,1066.2586992872095,0.2584524139220662,0.4943577146844272,False,"rr1,rr2,regime",True,True,True,True,False,False,True,True,True,False,False,"rr1,rr2,regime",True,True,True,True,False,False,True,True,True,False,False,"rr1,rr2,regime",True,True,True,True,False,False,True,True,True,False,REJECT,2026-08-27,2026-08-27,1052.0,1042.9000244140625,-0.008650166906784662,-0.010150166906784662,,,,,,,,,,,,
2026-08-26,SHRIRAMFIN,UNFAVORABLE,24207.75,,10.569999694824219,1117.5,55.387097315655595,0.05054562276059715,0.021629930875978746,0.8957162474599905,-0.011061946902654829,0.010397830018083143,0.6933546456653193,0.6245118836068333,0.008733562223126315,0.01509311085065245,0.013451564770287416,0.011445934831272209,0.4,30,0.3673627876080737,1081.2428283691406,1127.2597557843437,1134.366551375604,0.2691813879943397,0.4651921431524064,False,"rr1,rr2,regime",True,True,True,True,False,False,True,True,True,False,False,"rr1,rr2,regime",True,True,True,True,False,False,True,True,True,False,False,"rr1,rr2,regime",True,True,True,True,False,False,True,True,True,False,REJECT,2026-08-27,2026-08-27,1112.0,1101.0,-0.009892086330935301,-0.011392086330935301,,,,,,,,,,,,
2026-08-26,SUNPHARMA,UNFAVORABLE,24207.75,,10.569999694824219,1899.5,43.306162446759146,-0.009912004578468858,0.015214529221446903,0.3380630129615614,-0.0015244030576354595,-0.000263157894736854,0.5602093105628797,0.6207919901533656,8.308382947874352e-05,0.000566678277652838,0.003638167327077446,0.003210018107510426,0.4,30,0.2796206592627863,1856.1500026157926,1899.6578177340948,1900.5764053884016,0.00364054771897863,0.024830575625217743,False,"er3,er5,rr1,rr2,regime",True,True,False,False,False,False,True,True,True,False,False,"er3,er5,rr1,rr2,regime",True,True,False,False,False,False,True,True,True,False,False,"er5,rr1,rr2,regime",True,True,True,False,False,False,True,True,True,False,REJECT,2026-08-27,2026-08-27,1907.0999755859375,1913.300048828125,0.0032510478326037706,0.0017510478326037706,,,,,,,,,,,,
2026-08-26,TATACONSUM,UNFAVORABLE,24207.75,,10.569999694824219,1047.0999755859375,40.42824112801372,-0.041245424467375336,0.019673377428001758,0.7996756139560783,-0.0018112720820424588,-0.0195693112491222,0.8389908544667035,0.631046262349977,0.011384391506888396,0.013016060757580768,0.007799921336081761,0.008904263155836811,0.5218374571079105,30,0.2840037852697895,1016.1999860491071,1059.020571654861,1060.7290924874253,0.3857799386862271,0.44107189373779415,False,"rr1,rr2,trend,regime",True,True,True,True,False,False,True,False,True,False,False,"rr1,rr2,trend,regime",True,True,True,True,False,False,True,False,True,False,False,"rr1,rr2,trend,regime",True,True,True,True,False,False,True,False,True,False,REJECT,2026-08-27,2026-08-27,1041.0,1042.0,0.0009606147934677622,-0.0005393852065322378,,,,,,,,,,,,
2026-08-26,TATASTEEL,UNFAVORABLE,24207.75,,10.569999694824219,188.00999450683594,52.39137998498434,-0.0005592668927478783,0.02022690189970057,1.3880075153766465,0.027377019163037808,0.021793448406717042,0.39986747774365095,0.35186053158823893,-0.0035134390976242985,-0.005878236890947591,-0.009007285036985724,-0.01042930360072658,0.4,30,0.32011020732243284,182.30570493425643,188.00999450683594,188.00999450683594,0.0,0.0,False,"p3,p5,er3,er5,rr1,rr2,regime",False,False,False,False,False,False,True,True,True,False,False,"p3,p5,er3,er5,rr1,rr2,regime",False,False,False,False,False,False,True,True,True,False,False,"p3,p5,er3,er5,rr1,rr2,regime",False,False,False,False,False,False,True,True,True,False,REJECT,2026-08-27,2026-08-27,188.0500030517578,186.8000030517578,-0.006647168198428366,-0.008147168198428366,,,,,,,,,,,,
2026-08-26,TCS,UNFAVORABLE,24207.75,,10.569999694824219,2270.0,45.059199896014896,0.015033479302800856,0.023974194535674953,0.5692826622378305,-0.013900955690703709,-0.00830056793359546,0.565926361797561,0.482099955967198,0.0045926550186108465,-7.725180511111349e-05,0.004533116108325852,-0.0015839039609994443,0.4,30,0.43268779671892216,2188.3678676060267,2280.4253268922466,2270.0,0.12771106899341894,0.0,False,"p5,er5,rr1,rr2,regime",True,False,True,False,False,False,True,True,True,False,False,"p5,er5,rr1,rr2,regime",True,False,True,False,False,False,True,True,True,False,False,"p5,er5,rr1,rr2,regime",True,False,True,False,False,False,True,True,True,False,REJECT,2026-08-27,2026-08-27,2270.0,2248.39990234375,-0.009515461522577096,-0.011015461522577095,,,,,,,,,,,,
2026-08-26,TECHM,UNFAVORABLE,24207.75,,10.569999694824219,1571.0,45.186997192285965,0.026335876103863676,0.021069389219076796,0.6047535825164545,-0.008207070707070718,-0.011825417191289489,0.2774104336829049,0.22092104267164683,-0.009488301257774896,-0.01224154833529275,-0.009031035861080172,-0.01721964874770049,0.40608486228137036,30,0.3261439585990649,1521.3499843052455,1571.0,1571.0,0.0,0.0,False,"p3,p5,er3,er5,rr1,rr2,regime",False,False,False,False,False,False,True,True,True,False,False,"p3,p5,er3,er5,rr1,rr2,regime",False,False,False,False,False,False,True,True,True,False,False,"p3,p5,er3,er5,rr1,rr2,regime",False,False,False,False,False,False,True,True,True,False,REJECT,2026-08-27,2026-08-27,1571.5999755859375,1585.0,0.008526358247789245,0.007026358247789246,,,,,,,,,,,,
2026-08-26,TITAN,UNFAVORABLE,24207.75,,10.569999694824219,5100.0,67.39776617305745,0.07831049508843235,0.01626749332545518,0.4364991156551521,0.002732919540878731,0.006314127861089203,0.4705211564494234,0.49715191941469156,-0.0025618702218506385,-0.006762304796545278,-0.0010575675220490521,-0.002646155605215028,0.4,30,0.27956297815137204,4975.553676060268,5100.0,5100.0,0.0,0.0,False,"p3,p5,er3,er5,rr1,rr2,regime",False,False,False,False,False,False,True,True,True,False,False,"p3,p5,er3,er5,rr1,rr2,regime",False,False,False,False,False,False,True,True,True,False,False,"p3,p5,er3,er5,rr1,rr2,regime",False,False,False,False,False,False,True,True,True,False,REJECT,2026-08-27,2026-08-27,5100.0,5139.2998046875,0.007705844056372646,0.006205844056372646,,,,,,,,,,,,
2026-08-26,TRENT,UNFAVORABLE,24207.75,,10.569999694824219,2908.199951171875,41.617589267089066,-0.03970109132140609,0.018774497607206207,0.45542168169813774,-0.005403573470631029,-0.015171029064722341,0.3102913988176691,0.43041033562721137,-0.0013316588469998775,-0.0014825795746938784,-0.010781640968370088,-0.002633699803880285,0.4,30,0.2784762644952586,2826.299961635045,2908.199951171875,2908.199951171875,0.0,0.0,False,"p3,p5,er3,er5,rr1,rr2,trend,regime",False,False,False,False,False,False,True,False,True,False,False,"p3,p5,er3,er5,rr1,rr2,trend,regime",False,False,False,False,False,False,True,False,True,False,False,"p3,p5,er3,er5,rr1,rr2,trend,regime",False,False,False,False,False,False,True,False,True,False,REJECT,2026-08-27,2026-08-27,2908.199951171875,2878.5,-0.010212485960570672,-0.011712485960570672,,,,,,,,,,,,
2026-08-26,ULTRACEMCO,UNFAVORABLE,24207.75,,10.569999694824219,11717.0,52.18335516619991,0.013957775003884842,0.016173081846889134,0.9334823823601375,0.012705272255834066,0.023318777292576476,0.5233183175340999,0.580695882365349,6.602601955026754e-05,-0.0011709238182408808,0.0018740967727914892,0.0067106814186217445,0.4,30,0.2689609494181924,11432.75,11717.773626871069,11717.0,0.002721642466380651,0.0,False,"p3,er3,er5,rr1,rr2,regime",False,True,False,False,False,False,True,True,True,False,False,"p3,er3,er5,rr1,rr2,regime",False,True,False,False,False,False,True,True,True,False,False,"er5,rr1,rr2,regime",True,True,True,False,False,False,True,True,True,False,REJECT,2026-08-27,2026-08-27,11674.0,11717.0,0.003683399006338961,0.002183399006338961,,,,,,,,,,,,
2026-08-26,WIPRO,UNFAVORABLE,24207.75,,10.569999694824219,177.35000610351562,41.74062249714414,-0.003129716111694991,0.016871393406585843,0.8728386149839172,-0.01902753089421705,-0.012252837153157836,0.34800337273350374,0.47069182637174456,-0.007429824851014061,-0.004834696377393017,-0.00848613178238089,-0.0063264483847266795,0.4,30,0.3196045521875537,172.8617935180664,177.35000610351562,177.35000610351562,0.0,0.0,False,"p3,p5,er3,er5,rr1,rr2,regime",False,False,False,False,False,False,True,True,True,False,False,"p3,p5,er3,er5,rr1,rr2,regime",False,False,False,False,False,False,True,True,True,False,False,"p3,p5,er3,er5,rr1,rr2,regime",False,False,False,False,False,False,True,True,True,False,REJECT,2026-08-27,2026-08-27,177.35000610351562,176.39999389648438,-0.005356708059410797,-0.006856708059410797,,,,,,,,,,,,
2026-08-26,APOLLOTYRE,UNFAVORABLE,24207.75,,10.569999694824219,443.04998779296875,55.95961102552188,0.020683357054381624,0.022804582776326552,0.35212536864938676,0.00761877528527366,0.03673799336661343,0.5998621071915411,0.518964734826068,0.00649005982842901,0.0022352027607092546,0.009382359052898193,-0.0011658790212915049,0.4,30,0.251513920455901,427.8946326119559,445.9254087207299,444.04029434881585,0.1897296957687638,0.06534367185849847,False,"p5,er5,rr1,rr2,regime",True,False,True,False,False,False,True,True,True,False,False,"p5,rr1,rr2,regime",True,False,True,True,False,False,True,True,True,False,False,"rr1,rr2,regime",True,True,True,True,False,False,True,True,True,False,REJECT,2026-08-27,2026-08-27,445.1499938964844,443.25,-0.0042682105414701965,-0.005768210541470196,,,,,,,,,,,,
2026-08-26,AUROPHARMA,UNFAVORABLE,24207.75,,10.569999694824219,1623.0,54.13319074984771,0.028536667377802916,0.020187486719575192,0.6836286951443238,0.0010485111457954055,-0.0009233610341643494,0.6062207436818182,0.6323177756577014,0.0030381199836411344,0.009343522229139862,0.004724364541752624,0.010072393715235939,0.4,30,0.32456412952031893,1573.8535635811943,1627.9308687334496,1638.1645365778938,0.1003301377017615,0.3085582126172466,False,"rr1,rr2,regime",True,True,True,True,False,False,True,True,True,False,False,"rr1,rr2,regime",True,True,True,True,False,False,True,True,True,False,False,"rr1,rr2,regime",True,True,True,True,False,False,True,True,True,False,REJECT,2026-08-27,2026-08-27,1623.5,1637.0,0.00831536803202959,0.006815368032029591,,,,,,,,,,,,
2026-08-26,BOSCHLTD,UNFAVORABLE,24207.75,,10.569999694824219,48895.0,76.57312560264462,0.14606567008515325,0.022460666442668694,0.6017143969171243,0.01441908713692941,0.008976475443664977,0.40978108335559765,0.393872327684624,0.000842751176939477,0.0003290609362703143,-0.005368430949544534,-0.004547884447737127,0.4,30,0.3820308345511654,47247.67857142857,48936.20631879646,48911.089434478934,0.025014133903541843,0.009767027976371854,False,"p3,p5,er3,er5,rr1,rr2,rsi,regime",False,False,False,False,False,False,True,True,False,False,False,"p3,p5,er3,er5,rr1,rr2,regime",False,False,False,False,False,False,True,True,True,False,False,"p3,p5,er5,rr1,rr2,regime",False,False,True,False,False,False,True,True,True,False,REJECT,2026-08-27,2026-08-27,48945.0,48780.0,-0.0033711308611706903,-0.00487113086117069,,,,,,,,,,,,
2026-08-26,SAIL,UNFAVORABLE,24207.75,,10.569999694824219,194.89999389648438,73.43389391183064,0.1427894293580627,0.03464779776734259,2.053977632083869,0.12360190448962527,0.12821993572494583,0.2855339860547828,0.43368428648656715,-0.011855597361008573,-0.01004262250244722,-0.011990198149523956,-0.004539510318578466,0.4,30,0.688330963088282,185.15499420166014,194.89999389648438,194.89999389648438,0.0,0.0,False,"p3,p5,er3,er5,rr1,rr2,regime",False,False,False,False,False,False,True,True,True,False,False,"p3,p5,er3,er5,rr1,rr2,regime",False,False,False,False,False,False,True,True,True,False,False,"p3,p5,er3,er5,rr1,rr2,regime",False,False,False,False,False,False,True,True,True,False,REJECT,2026-08-27,2026-08-27,193.89999389648438,193.0,-0.004641536486921449,-0.006141536486921449,,,,,,,,,,,,
2026-08-26,DLF,UNFAVORABLE,24207.75,,10.569999694824219,672.5,54.945531332624704,0.0337053150995692,0.021890616961381438,0.6737758756028912,-0.008258333265826479,0.003881139709185133,0.31103978766420215,0.37452357946513654,-0.01199311417446013,-0.012108007727541451,-0.023014486412041124,-0.02528901160130692,0.4,30,0.3113522144797018,650.4178401402065,672.5,672.5,0.0,0.0,False,"p3,p5,er3,er5,rr1,rr2,regime",False,False,False,False,False,False,True,True,True,False,False,"p3,p5,er3,er5,rr1,rr2,regime",False,False,False,False,False,False,True,True,True,False,False,"p3,p5,er3,er5,rr1,rr2,regime",False,False,False,False,False,False,True,True,True,False,REJECT,2026-08-27,2026-08-27,679.0,676.1500244140625,-0.0041973130868004915,-0.005697313086800491,,,,,,,,,,,,
2026-08-26,NAUKRI,UNFAVORABLE,24207.75,,10.569999694824219,1323.5,58.536987986283066,0.11354124730316051,0.028625412518467674,0.4219464071646304,-0.019702226551328694,-0.03982880400586153,0.6230730904828475,0.6917036823342831,0.011982151989651172,0.01174068839657396,0.013381351580187495,0.019091241273874293,0.4,30,0.5823324668631991,1266.6713997977122,1339.3583781583034,1339.0388010928657,0.2790562868318713,0.2734327616297706,False,"rr1,rr2,regime",True,True,True,True,False,False,True,True,True,False,False,"rr1,rr2,regime",True,True,True,True,False,False,True,True,True,False,False,"rr1,rr2,regime",True,True,True,True,False,False,True,True,True,False,REJECT,2026-08-27,2026-08-27,1319.5999755859375,1330.0,0.007881194760892996,0.006381194760892996,,,,,,,,,,,,
2026-08-27,ADANIENT,UNFAVORABLE,24090.849609375,,11.069999694824219,3169.0,66.61331597061645,0.032732637601901704,0.020430062355956704,1.6089572766973768,0.0568264846242541,0.058132192504999125,0.4544054008946391,0.38442074605481646,-0.002380427720912648,-0.004981018475277893,-0.0026944974342641426,-0.010248937845881712,0.4,30,0.5178339113023047,3071.8856985909597,3169.0,3169.0,0.0,0.0,False,"p3,p5,er3,er5,rr1,rr2,regime",False,False,False,False,False,False,True,True,True,False,False,"p3,p5,er3,er5,rr1,rr2,regime",False,False,False,False,False,False,True,True,True,False,False,"p3,p5,er3,er5,rr1,rr2,regime",False,False,False,False,False,False,True,True,True,False,REJECT,2026-08-28,2026-08-28,3170.0,3168.5,-0.0004731861198737919,-0.001973186119873792,,,,,,,,,,,,
2026-08-27,ADANIPORTS,UNFAVORABLE,24090.849609375,,11.069999694824219,1714.0,50.12489285147281,-0.02690046496069065,0.016140186979405422,1.1178690669097224,0.025058324876405802,0.010613207547169878,0.37011207791153716,0.33676708571804215,-0.007435833256518407,-0.010459150771028488,-0.008055309975383895,-0.009030856214550131,0.4,30,0.41192590004356705,1672.5035792759486,1714.0,1714.0,0.0,0.0,False,"p3,p5,er3,er5,rr1,rr2,trend,regime",False,False,False,False,False,False,True,False,True,False,False,"p3,p5,er3,er5,rr1,rr2,trend,regime",False,False,False,False,False,False,True,False,True,False,False,"p3,p5,er3,er5,rr1,rr2,regime",False,False,False,False,False,False,True,True,True,False,REJECT,2026-08-28,2026-08-28,1712.0,1707.5,-0.002628504672897214,-0.0041285046728972135,,,,,,,,,,,,
2026-08-27,APOLLOHOSP,UNFAVORABLE,24090.849609375,,11.069999694824219,8800.0,50.43457490387788,0.0014638251099730049,0.020417425081597874,0.656255008389489,0.011261778901402009,0.0074413279908414065,0.46992298728180676,0.4387629269435491,-0.0035269069814273224,-0.0033287646073402455,-0.0023741657295003327,-0.0025446807464322707,0.4,30,0.4248847050443509,8530.489988922907,8800.0,8800.0,0.0,0.0,False,"p3,p5,er3,er5,rr1,rr2,regime",False,False,False,False,False,False,True,True,True,False,False,"p3,p5,er3,er5,rr1,rr2,regime",False,False,False,False,False,False,True,True,True,False,False,"p3,p5,er3,er5,rr1,rr2,regime",False,False,False,False,False,False,True,True,True,False,REJECT,,,,,,,,,,,,,,,,,,
2026-08-27,ASIANPAINT,UNFAVORABLE,24090.849609375,,11.069999694824219,2631.0,38.702154812186784,-0.022988493867453497,0.01543410316173576,0.7660990945369486,-0.003711015088959102,0.00220937411854516,0.536259892378277,0.6575712676059623,0.006813202396974884,0.013420222192521826,0.01090515754866428,0.019359818694188125,0.4,30,0.30127756738552414,2570.0893118722097,2648.925535506441,2666.308604588525,0.29429211945255623,0.5796783072692915,False,"p3,rr1,rr2,trend,regime",False,True,True,True,False,False,True,False,True,False,False,"rr1,rr2,regime",True,True,True,True,False,False,True,True,True,False,False,"rr1,rr2,regime",True,True,True,True,False,False,True,True,True,False,REJECT,2026-08-28,2026-08-28,2645.0,2608.699951171875,-0.013724026021975422,-0.015224026021975421,,,,,,,,,,,,
2026-08-27,AXISBANK,UNFAVORABLE,24090.849609375,,11.069999694824219,1256.0,51.90225182544118,-0.020827221682947483,0.014473377953235184,1.401569497024056,0.016181229773462702,0.003996802557953538,0.597500630227898,0.5172915061473711,0.006423777514343947,0.0068940449892453464,0.009368526555369017,0.0014698874575433951,0.4,30,0.32264040454715137,1228.7321559361048,1264.068264558016,1264.6589205064922,0.2958893464078066,0.3175506096559111,False,"p5,rr1,rr2,trend,regime",True,False,True,True,False,False,True,False,True,False,False,"p5,rr1,rr2,regime",True,False,True,True,False,False,True,True,True,False,False,"rr1,rr2,regime",True,True,True,True,False,False,True,True,True,False,REJECT,2026-08-28,2026-08-28,1256.0,1265.0,0.007165605095541316,0.005665605095541317,,,,,,,,,,,,
2026-08-27,BAJAJ-AUTO,UNFAVORABLE,24090.849609375,,11.069999694824219,11720.0,59.39686227640459,0.07607442174772117,0.014645294978059482,0.9805258650063294,-0.006779661016949157,-0.006190112778767021,0.4630675315912332,0.38927041789360733,-0.0006505520129345976,-0.007043217591483462,-0.0028204686093703524,-0.0059995025641054744,0.43394863601091865,30,0.5148596297047131,11462.535714285714,11720.0,11720.0,0.0,0.0,False,"p3,p5,er3,er5,rr1,rr2,regime",False,False,False,False,False,False,True,True,True,False,False,"p3,p5,er3,er5,rr1,rr2,regime",False,False,False,False,False,False,True,True,True,False,False,"p3,p5,er3,er5,rr1,rr2,regime",False,False,False,False,False,False,True,True,True,False,REJECT,2026-08-28,2026-08-28,11810.0,11910.0,0.008467400508044065,0.0069674005080440655,,,,,,,,,,,,
2026-08-27,BAJFINANCE,UNFAVORABLE,24090.849609375,,11.069999694824219,1083.0,51.33246006996137,0.028803771458559613,0.01689750370478004,0.6838869418690814,0.0055710306406684396,-0.010958904109588996,0.4680602393011515,0.42110630167401697,-0.0017495181477141994,-0.004105901176648578,-0.0020060520715015073,-0.009724320410292475,0.4,30,0.5822894598938129,1055.550005231585,1083.0,1083.0,0.0,0.0,False,"p3,p5,er3,er5,rr1,rr2,regime",False,False,False,False,False,False,True,True,True,False,False,"p3,p5,er3,er5,rr1,rr2,regime",False,False,False,False,False,False,True,True,True,False,False,"p3,p5,er3,er5,rr1,rr2,regime",False,False,False,False,False,False,True,True,True,False,REJECT,2026-08-28,2026-08-28,1065.699951171875,1079.9000244140625,0.013324644733794688,0.011824644733794689,,,,,,,,,,,,
2026-08-27,BAJAJFINSV,UNFAVORABLE,24090.849609375,,11.069999694824219,2011.0,55.95637324542361,0.04580164115874297,0.014204021610217466,0.4174779515114672,0.0046460753634332,-0.0024801587301587213,0.3938735585258027,0.3514677722126257,-0.0010880154255742086,-0.0004089550091517908,-0.00654074939128424,-0.009258950869021731,0.4,30,0.6599490172476185,1968.153568812779,2011.0,2011.0,0.0,0.0,False,"p3,p5,er3,er5,rr1,rr2,regime",False,False,False,False,False,False,True,True,True,False,False,"p3,p5,er3,er5,rr1,rr2,regime",False,False,False,False,False,False,True,True,True,False,False,"p3,p5,er3,er5,rr1,rr2,regime",False,False,False,False,False,False,True,True,True,False,REJECT,2026-08-28,2026-08-28,2011.0,2002.0,-0.004475385380407704,-0.005975385380407703,,,,,,,,,,,,
2026-08-27,BEL,UNFAVORABLE,24090.849609375,,11.069999694824219,411.0,54.60541092061493,0.008375243995300874,0.01574116224307054,0.8642661810356371,0.004889975550122161,0.003908173247115787,0.4946754542038926,0.40960050405614173,0.0003517009682506647,-0.007999761676216188,-0.0029150907372192947,-0.010367574847496841,0.4,30,0.3210019430558584,401.295573477147,411.1445490979511,411.0,0.014895171560182947,0.0,False,"p3,p5,er3,er5,rr1,rr2,regime",False,False,False,False,False,False,True,True,True,False,False,"p3,p5,er3,er5,rr1,rr2,regime",False,False,False,False,False,False,True,True,True,False,False,"p3,p5,er5,rr1,rr2,regime",False,False,True,False,False,False,True,True,True,False,REJECT,2026-08-28,2026-08-28,410.8500061035156,411.8999938964844,0.002555647504856484,0.0010556475048564841,,,,,,,,,,,,
2026-08-27,BHARTIARTL,UNFAVORABLE,24090.849609375,,11.069999694824219,1878.300048828125,40.36317673181911,-0.016937956116189423,0.0178771063258288,1.3419227943575176,-0.029302300347222254,-0.03265175049599511,0.44689706460289774,0.3698900207311866,0.0004765551337996261,-0.002042833944610437,-0.002989472235713664,-0.013372270615289894,0.4,30,0.4095192691117323,1827.9321943010602,1879.19516235921,1878.300048828125,0.017771523911226647,0.0,False,"p3,p5,er3,er5,rr1,rr2,regime",False,False,False,False,False,False,True,True,True,False,False,"p3,p5,er3,er5,rr1,rr2,regime",False,False,False,False,False,False,True,True,True,False,False,"p3,p5,er5,rr1,rr2,regime",False,False,True,False,False,False,True,True,True,False,REJECT,2026-08-28,2026-08-28,1875.699951171875,1882.4000244140625,0.003572038927655452,0.002072038927655452,,,,,,,,,,,,
2026-08-27,BPCL,UNFAVORABLE,24090.849609375,,11.069999694824219,318.0,53.83120183363294,0.014532055065481941,0.020058418541263057,0.9241087633057746,0.019557570448494932,0.030126295514143475,0.5937036098431384,0.7282803399739871,0.010571329868330115,0.01413805455973553,0.011050386023521264,0.012138376965026065,0.46655662440930573,30,0.2711421221321606,308.43213435581754,321.36168289812895,322.4959013499959,0.35135139049250214,0.4698959535170252,False,"rr1,rr2,regime",True,True,True,True,False,False,True,True,True,False,False,"rr1,rr2,regime",True,True,True,True,False,False,True,True,True,False,False,"rr1,rr2,regime",True,True,True,True,False,False,True,True,True,False,REJECT,2026-08-28,2026-08-28,318.0,319.25,0.0039308176100629755,0.0024308176100629754,,,,,,,,,,,,
2026-08-27,BRITANNIA,UNFAVORABLE,24090.849609375,,11.069999694824219,5298.0,42.266534140241916,-0.008761607578820163,0.01866607345089791,0.6383822038751229,-0.002447749952927847,-0.045061283345349645,0.578749745029389,0.48560248090668756,0.0033975095974563825,-0.0011597773355759206,0.0012932848852237333,0.00042016941900901994,0.4,30,0.4512351478799414,5149.660714285715,5316.000005847323,5298.0,0.1213434847056831,0.0,False,"p5,er5,rr1,rr2,regime",True,False,True,False,False,False,True,True,True,False,False,"p5,er5,rr1,rr2,regime",True,False,True,False,False,False,True,True,True,False,False,"p5,er5,rr1,rr2,regime",True,False,True,False,False,False,True,True,True,False,REJECT,2026-08-28,2026-08-28,5298.0,5308.5,0.0019818799546997834,0.00048187995469978337,,,,,,,,,,,,
2026-08-27,CIPLA,UNFAVORABLE,24090.849609375,,11.069999694824219,1420.0,44.19574566243185,-0.014317386022554723,0.014361185423085388,0.6683446770966367,-0.012448726691799528,-0.012517385257301838,0.5765877289322751,0.6360963174836708,0.005856187724703819,0.013666321386482015,0.005568737858671957,0.004380578865963436,0.4512073536409631,30,0.3575600727943614,1389.4106750488281,1428.3157865690796,1439.4061763688046,0.2718525689061018,0.6344100891334367,False,"rr1,rr2,regime",True,True,True,True,False,False,True,True,True,False,False,"rr1,rr2,regime",True,True,True,True,False,False,True,True,True,False,False,"rr1,rr2,regime",True,True,True,True,False,False,True,True,True,False,REJECT,2026-08-28,2026-08-28,1420.0,1423.5,0.0024647887323943074,0.0009647887323943074,,,,,,,,,,,,
2026-08-27,COALINDIA,UNFAVORABLE,24090.849609375,,11.069999694824219,400.0,33.736677436751805,-0.046075324545011176,0.013991083417619978,0.7431004127138131,-0.016957468665481867,-0.006211180124223614,0.3919275337815828,0.2525793978755771,-0.004865465649615109,-0.007568235014669389,-0.002232094547705399,-0.005178185711864902,0.46590450146553763,30,0.22456935289709917,391.605349949428,400.0,400.0,0.0,0.0,False,"p3,p5,er3,er5,rr1,rr2,trend,regime",False,False,False,False,False,False,True,False,True,False,False,"p3,p5,er3,er5,rr1,rr2,trend,regime",False,False,False,False,False,False,True,False,True,False,False,"p3,p5,er3,er5,rr1,rr2,trend,regime",False,False,False,False,False,False,True,False,True,False,REJECT,2026-08-28,2026-08-28,401.0,401.0,0.0,-0.0015,,,,,,,,,,,,
2026-08-27,DRREDDY,UNFAVORABLE,24090.849609375,,11.069999694824219,1177.0,44.48401736601692,-0.04187106320840939,0.01834568338987969,0.5972875132965034,-0.01092436974789912,-0.0025423728813559476,0.868834076213685,0.865398110759118,0.020488587083238946,0.02706403179518763,0.024330064643724225,0.030811541316342117,0.6026560375183795,30,0.3543205847635058,1144.6106959751673,1201.1150669969722,1208.8543654229359,0.7445379801456491,0.9834840970498578,False,"rr1,rr2,trend,regime",True,True,True,True,False,False,True,False,True,False,False,"rr1,rr2,trend,regime",True,True,True,True,False,False,True,False,True,False,False,"rr1,rr2,trend,regime",True,True,True,True,False,False,True,False,True,False,REJECT,2026-08-28,2026-08-28,1175.0,1178.0,0.002553191489361728,0.001053191489361728,,,,,,,,,,,,
2026-08-27,EICHERMOT,UNFAVORABLE,24090.849609375,,11.069999694824219,8100.0,64.69575743323293,0.05615796015803021,0.013289241622574955,0.9281507300989166,0.006586305455449137,0.007212136284506343,0.5257020582333796,0.5251907212724994,0.0006273095085417652,0.0002867649007495132,0.0034758360793089027,0.0018730664443977751,0.4,30,0.3759287354099877,7938.535714285715,8105.081207019189,8102.32279569607,0.031469541370777225,0.014385817184242387,False,"p3,p5,er3,er5,rr1,rr2,regime",False,False,False,False,False,False,True,True,True,False,False,"p3,er3,er5,rr1,rr2,regime",False,True,False,False,False,False,True,True,True,False,False,"er5,rr1,rr2,regime",True,True,True,False,False,False,True,True,True,False,REJECT,2026-08-28,2026-08-28,8140.0,8059.0,-0.00995085995085998,-0.01145085995085998,,,,,,,,,,,,
2026-08-27,ETERNAL,UNFAVORABLE,24090.849609375,,11.069999694824219,328.5,66.39443783313043,0.10827341860440653,0.021461196504589993,1.3752658210273894,0.004126566188910941,0.0016770476368257459,0.5062652567960678,0.5904534677136009,0.002329085961004133,0.012630591288125837,0.0010481373713823183,0.005433408696778885,0.4,30,0.3429836474668263,317.9249954223633,329.26510473818985,332.6491492381494,0.07235029853394466,0.3923543680466789,False,"p3,rr1,rr2,regime",False,True,True,True,False,False,True,True,True,False,False,"p3,rr1,rr2,regime",False,True,True,True,False,False,True,True,True,False,False,"p3,rr1,rr2,regime",False,True,True,True,False,False,True,True,True,False,REJECT,2026-08-28,2026-08-28,329.1000061035156,328.0,-0.0033424675877083976,-0.004842467587708397,,,,,,,,,,,,
2026-08-27,GRASIM,UNFAVORABLE,24090.849609375,,11.069999694824219,3258.0,52.57467937609632,0.023801603087136636,0.022209067789178288,0.6540785718839018,-0.009124087591240837,-0.012727272727272698,0.6399734978939636,0.5478766319238477,0.008877137478867942,0.008705022727245213,0.010547829343916848,0.00226933079537206,0.4,30,0.4060497684144535,3149.464285714286,3286.9217139061516,3286.3609640453647,0.2664718622481885,0.2613053613919746,False,"rr1,rr2,regime",True,True,True,True,False,False,True,True,True,False,False,"rr1,rr2,regime",True,True,True,True,False,False,True,True,True,False,False,"rr1,rr2,regime",True,True,True,True,False,False,True,True,True,False,REJECT,,,,,,,,,,,,,,,,,,
2026-08-27,HCLTECH,UNFAVORABLE,24090.849609375,,11.069999694824219,1282.0,45.37110330317565,0.036222234179649204,0.02022510832073908,1.0265070203865239,-0.030257186081694365,-0.0276092413076523,0.4471163219522537,0.60673880194922,-0.005514372607565603,0.001412411048689197,-0.0025093254478099625,0.008557765163559994,0.4,30,0.4074808572396214,1243.1071166992188,1282.0,1283.8107109644197,0.0,0.04655635712108206,False,"p3,er3,er5,rr1,rr2,regime",False,True,False,False,False,False,True,True,True,False,False,"p3,er3,er5,rr1,rr2,regime",False,True,False,False,False,False,True,True,True,False,False,"p3,er3,rr1,rr2,regime",False,True,False,True,False,False,True,True,True,False,REJECT,2026-08-28,2026-08-28,1290.0,1316.0999755859375,0.02023253921390511,0.01873253921390511,,,,,,,,,,,,
2026-08-27,HDFCBANK,UNFAVORABLE,24090.849609375,,11.069999694824219,711.0,29.987547834485085,-0.07087365615578856,0.011553150596258414,1.8144230723584782,-0.024691358024691357,-0.01937795742295856,0.41062141980217526,0.44825277472808006,-0.006145677200816437,-0.006368646432298742,-0.009895661382413545,-0.005994064981236891,0.4,30,0.4317589207650497,698.6785648890904,711.0,711.0,0.0,0.0,False,"p3,p5,er3,er5,rr1,rr2,trend,regime",False,False,False,False,False,False,True,False,True,False,False,"p3,p5,er3,er5,rr1,rr2,trend,regime",False,False,False,False,False,False,True,False,True,False,False,"p3,p5,er3,er5,rr1,rr2,trend,regime",False,False,False,False,False,False,True,False,True,False,REJECT,2026-08-28,2026-08-28,710.8499755859375,720.2999877929688,0.013293961499037499,0.0117939614990375,,,,,,,,,,,,
2026-08-27,HDFCLIFE,UNFAVORABLE,24090.849609375,,11.069999694824219,548.0,49.38925817890644,-0.018733594620047533,0.016410318480045132,0.6987908377479144,-0.008952006687320435,0.011070110701107083,0.37042564544906253,0.4321557922696848,-0.0064133128892328774,-0.007680878032097613,-0.011861561267537402,-0.004806187440177356,0.4,30,0.34148925999074214,534.510718209403,548.0,548.0,0.0,0.0,False,"p3,p5,er3,er5,rr1,rr2,regime",False,False,False,False,False,False,True,True,True,False,False,"p3,p5,er3,er5,rr1,rr2,regime",False,False,False,False,False,False,True,True,True,False,False,"p3,p5,er3,er5,rr1,rr2,regime",False,False,False,False,False,False,True,True,True,False,REJECT,2026-08-28,2026-08-28,550.7999877929688,548.0,-0.005083492837732573,-0.006583492837732572,,,,,,,,,,,,
2026-08-27,HEROMOTOCO,UNFAVORABLE,24090.849609375,,11.069999694824219,5550.0,51.702971213807636,0.06374589754898397,0.018803088803088803,0.8061224860134975,-0.0237467018469657,-0.03318526260778676,0.4785338293138086,0.40605911748138657,0.0013665813415091085,-0.0023474666937428525,0.00010869795780404923,-0.00833951102158248,0.4,30,0.37015853995443415,5393.464285714286,5557.584526445376,5550.0,0.04845237062982349,0.0,False,"p3,p5,er3,er5,rr1,rr2,regime",False,False,False,False,False,False,True,True,True,False,False,"p3,p5,er5,rr1,rr2,regime",False,False,True,False,False,False,True,True,True,False,False,"p3,p5,er5,rr1,rr2,regime",False,False,True,False,False,False,True,True,True,False,REJECT,2026-08-28,2026-08-28,5549.0,5600.0,0.00919084519733282,0.00769084519733282,,,,,,,,,,,,
2026-08-27,HINDALCO,UNFAVORABLE,24090.849609375,,11.069999694824219,1024.0,50.04847498592254,0.03329480335406476,0.025422015360423496,0.7511756645939471,-0.03259329239489839,-0.0056804153271053925,0.46409187422274095,0.5476378782982849,0.006613481523968646,0.00652023430290385,-0.00163255185823874,0.007922387397227837,0.4,30,0.3147936558493432,984.9517844063895,1030.772205080544,1030.6767199261735,0.1734318707677917,0.17098655661146359,False,"p3,rr1,rr2,regime",False,True,True,True,False,False,True,True,True,False,False,"p3,rr1,rr2,regime",False,True,True,True,False,False,True,True,True,False,False,"p3,rr1,rr2,regime",False,True,True,True,False,False,True,True,True,False,REJECT,2026-08-28,2026-08-28,1030.0,1037.4000244140625,0.007184489722390719,0.005684489722390719,,,,,,,,,,,,
2026-08-27,HINDUNILVR,UNFAVORABLE,24090.849609375,,11.069999694824219,2009.0,37.08555224137619,-0.0495564996093254,0.012660877960450295,0.8768525807634319,-0.010344827586206917,-0.009368836291913207,0.6098364867587298,0.6573392040328975,0.005492275392207401,0.008566928995756225,0.001522179144861191,0.006200272495695214,0.4350026556291885,30,0.29762017790981743,1970.846444266183,2020.0339812629445,2026.210960352474,0.2891992908845622,0.45109715258385047,False,"rr1,rr2,trend,regime",True,True,True,True,False,False,True,False,True,False,False,"rr1,rr2,trend,regime",True,True,True,True,False,False,True,False,True,False,False,"rr1,rr2,trend,regime",True,True,True,True,False,False,True,False,True,False,REJECT,2026-08-28,2026-08-28,2018.0,2010.4000244140625,-0.003766092956361544,-0.005266092956361544,,,,,,,,,,,,
2026-08-27,ICICIBANK,UNFAVORABLE,24090.849609375,,11.069999694824219,1443.0,59.49467401507079,0.02453716313061749,0.012805672473641222,1.253134746477706,0.01978798586572439,0.022027038067970794,0.6237838672697243,0.5893076355792961,0.004541007344613193,0.004382385083816646,0.004813700466631987,0.007048886705305568,0.4,30,0.39473924872004,1415.2821219308034,1449.552673598277,1449.3237816759474,0.23640603302743496,0.22814811653909312,False,"rr1,rr2,regime",True,True,True,True,False,False,True,True,True,False,False,"rr1,rr2,regime",True,True,True,True,False,False,True,True,True,False,False,"rr1,rr2,regime",True,True,True,True,False,False,True,True,True,False,REJECT,2026-08-28,2026-08-28,1435.0,1422.800048828125,-0.008501708133710761,-0.010001708133710761,,,,,,,,,,,,
2026-08-27,ICICIGI,UNFAVORABLE,24090.849609375,,11.069999694824219,1588.0999755859375,35.49144625725725,-0.06409597477996332,0.015508212791089472,0.8408145456836228,-0.019691373095100273,-0.022707707331730775,0.49362728009842305,0.5920385754170884,0.007601487016218084,0.012629496155275243,0.0007012433427266429,0.00421251046744453,0.4,30,0.43507599062332936,1551.1570870535713,1600.1718969308101,1608.156878121793,0.32677253524169503,0.542916467354287,False,"p3,rr1,rr2,trend,regime",False,True,True,True,False,False,True,False,True,False,False,"p3,rr1,rr2,trend,regime",False,True,True,True,False,False,True,False,True,False,False,"p3,rr1,rr2,trend,regime",False,True,True,True,False,False,True,False,True,False,REJECT,2026-08-28,2026-08-28,1588.0999755859375,1562.0,-0.016434718208661714,-0.017934718208661715,,,,,,,,,,,,
2026-08-27,ICICIPRULI,UNFAVORABLE,24090.849609375,,11.069999694824219,510.0,52.398081373980716,0.013739147273930996,0.021925777146796218,0.3577746826225079,-0.0024449877750610804,0.015936254980079667,0.5012484326719961,0.513384504985324,0.0028631279539384972,0.0008196303671217137,0.004631878077487439,0.006694509294539963,0.4,30,0.26150245776788267,493.2267804827009,511.4601952565086,510.4180114872321,0.08705515688282883,0.024921362699687803,False,"p3,p5,er5,rr1,rr2,regime",False,False,True,False,False,False,True,True,True,False,False,"p3,p5,er5,rr1,rr2,regime",False,False,True,False,False,False,True,True,True,False,False,"p3,er5,rr1,rr2,regime",False,True,True,False,False,False,True,True,True,False,REJECT,,,,,,,,,,,,,,,,,,
2026-08-27,INDUSINDBK,UNFAVORABLE,24090.849609375,,11.069999694824219,1002.9000244140625,47.14705820310458,0.0057106960784931715,0.01570445669218308,1.0747192479387222,-0.0152199525023754,-0.005059499589223693,0.45411255886212826,0.4369706683647741,-0.0033329192047279756,-0.007877664883867258,-0.005779380579759241,-0.008030381555475752,0.4,30,0.36727648002111396,979.2750244140625,1002.9000244140625,1002.9000244140625,0.0,0.0,False,"p3,p5,er3,er5,rr1,rr2,regime",False,False,False,False,False,False,True,True,True,False,False,"p3,p5,er3,er5,rr1,rr2,regime",False,False,False,False,False,False,True,True,True,False,False,"p3,p5,er3,er5,rr1,rr2,regime",False,False,False,False,False,False,True,True,True,False,REJECT,2026-08-28,2026-08-28,997.0,994.0,-0.0030090270812437314,-0.004509027081243731,,,,,,,,,,,,
2026-08-27,INFY,UNFAVORABLE,24090.849609375,,11.069999694824219,1110.800048828125,44.89218747927036,0.010531111992214681,0.02051286201493121,0.8400690162812607,-0.016991107231747793,-0.016991107231747793,0.3959158487099638,0.46443991421841163,-0.003977322555806754,-0.005499741097285468,-0.008311268582842757,-0.011863546013094084,0.4,30,0.37086807546082484,1076.6215166364398,1110.800048828125,1110.800048828125,0.0,0.0,False,"p3,p5,er3,er5,rr1,rr2,regime",False,False,False,False,False,False,True,True,True,False,False,"p3,p5,er3,er5,rr1,rr2,regime",False,False,False,False,False,False,True,True,True,False,False,"p3,p5,er3,er5,rr1,rr2,regime",False,False,False,False,False,False,True,True,True,False,REJECT,2026-08-28,2026-08-28,1123.5999755859375,1144.0,0.018155949499219393,0.01665594949921939,,,,,,,,,,,,
2026-08-27,ITC,UNFAVORABLE,24090.849609375,,11.069999694824219,269.0,36.300975104196084,-0.045980882087184316,0.015108875309097849,0.644423024598648,-0.0025955215993609393,-0.00975517745637866,0.672818430967155,0.7376676376958753,0.00652046932286166,0.008792486471622028,0.01001450605030929,0.012953552787152933,0.42496460792205315,30,0.3492307067998527,262.90356881277904,270.7540062478498,271.3651788608663,0.28771033314154,0.38796121669085365,False,"rr1,rr2,trend,regime",True,True,True,True,False,False,True,False,True,False,False,"rr1,rr2,trend,regime",True,True,True,True,False,False,True,False,True,False,False,"rr1,rr2,trend,regime",True,True,True,True,False,False,True,False,True,False,REJECT,2026-08-28,2026-08-28,269.0,266.0,-0.01115241635687736,-0.012652416356877359,,,,,,,,,,,,
2026-08-27,JIOFIN,UNFAVORABLE,24090.849609375,,11.069999694824219,238.10000610351562,39.262614954963006,-0.02200008279214749,0.018974615443644587,0.4762241483010921,-0.016115677258199845,-0.02657399770157476,0.3902822202716723,0.4555126056964366,-0.006958395833767773,-0.009881257857111688,-0.003848777452122587,-0.004242369393819778,0.4,30,0.4259375045372188,231.32322202410015,238.10000610351562,238.10000610351562,0.0,0.0,False,"p3,p5,er3,er5,rr1,rr2,trend,regime",False,False,False,False,False,False,True,False,True,False,False,"p3,p5,er3,er5,rr1,rr2,regime",False,False,False,False,False,False,True,True,True,False,False,"p3,p5,er3,er5,rr1,rr2,regime",False,False,False,False,False,False,True,True,True,False,REJECT,2026-08-28,2026-08-28,238.60000610351562,238.39999389648438,-0.0008382741069355992,-0.0023382741069355993,,,,,,,,,,,,
2026-08-27,JSWSTEEL,UNFAVORABLE,24090.849609375,,11.069999694824219,1337.5,64.52624287663713,0.05869261287064509,0.017879842394025364,1.5013619683107058,0.007912584777693965,0.029083673346330885,0.34074033400764725,0.438023201253173,-0.003302742271631468,-0.005388943371016962,-0.007485012400689328,-0.002633903847822805,0.40321926347458736,30,0.36989570724855664,1301.6285661969866,1337.5,1337.5,0.0,0.0,False,"p3,p5,er3,er5,rr1,rr2,regime",False,False,False,False,False,False,True,True,True,False,False,"p3,p5,er3,er5,rr1,rr2,regime",False,False,False,False,False,False,True,True,True,False,False,"p3,p5,er3,er5,rr1,rr2,regime",False,False,False,False,False,False,True,True,True,False,REJECT,,,,,,,,,,,,,,,,,,
2026-08-27,KOTAKBANK,UNFAVORABLE,24090.849609375,,11.069999694824219,424.20001220703125,74.83342595990337,0.08176062463129385,0.01762140860150052,2.952118217382629,0.05666957107543347,0.06757268325427135,0.35117490035395765,0.36104672746705824,-0.0018334074230812185,-0.0025896170720255737,-0.004299415657625816,-0.007749219442048261,0.4,30,0.9878185754176804,412.98750959123885,424.20001220703125,424.20001220703125,0.0,0.0,False,"p3,p5,er3,er5,rr1,rr2,regime",False,False,False,False,False,False,True,True,True,False,False,"p3,p5,er3,er5,rr1,rr2,regime",False,False,False,False,False,False,True,True,True,False,False,"p3,p5,er3,er5,rr1,rr2,regime",False,False,False,False,False,False,True,True,True,False,REJECT,2026-08-28,2026-08-28,424.6000061035156,423.70001220703125,-0.0021196276108035317,-0.0036196276108035317,,,,,,,,,,,,
2026-08-27,LT,UNFAVORABLE,24090.849609375,,11.069999694824219,4027.0,50.129144280394165,0.0056342505176638635,0.012822367130130548,0.8068764009911163,-0.015403422982885107,-0.013232050967900033,0.5368386441409475,0.599502092893666,0.001941924717748053,0.00843958710283478,0.0029339602063894743,0.008250898271587648,0.4,30,0.34596262429937596,3949.5464913504466,4034.820130838372,4060.986217263116,0.10096548206427716,0.43879506371867866,False,"p3,er3,rr1,rr2,regime",False,True,False,True,False,False,True,True,True,False,False,"rr1,rr2,regime",True,True,True,True,False,False,True,True,True,False,False,"rr1,rr2,regime",True,True,True,True,False,False,True,True,True,False,REJECT,2026-08-28,2026-08-28,4045.0,4045.800048828125,0.00019778710213236295,-0.001302212897867637,,,,,,,,,,,,
2026-08-27,M&M,UNFAVORABLE,24090.849609375,,11.069999694824219,3330.0,46.821019005159776,0.023400579221702245,0.016289133720774344,0.9249938313477754,-0.024633166940238205,-0.027680462355915703,0.731896411050247,0.7030980298129048,0.013002481817139859,0.023341799033293337,0.010211752743665814,0.016748367616975957,0.5348299918321291,30,0.3163524391456795,3248.635777064732,3373.2982644510757,3407.728190780867,0.5321536037469815,0.955311658819701,False,"rr1,rr2,regime",True,True,True,True,False,False,True,True,True,False,False,"rr1,rr2,regime",True,True,True,True,False,False,True,True,True,False,False,"rr1,rr2,regime",True,True,True,True,False,False,True,True,True,False,REJECT,2026-08-28,2026-08-28,3331.0,3334.0,0.0009006304413088362,-0.0005993695586911638,,,,,,,,,,,,
2026-08-27,MARUTI,UNFAVORABLE,24090.849609375,,11.069999694824219,13440.0,39.81461725744523,-0.020701390750664905,0.013509778911564626,0.9586826623825628,-0.013215859030836996,-0.02672170323701939,0.8132230490637106,0.7061173844774342,0.01243965491249788,0.01295465412424675,0.01345381492798392,0.010243614793001177,0.5040349727578054,30,0.3291261727438194,13167.642857142857,13607.18896202397,13614.110551429876,0.6138592888370283,0.6392729399470922,False,"rr1,rr2,trend,regime",True,True,True,True,False,False,True,False,True,False,False,"rr1,rr2,regime",True,True,True,True,False,False,True,True,True,False,False,"rr1,rr2,regime",True,True,True,True,False,False,True,True,True,False,REJECT,2026-08-28,2026-08-28,13500.0,13376.0,-0.009185185185185185,-0.010685185185185185,,,,,,,,,,,,
2026-08-27,NESTLEIND,UNFAVORABLE,24090.849609375,,11.069999694824219,1450.0,42.327623954677534,-0.006972858952425942,0.019453203173106528,0.3461047044610067,-0.014477025841934998,-0.005486968449931462,0.711171188567476,0.7669864396809243,0.010553256580049014,0.01822453473923818,0.011042898324077788,0.01997287705367523,0.48171300821230123,30,0.5355075167371978,1407.6892830984934,1465.302222041071,1476.4255753718955,0.36166302917278437,0.6245598587566028,False,"rr1,rr2,regime",True,True,True,True,False,False,True,True,True,False,False,"rr1,rr2,regime",True,True,True,True,False,False,True,True,True,False,False,"rr1,rr2,regime",True,True,True,True,False,False,True,True,True,False,REJECT,2026-08-28,2026-08-28,1454.4000244140625,1454.5999755859375,0.00013748017637404963,-0.0013625198236259504,,,,,,,,,,,,
2026-08-27,NTPC,UNFAVORABLE,24090.849609375,,11.069999694824219,330.8999938964844,34.29709941818248,-0.0469305527635806,0.01799205794606116,1.532499766063042,-0.02533138763922127,-0.019555573640046342,0.6779522578944356,0.6032239137940556,0.006507854417351634,0.005852313222189507,0.009942256809933658,0.008625152893308563,0.43696226816759764,30,0.3896043812696672,321.9696360996791,333.0534428834652,332.8365243059872,0.24113804127212113,0.21684802037781856,False,"rr1,rr2,trend,regime",True,True,True,True,False,False,True,False,True,False,False,"rr1,rr2,trend,regime",True,True,True,True,False,False,True,False,True,False,False,"rr1,rr2,trend,regime",True,True,True,True,False,False,True,False,True,False,REJECT,2026-08-28,2026-08-28,329.5,330.04998779296875,0.0016691587040023048,0.00016915870400230478,,,,,,,,,,,,
2026-08-27,ONGC,UNFAVORABLE,24090.849609375,,11.069999694824219,232.0,31.78086252838584,-0.03780672723862588,0.01510776557358615,0.902146498157622,-0.019234846726094768,-0.027253668763102756,0.7357492646097231,0.6723609652250357,0.0043936079463976,0.005199472532625255,0.003835647505603168,0.007674955337964029,0.4,30,0.18026932531304285,226.742497580392,233.01931704356423,233.20627762756905,0.19387856860753122,0.22943929099684446,False,"rr1,rr2,trend,regime",True,True,True,True,False,False,True,False,True,False,False,"rr1,rr2,trend,regime",True,True,True,True,False,False,True,False,True,False,False,"rr1,rr2,trend,regime",True,True,True,True,False,False,True,False,True,False,REJECT,2026-08-28,2026-08-28,233.35000610351562,232.25,-0.004713975036399365,-0.0062139750363993645,,,,,,,,,,,,
2026-08-27,POWERGRID,UNFAVORABLE,24090.849609375,,11.069999694824219,264.8999938964844,36.893350238065196,-0.05470508753694414,0.017122397544466372,0.834915007814579,-0.023949890000657836,0.0003776665714720906,0.37848907793456843,0.4688890312571485,-0.0012071319392441158,-0.0030385334845155158,-0.0030209863612979393,-0.001062772043477822,0.4,30,0.33137587843508587,258.09640938895086,264.8999938964844,264.8999938964844,0.0,0.0,False,"p3,p5,er3,er5,rr1,rr2,trend,regime",False,False,False,False,False,False,True,False,True,False,False,"p3,p5,er3,er5,rr1,rr2,trend,regime",False,False,False,False,False,False,True,False,True,False,False,"p3,p5,er3,er5,rr1,rr2,trend,regime",False,False,False,False,False,False,True,False,True,False,REJECT,2026-08-28,2026-08-28,266.04998779296875,266.04998779296875,0.0,-0.0015,,,,,,,,,,,,
2026-08-27,RELIANCE,UNFAVORABLE,24090.849609375,,11.069999694824219,1282.199951171875,40.959899840636176,-0.01732220731376677,0.013464592358937273,1.1196448938216719,-0.02107199314959851,-0.02360645838612485,0.39331115146242696,0.49900686869837724,-0.010969471692366749,-0.008797111409959691,-0.0077871535950104764,-0.002864819368103344,0.4,30,0.3622579566296007,1256.303501674107,1282.199951171875,1282.199951171875,0.0,0.0,False,"p3,p5,er3,er5,rr1,rr2,regime",False,False,False,False,False,False,True,True,True,False,False,"p3,p5,er3,er5,rr1,rr2,regime",False,False,False,False,False,False,True,True,True,False,False,"p3,p5,er3,er5,rr1,rr2,regime",False,False,False,False,False,False,True,True,True,False,REJECT,2026-08-28,2026-08-28,1284.9000244140625,1287.0,0.00163434940153806,0.00013434940153805993,,,,,,,,,,,,
2026-08-27,SBILIFE,UNFAVORABLE,24090.849609375,,11.069999694824219,1773.199951171875,39.271138790091285,-0.02513689336437608,0.017490577374183754,1.0985272241516002,0.006470599402771393,-0.004938299005681768,0.48264984238906056,0.5993697563548339,-0.0007170864610762566,0.005031152459463703,-0.001639308301322917,0.00450980377929644,0.45382937156504727,30,0.3088745086936039,1726.6785147530693,1773.199951171875,1782.1211904673344,0.0,0.1917662046190189,False,"p3,er3,rr1,rr2,trend,regime",False,True,False,True,False,False,True,False,True,False,False,"p3,er3,rr1,rr2,trend,regime",False,True,False,True,False,False,True,False,True,False,False,"p3,er3,rr1,rr2,regime",False,True,False,True,False,False,True,True,True,False,REJECT,,,,,,,,,,,,,,,,,,
2026-08-27,SBIN,UNFAVORABLE,24090.849609375,,11.069999694824219,1042.9000244140625,47.32031823399129,0.0002887306386532007,0.01588291858249956,0.47142056926380943,0.0032708267571548433,-0.004866388917879272,0.7408574545714409,0.9058071868034219,0.009472170773451184,0.01663554973545435,0.008241593290211013,0.017190382262962323,0.6612295691355339,30,0.2875101128614645,1018.0535801478794,1052.7785515449489,1060.2492396393093,0.39758313201907136,0.698257466516434,False,"rr1,rr2,regime",True,True,True,True,False,False,True,True,True,False,False,"rr1,rr2,regime",True,True,True,True,False,False,True,True,True,False,False,"rr1,rr2,regime",True,True,True,True,False,False,True,True,True,False,REJECT,2026-08-28,2026-08-28,1046.0,1047.5,0.001434034416825991,-6.596558317400894e-05,,,,,,,,,,,,
2026-08-27,SHRIRAMFIN,UNFAVORABLE,24090.849609375,,11.069999694824219,1101.0,50.99876656865606,0.0330154405330747,0.022213589500109477,1.0538032075535426,-0.01608579088471851,-0.024109158260131158,0.7202335959361205,0.6399925170589804,0.009671251788444971,0.012199792353089253,0.014991935487055463,0.008790937130428222,0.4,30,0.27896544767457354,1064.314256940569,1111.648048219078,1114.4319713807513,0.29025030791466094,0.36613600435982685,False,"rr1,rr2,regime",True,True,True,True,False,False,True,True,True,False,False,"rr1,rr2,regime",True,True,True,True,False,False,True,True,True,False,False,"rr1,rr2,regime",True,True,True,True,False,False,True,True,True,False,REJECT,2026-08-28,2026-08-28,1105.0,1086.9000244140625,-0.01638006840356332,-0.01788006840356332,,,,,,,,,,,,
2026-08-27,SUNPHARMA,UNFAVORABLE,24090.849609375,,11.069999694824219,1913.300048828125,47.72670170432535,-0.0036876480047485227,0.014921860546527107,0.5943504158258612,0.0017277742555628084,0.004884479426536137,0.5881033728342424,0.6174628147610344,0.0016217815105193279,0.002499431231440379,0.003638167327077446,0.004419114005759339,0.4,30,0.2198220148258684,1870.47505405971,1916.40300347139,1918.0822107252825,0.07245662632406508,0.11166754188804955,False,"er3,er5,rr1,rr2,regime",True,True,False,False,False,False,True,True,True,False,False,"rr1,rr2,regime",True,True,True,True,False,False,True,True,True,False,False,"rr1,rr2,regime",True,True,True,True,False,False,True,True,True,False,REJECT,,,,,,,,,,,,,,,,,,
2026-08-27,TATACONSUM,UNFAVORABLE,24090.849609375,,11.069999694824219,1042.0,39.19250422565335,-0.04470102485285876,0.019687410965990883,0.7643766095453146,-0.019294117647058795,-0.013537866294704548,0.7242302524454193,0.6791396056841594,0.004532272160983419,0.004628620322855484,0.0059970739973161935,0.004439461306788073,0.4,30,0.2791574527867579,1011.2285766601562,1046.7226275917449,1046.8230223764153,0.15347446036497991,0.15673705837878307,False,"rr1,rr2,trend,regime",True,True,True,True,False,False,True,False,True,False,False,"rr1,rr2,trend,regime",True,True,True,True,False,False,True,False,True,False,False,"rr1,rr2,trend,regime",True,True,True,True,False,False,True,False,True,False,REJECT,2026-08-28,2026-08-28,1047.0,1040.699951171875,-0.006017238613299947,-0.007517238613299946,,,,,,,,,,,,
2026-08-27,TATASTEEL,UNFAVORABLE,24090.849609375,,11.069999694824219,186.8000030517578,49.494962752108734,-0.005540851767285138,0.02066764786108854,1.6664833087865898,0.002683843219589699,0.017983667856990904,0.47519625514218006,0.39512238370623537,-0.0035222656600202,-0.0004375269312404755,-0.0008325139379373736,-0.0080474245530755,0.4,30,0.38176135323483756,181.0089280264718,186.8000030517578,186.8000030517578,0.0,0.0,False,"p3,p5,er3,er5,rr1,rr2,regime",False,False,False,False,False,False,True,True,True,False,False,"p3,p5,er3,er5,rr1,rr2,regime",False,False,False,False,False,False,True,True,True,False,False,"p3,p5,er3,er5,rr1,rr2,regime",False,False,False,False,False,False,True,True,True,False,REJECT,2026-08-28,2026-08-28,187.60000610351562,186.5,-0.005863571789590738,-0.007363571789590738,,,,,,,,,,,,
2026-08-27,TCS,UNFAVORABLE,24090.849609375,,11.069999694824219,2248.39990234375,42.80318573384481,0.004861707550262384,0.02277493130422829,0.6197779387095376,-0.015629873379512826,-0.021584028571040026,0.4960980770515906,0.47860403511752064,-0.0007467993402802528,-0.0031288918819893674,5.1342369613960326e-05,-0.0011262152586098972,0.4,30,0.49330792520743777,2171.5891723632812,2248.39990234375,2248.39990234375,0.0,0.0,False,"p3,p5,er3,er5,rr1,rr2,regime",False,False,False,False,False,False,True,True,True,False,False,"p3,p5,er3,er5,rr1,rr2,regime",False,False,False,False,False,False,True,True,True,False,False,"p3,p5,er3,er5,rr1,rr2,regime",False,False,False,False,False,False,True,True,True,False,REJECT,2026-08-28,2026-08-28,2272.0,2342.0,0.03080985915492951,0.029309859154929507,,,,,,,,,,,,
2026-08-27,TECHM,UNFAVORABLE,24090.849609375,,11.069999694824219,1585.0,49.24805545733265,0.03313369545792644,0.01996845865958765,0.7606583569913071,0.0006313131313131493,-0.0044595036083237005,0.2457983499712135,0.22343847015079005,-0.012269319888427561,-0.013236744823634907,-0.01206718580587457,-0.020704482379822975,0.4732966995809892,30,0.33457019527074566,1537.5249895368304,1585.0,1585.0,0.0,0.0,False,"p3,p5,er3,er5,rr1,rr2,regime",False,False,False,False,False,False,True,True,True,False,False,"p3,p5,er3,er5,rr1,rr2,regime",False,False,False,False,False,False,True,True,True,False,False,"p3,p5,er3,er5,rr1,rr2,regime",False,False,False,False,False,False,True,True,True,False,REJECT,2026-08-28,2026-08-28,1600.0,1640.9000244140625,0.025562515258789054,0.024062515258789052,,,,,,,,,,,,
2026-08-27,TITAN,UNFAVORABLE,24090.849609375,,11.069999694824219,5139.2998046875,70.05398747609065,0.08311255314187216,0.016219538900347764,1.2502100523539537,0.011872377374975374,0.014068627602111361,0.6256325116025594,0.6040313421185007,0.0023984351550472133,0.0010696971322875187,0.0031734861312217033,0.004785924705367761,0.4,30,0.30251570807642425,5014.264195033483,5151.62608201139,5144.79729895054,0.09858213478542635,0.04396742878490113,False,"er5,rr1,rr2,regime",True,True,True,False,False,False,True,True,True,False,False,"er5,rr1,rr2,regime",True,True,True,False,False,False,True,True,True,False,False,"rr1,rr2,regime",True,True,True,True,False,False,True,True,True,False,REJECT,2026-08-28,2026-08-28,5155.0,5169.2001953125,0.002754645065470518,0.0012546450654705179,,,,,,,,,,,,
2026-08-27,TRENT,UNFAVORABLE,24090.849609375,,11.069999694824219,2878.5,38.45440882396594,-0.047613693267261725,0.01732549073604494,0.5822791854012607,-0.00912220309810674,-0.03080808080808084,0.22308986959752664,0.2814166306237978,-0.011421615108292007,-0.01651614838363832,-0.012215334381093679,-0.016804742362851455,0.4,30,0.24119489701537825,2803.692862374442,2878.5,2878.5,0.0,0.0,False,"p3,p5,er3,er5,rr1,rr2,trend,regime",False,False,False,False,False,False,True,False,True,False,False,"p3,p5,er3,er5,rr1,rr2,trend,regime",False,False,False,False,False,False,True,False,True,False,False,"p3,p5,er3,er5,rr1,rr2,trend,regime",False,False,False,False,False,False,True,False,True,False,REJECT,2026-08-28,2026-08-28,2890.39990234375,2898.0,0.0026294277307743474,0.0011294277307743474,,,,,,,,,,,,
2026-08-27,ULTRACEMCO,UNFAVORABLE,24090.849609375,,11.069999694824219,11717.0,52.18335516619992,0.013053687314374951,0.016209658737609576,1.4274297783978311,0.01851529902642568,0.012267818574513978,0.4755945039441909,0.5459150869699043,0.0025505654651328934,-0.00039309369232310765,0.0012827264367665236,0.008101563948366586,0.4,30,0.3555319183956537,11432.107142857143,11746.884975554964,11717.0,0.10489899906468367,0.0,False,"p3,er5,rr1,rr2,regime",False,True,True,False,False,False,True,True,True,False,False,"p3,er5,rr1,rr2,regime",False,True,True,False,False,False,True,True,True,False,False,"p3,er5,rr1,rr2,regime",False,True,True,False,False,False,True,True,True,False,REJECT,2026-08-28,2026-08-28,11705.0,11589.0,-0.009910294745835158,-0.011410294745835157,,,,,,,,,,,,
2026-08-27,WIPRO,UNFAVORABLE,24090.849609375,,11.069999694824219,176.39999389648438,40.00401975152644,-0.007981708355047079,0.01679218796436403,0.5689015061052063,-0.027080711092738352,-0.025414398361964796,0.47841382139010946,0.5481411209478974,0.0008769788403447867,0.0034570783502326534,-0.0025261501253178165,0.0032504292689217174,0.4,30,0.3338940642368389,171.9567811148507,176.55469295856855,177.00982249636508,0.03481693758256109,0.13724947011348865,False,"p3,er3,er5,rr1,rr2,regime",False,True,False,False,False,False,True,True,True,False,False,"p3,er3,rr1,rr2,regime",False,True,False,True,False,False,True,True,True,False,False,"p3,rr1,rr2,regime",False,True,True,True,False,False,True,True,True,False,REJECT,2026-08-28,2026-08-28,178.25,180.9499969482422,0.015147247956477816,0.013647247956477817,,,,,,,,,,,,
2026-08-27,APOLLOTYRE,UNFAVORABLE,24090.849609375,,11.069999694824219,443.25,56.118980478345925,0.02031280360355958,0.02131173466802383,0.5035504248805492,-0.005831571308562378,0.032494788268567776,0.5190221403619616,0.45456820097409384,0.0013248727051294459,-0.0017325377632712259,-0.00024339715410870433,-0.003003387457990503,0.4,30,0.22788422095629826,429.08036041259766,443.8372498265486,443.25,0.04144423172701586,0.0,False,"p3,p5,er3,er5,rr1,rr2,regime",False,False,False,False,False,False,True,True,True,False,False,"p3,p5,er5,rr1,rr2,regime",False,False,True,False,False,False,True,True,True,False,False,"p3,p5,er5,rr1,rr2,regime",False,False,True,False,False,False,True,True,True,False,REJECT,2026-08-28,2026-08-28,448.1000061035156,443.5,-0.010265579202989317,-0.011765579202989316,,,,,,,,,,,,
2026-08-27,AUROPHARMA,UNFAVORABLE,24090.849609375,,11.069999694824219,1637.0,56.838247347353686,0.03487340283219886,0.01778078898989059,0.7222955745926176,0.018034825870646864,0.018034825870646864,0.5323614782353085,0.4965036083795975,0.00021343097850833048,0.0048853419420427325,0.003824216496174704,0.0027149197081344223,0.4,30,0.3254359985012947,1593.3392726353236,1637.349386511818,1644.9973047591238,0.008002306257973185,0.1831692974861897,False,"p3,p5,er3,rr1,rr2,regime",False,False,False,True,False,False,True,True,True,False,False,"p5,er3,rr1,rr2,regime",True,False,False,True,False,False,True,True,True,False,False,"p5,rr1,rr2,regime",True,False,True,True,False,False,True,True,True,False,REJECT,,,,,,,,,,,,,,,,,,
2026-08-27,BOSCHLTD,UNFAVORABLE,24090.849609375,,11.069999694824219,48780.0,75.32897978528078,0.13856287006771595,0.02183271832718327,0.5986449148965807,0.014137214137214027,0.0006153846153846843,0.48476151504121634,0.397820050203764,0.003388570722292392,0.0015879883037279727,-0.004431401919024358,-0.002264785329844865,0.4,30,0.3454085063968735,47182.5,48945.29447983343,48857.46206945585,0.10347072290042462,0.048489558344818204,False,"p3,p5,er5,rr1,rr2,regime",False,False,True,False,False,False,True,True,True,False,False,"p3,p5,er5,rr1,rr2,regime",False,False,True,False,False,False,True,True,True,False,False,"p3,p5,rr1,rr2,regime",False,False,True,True,False,False,True,True,True,False,REJECT,,,,,,,,,,,,,,,,,,
2026-08-27,SAIL,UNFAVORABLE,24090.849609375,,11.069999694824219,193.0,70.3785734603568,0.13021215582541612,0.03725757500050599,1.8040735737481097,0.07431119708920231,0.10348774576989528,0.30372614635152506,0.39540741823373876,-0.011736619791757278,-0.011275846803407732,-0.01318011277183706,-0.009265197952272264,0.4,30,0.6143505891517211,183.35,193.0,193.0,0.0,0.0,False,"p3,p5,er3,er5,rr1,rr2,regime",False,False,False,False,False,False,True,True,True,False,False,"p3,p5,er3,er5,rr1,rr2,regime",False,False,False,False,False,False,True,True,True,False,False,"p3,p5,er3,er5,rr1,rr2,regime",False,False,False,False,False,False,True,True,True,False,REJECT,2026-08-28,2026-08-28,193.0500030517578,200.0,0.03600101962380631,0.034501019623806306,,,,,,,,,,,,
2026-08-27,DLF,UNFAVORABLE,24090.849609375,,11.069999694824219,676.1500244140625,56.42331133615853,0.03793116394662288,0.02178828816758155,0.5598757390138839,-0.01865018227276849,0.0,0.3635206328492169,0.3971415181921343,-0.008639589163952969,-0.00789484136216038,-0.010837549932868895,-0.020132843887639362,0.4,30,0.35437841496535516,654.0517970493861,676.1500244140625,676.1500244140625,0.0,0.0,False,"p3,p5,er3,er5,rr1,rr2,regime",False,False,False,False,False,False,True,True,True,False,False,"p3,p5,er3,er5,rr1,rr2,regime",False,False,False,False,False,False,True,True,True,False,False,"p3,p5,er3,er5,rr1,rr2,regime",False,False,False,False,False,False,True,True,True,False,REJECT,2026-08-28,2026-08-28,680.0,679.7999877929688,-0.0002941355985753846,-0.0017941355985753847,,,,,,,,,,,,
2026-08-27,NAUKRI,UNFAVORABLE,24090.849609375,,11.069999694824219,1330.0,59.66578051328134,0.11289951007492194,0.028818486558891653,0.514970143645761,-0.014084507042253502,-0.02270558002772216,0.6233740160443454,0.6898457977276125,0.010139700035692506,0.009688085632964749,0.013381351580187495,0.010445187460371264,0.4,30,0.5652603568710449,1272.507119315011,1343.4858010474709,1342.8851538918432,0.23456471282699112,0.22411738181015206,False,"rr1,rr2,regime",True,True,True,True,False,False,True,True,True,False,False,"rr1,rr2,regime",True,True,True,True,False,False,True,True,True,False,False,"rr1,rr2,regime",True,True,True,True,False,False,True,True,True,False,REJECT,2026-08-28,2026-08-28,1339.0,1354.0,0.011202389843166571,0.009702389843166572,,,,,,,,,,,,
2026-08-28,ADANIENT,UNFAVORABLE,24175.650390625,,10.680000305175781,3168.5,66.52445842042111,0.03169486284088974,0.020174032379984896,0.483437333754235,0.01881028938906759,0.05722389055722399,0.35625290180460634,0.32938800067734214,-0.00552240043277767,-0.0025035786996198033,-0.0036839936294980613,-0.0108595727424734,0.4,30,0.33799129292100916,3072.6178676060267,3168.5,3168.5,0.0,0.0,False,"p3,p5,er3,er5,rr1,rr2,regime",False,False,False,False,False,False,True,True,True,False,False,"p3,p5,er3,er5,rr1,rr2,regime",False,False,False,False,False,False,True,True,True,False,False,"p3,p5,er3,er5,rr1,rr2,regime",False,False,False,False,False,False,True,True,True,False,REJECT,,,,,,,,,,,,,,,,,,
2026-08-28,ADANIPORTS,UNFAVORABLE,24175.650390625,,10.680000305175781,1707.5,48.60797161105892,-0.029181962193861488,0.01638150912302604,1.8600674246526392,0.002819080851456768,0.004411764705882337,0.2331186518682256,0.22479107290675365,-0.0117239978141296,-0.0203079409736281,-0.01290082432765477,-0.020323449274689043,0.5117216009539667,30,0.4459876394202301,1665.5428597586497,1707.5,1707.5,0.0,0.0,False,"p3,p5,er3,er5,rr1,rr2,trend,regime",False,False,False,False,False,False,True,False,True,False,False,"p3,p5,er3,er5,rr1,rr2,trend,regime",False,False,False,False,False,False,True,False,True,False,False,"p3,p5,er3,er5,rr1,rr2,regime",False,False,False,False,False,False,True,True,True,False,REJECT,,,,,,,,,,,,,,,,,,
2026-08-28,APOLLOHOSP,UNFAVORABLE,24175.650390625,,10.680000305175781,8800.0,50.43457490387788,0.0014638251099730049,0.020417425081597874,0.656255008389489,0.011261778901402009,0.0074413279908414065,0.46992298728180676,0.4387629269435491,-0.0035269069814273224,-0.0033287646073402455,-0.0023741657295003327,-0.0025446807464322707,0.4,30,0.4248847050443509,8530.489988922907,8800.0,8800.0,0.0,0.0,False,"p3,p5,er3,er5,rr1,rr2,regime",False,False,False,False,False,False,True,True,True,False,False,"p3,p5,er3,er5,rr1,rr2,regime",False,False,False,False,False,False,True,True,True,False,False,"p3,p5,er3,er5,rr1,rr2,regime",False,False,False,False,False,False,True,True,True,False,REJECT,,,,,,,,,,,,,,,,,,
2026-08-28,ASIANPAINT,UNFAVORABLE,24175.650390625,,10.680000305175781,2608.699951171875,35.12609101151101,-0.03054453013607228,0.0159274657305819,0.7256643396394958,-0.01178123232100714,-0.0118560791015625,0.5471099538018973,0.6040835316918778,0.0070852862358595165,0.01264739155688315,0.0050999091718907374,0.013007386668323906,0.4,30,0.27088137060026196,2546.374982561384,2627.1833370294003,2641.6932009087677,0.29656470383547084,0.5293745102879857,False,"rr1,rr2,trend,regime",True,True,True,True,False,False,True,False,True,False,False,"rr1,rr2,trend,regime",True,True,True,True,False,False,True,False,True,False,False,"rr1,rr2,trend,regime",True,True,True,True,False,False,True,False,True,False,REJECT,,,,,,,,,,,,,,,,,,
2026-08-28,AXISBANK,UNFAVORABLE,24175.650390625,,10.680000305175781,1265.0,54.949749076810875,-0.012396435229623637,0.014494633041890177,0.6776557283573866,0.02429149797570851,0.015411743794628618,0.49714687884863085,0.48873071042970173,0.006135633127893057,0.004311350236759277,0.0041865873213520755,0.0016478289371115729,0.4,30,0.33065448676657894,1237.4964338030134,1272.7615759067846,1270.4538580495005,0.2822025278901834,0.19829639583604278,False,"p3,p5,rr1,rr2,regime",False,False,True,True,False,False,True,True,True,False,False,"p3,p5,rr1,rr2,regime",False,False,True,True,False,False,True,True,True,False,False,"p3,p5,rr1,rr2,regime",False,False,True,True,False,False,True,True,True,False,REJECT,,,,,,,,,,,,,,,,,,
2026-08-28,BAJAJ-AUTO,UNFAVORABLE,24175.650390625,,10.680000305175781,11910.0,64.43245179908062,0.0898289947585722,0.014909439846467556,1.1512117620522435,-0.0014253374696068244,0.017948717948717885,0.39218241222560607,0.3253095582285555,-0.0005735469839292983,-0.0018396099870208959,-0.0038461511718300145,-0.006676774850920941,0.4,30,0.5433583167892654,11643.642857142857,11910.0,11910.0,0.0,0.0,False,"p3,p5,er3,er5,rr1,rr2,regime",False,False,False,False,False,False,True,True,True,False,False,"p3,p5,er3,er5,rr1,rr2,regime",False,False,False,False,False,False,True,True,True,False,False,"p3,p5,er3,er5,rr1,rr2,regime",False,False,False,False,False,False,True,True,True,False,REJECT,,,,,,,,,,,,,,,,,,
2026-08-28,BAJFINANCE,UNFAVORABLE,24175.650390625,,10.680000305175781,1079.9000244140625,50.3127313117202,0.02344825171895315,0.015755431578124313,0.7825039864343624,-0.006897185793279137,-0.013789932041952002,0.5974333447700287,0.6512140287393732,0.009535963262081247,0.014570283090142572,0.008767494629665529,0.018648729338570535,0.4,30,0.26871143878256504,1054.3785879952568,1090.1979113735956,1095.6344734788274,0.4034995049081572,0.6165189453510092,False,"rr1,rr2,regime",True,True,True,True,False,False,True,True,True,False,False,"rr1,rr2,regime",True,True,True,True,False,False,True,True,True,False,False,"rr1,rr2,regime",True,True,True,True,False,False,True,True,True,False,REJECT,,,,,,,,,,,,,,,,,,
2026-08-28,BAJAJFINSV,UNFAVORABLE,24175.650390625,,10.680000305175781,2002.0,53.64777151684849,0.03859238775985574,0.013836161222984604,0.42519286613498614,-0.0009980039920159944,-0.015006150061500634,0.39379951528420487,0.3633342765639104,-0.008782631065429,-0.008923660359416566,-0.014133847451539339,-0.01352202316800577,0.4,30,0.612090125479334,1960.4500078473773,2002.0,2002.0,0.0,0.0,False,"p3,p5,er3,er5,rr1,rr2,regime",False,False,False,False,False,False,True,True,True,False,False,"p3,p5,er3,er5,rr1,rr2,regime",False,False,False,False,False,False,True,True,True,False,False,"p3,p5,er3,er5,rr1,rr2,regime",False,False,False,False,False,False,True,True,True,False,REJECT,,,,,,,,,,,,,,,,,,
2026-08-28,BEL,UNFAVORABLE,24175.650390625,,10.680000305175781,411.8999938964844,55.506003181146305,0.011298986271058853,0.01540480100790928,0.7914960543753308,-0.0032668024283499797,-0.005072478510907308,0.4441831829054317,0.4181253647199428,-0.0007473046581664219,-0.008817188617165952,-0.006995152240743263,-0.010894658322555983,0.4,30,0.31283711048035545,402.38213773478276,411.8999938964844,411.8999938964844,0.0,0.0,False,"p3,p5,er3,er5,rr1,rr2,regime",False,False,False,False,False,False,True,True,True,False,False,"p3,p5,er3,er5,rr1,rr2,regime",False,False,False,False,False,False,True,True,True,False,False,"p3,p5,er3,er5,rr1,rr2,regime",False,False,False,False,False,False,True,True,True,False,REJECT,,,,,,,,,,,,,,,,,,
2026-08-28,BHARTIARTL,UNFAVORABLE,24175.650390625,,10.680000305175781,1882.4000244140625,41.29998891156732,-0.014744149774223891,0.017906472675220317,0.9387033246996905,-0.03317923758907937,-0.03268241294241392,0.5301388946960839,0.4046120201490833,0.002972896917800727,0.0017060190308795598,0.005743571238095213,-0.007151458336299155,0.4,30,0.37297423077767244,1831.8393075125557,1887.996205644711,1885.611434679441,0.11068239482343357,0.06351591635131038,False,"p3,p5,er5,rr1,rr2,regime",False,False,True,False,False,False,True,True,True,False,False,"p5,er5,rr1,rr2,regime",True,False,True,False,False,False,True,True,True,False,False,"p5,rr1,rr2,regime",True,False,True,True,False,False,True,True,True,False,REJECT,,,,,,,,,,,,,,,,,,
2026-08-28,BPCL,UNFAVORABLE,24175.650390625,,10.680000305175781,319.25,55.32217912712876,0.017698551231537296,0.01978970203427397,0.9762874115235672,0.003615196084309824,0.026527331189710512,0.5976671669544247,0.7131084328220578,0.009859026687386257,0.013734039774497626,0.015256871367684055,0.014825526273945289,0.4386838101284985,30,0.33055023123696525,309.77320643833707,322.3974942699481,323.63459219800836,0.3321264992708969,0.46266621399727753,False,"rr1,rr2,regime",True,True,True,True,False,False,True,True,True,False,False,"rr1,rr2,regime",True,True,True,True,False,False,True,True,True,False,False,"rr1,rr2,regime",True,True,True,True,False,False,True,True,True,False,REJECT,,,,,,,,,,,,,,,,,,
2026-08-28,BRITANNIA,UNFAVORABLE,24175.650390625,,10.680000305175781,5308.5,43.063108906705125,-0.0075346484837888195,0.017889099691868835,0.7270112121590002,-0.013748258244310252,-0.010531220876048408,0.3762729477127672,0.32610635674204896,-0.004920733905615476,-0.00978737922848296,-0.006895914554623017,-0.009091026775851219,0.4,30,0.38398835896048406,5166.053571428572,5308.5,5308.5,0.0,0.0,False,"p3,p5,er3,er5,rr1,rr2,regime",False,False,False,False,False,False,True,True,True,False,False,"p3,p5,er3,er5,rr1,rr2,regime",False,False,False,False,False,False,True,True,True,False,False,"p3,p5,er3,er5,rr1,rr2,regime",False,False,False,False,False,False,True,True,True,False,REJECT,,,,,,,,,,,,,,,,,,
2026-08-28,CIPLA,UNFAVORABLE,24175.650390625,,10.680000305175781,1423.5,45.4996876596834,-0.012870475285366667,0.01397965095424695,0.5002725202444556,0.001054852320675037,-0.0060745367047082555,0.4929668797192856,0.5963547158360283,0.003791074265361218,0.009772008017292,0.000333711170799611,0.0034798116342942276,0.4138558910958212,30,0.3160798408610104,1393.6499502999443,1428.8965942167417,1437.4104534126152,0.1807901250071172,0.46601106371321177,False,"p3,rr1,rr2,regime",False,True,True,True,False,False,True,True,True,False,False,"p3,rr1,rr2,regime",False,True,True,True,False,False,True,True,True,False,False,"p3,rr1,rr2,regime",False,True,True,True,False,False,True,True,True,False,REJECT,,,,,,,,,,,,,,,,,,
2026-08-28,COALINDIA,UNFAVORABLE,24175.650390625,,10.680000305175781,401.0,35.62791524753855,-0.04166329661711854,0.014659793257161227,5.0731461673647615,-0.007425742574257432,-0.010365281541218963,0.6663583541540683,0.6009927704262246,0.00834916892066005,0.0038998759389151753,0.00725443742267895,0.0027744097957984604,0.4,30,0.8887757656370655,392.18213435581754,404.3480167371847,402.563850251505,0.3796856146695253,0.17735020180725455,False,"er5,rr1,rr2,trend,regime",True,True,True,False,False,False,True,False,True,False,False,"rr1,rr2,trend,regime",True,True,True,True,False,False,True,False,True,False,False,"rr1,rr2,trend,regime",True,True,True,True,False,False,True,False,True,False,REJECT,,,,,,,,,,,,,,,,,,
2026-08-28,DRREDDY,UNFAVORABLE,24175.650390625,,10.680000305175781,1178.0,44.88422722697138,-0.03971115993800567,0.017802576864919355,0.3949911467012816,-0.012987012987012991,0.0028092695712065296,0.840021559027876,0.77216694639641,0.0162035049906803,0.02067559875148767,0.018489070022762788,0.02643157067786961,0.5078796282177336,30,0.44281807856873545,1146.5428466796875,1197.0877288790214,1202.3558553292526,0.6067850032283769,0.7742549073417114,False,"rr1,rr2,trend,regime",True,True,True,True,False,False,True,False,True,False,False,"rr1,rr2,trend,regime",True,True,True,True,False,False,True,False,True,False,False,"rr1,rr2,trend,regime",True,True,True,True,False,False,True,False,True,False,REJECT,,,,,,,,,,,,,,,,,,
2026-08-28,EICHERMOT,UNFAVORABLE,24175.650390625,,10.680000305175781,8059.0,60.93546086829603,0.04937015704305647,0.013808873841135908,0.8894764062046157,0.0004965859714463061,0.006117353308364493,0.5638407538944329,0.6260084285752722,0.003300358373313112,0.00400410080553633,0.0042572123473806345,0.006562825479096479,0.4,30,0.3034335902581759,7892.071428571428,8085.59758813053,8091.269048391817,0.1593351449839213,0.19331051668182916,False,"rr1,rr2,regime",True,True,True,True,False,False,True,True,True,False,False,"rr1,rr2,regime",True,True,True,True,False,False,True,True,True,False,False,"rr1,rr2,regime",True,True,True,True,False,False,True,True,True,False,REJECT,,,,,,,,,,,,,,,,,,
2026-08-28,ETERNAL,UNFAVORABLE,24175.650390625,,10.680000305175781,328.0,65.69474508716311,0.10185063515633863,0.02126525586490432,1.2508256468840264,-0.009063444108761365,0.0,0.5895697374179518,0.6394406013018762,0.00484780742978864,0.01889634665813198,0.005610938575586033,0.006236135535867771,0.4,30,0.32381247053873324,317.53749411446705,329.5900808369707,334.1980017038673,0.1519789670244652,0.5924012632994171,False,"rr1,rr2,regime",True,True,True,True,False,False,True,True,True,False,False,"rr1,rr2,regime",True,True,True,True,False,False,True,True,True,False,False,"rr1,rr2,regime",True,True,True,True,False,False,True,True,True,False,REJECT,,,,,,,,,,,,,,,,,,
2026-08-28,GRASIM,UNFAVORABLE,24175.650390625,,10.680000305175781,3258.0,52.57467937609632,0.023801603087136636,0.022209067789178288,0.6540785718839018,-0.009124087591240837,-0.012727272727272698,0.6399734978939636,0.5478766319238477,0.008877137478867942,0.008705022727245213,0.010547829343916848,0.00226933079537206,0.4,30,0.4060497684144535,3149.464285714286,3286.9217139061516,3286.3609640453647,0.2664718622481885,0.2613053613919746,False,"rr1,rr2,regime",True,True,True,True,False,False,True,True,True,False,False,"rr1,rr2,regime",True,True,True,True,False,False,True,True,True,False,False,"rr1,rr2,regime",True,True,True,True,False,False,True,True,True,False,REJECT,,,,,,,,,,,,,,,,,,
2026-08-28,HCLTECH,UNFAVORABLE,24175.650390625,,10.680000305175781,1316.0999755859375,52.97557117466168,0.06042760605765429,0.021671180995016633,1.8291703271036068,0.00022794250393864957,0.010441439989203438,0.684167681168872,0.7025199987786701,0.003657685256149759,0.009291967987636537,0.008784301160571273,0.01629378924482472,0.4,30,0.43688420947227113,1273.3178144182477,1320.9138550622574,1328.329134427611,0.11252071762927901,0.285847150024514,False,"rr1,rr2,regime",True,True,True,True,False,False,True,True,True,False,False,"rr1,rr2,regime",True,True,True,True,False,False,True,True,True,False,False,"rr1,rr2,regime",True,True,True,True,False,False,True,True,True,False,REJECT,,,,,,,,,,,,,,,,,,
2026-08-28,HDFCBANK,UNFAVORABLE,24175.650390625,,10.680000305175781,720.2999877929688,38.45158192501345,-0.057254500073498305,0.011825436133367527,0.6549294913410245,-0.009896923995919238,-0.009147842771022097,0.3942313222968245,0.4719759343792917,-0.0006232937083592951,-0.00434878194512064,-0.0009043101525061381,-0.00024114152583459836,0.4,30,0.37308151251120014,707.523195539202,720.2999877929688,720.2999877929688,0.0,0.0,False,"p3,p5,er3,er5,rr1,rr2,trend,regime",False,False,False,False,False,False,True,False,True,False,False,"p3,p5,er3,er5,rr1,rr2,trend,regime",False,False,False,False,False,False,True,False,True,False,False,"p3,p5,er3,er5,rr1,rr2,trend,regime",False,False,False,False,False,False,True,False,True,False,REJECT,,,,,,,,,,,,,,,,,,
2026-08-28,HDFCLIFE,UNFAVORABLE,24175.650390625,,10.680000305175781,548.0,49.38925817890644,-0.017190206335749747,0.01594108287186767,0.6754709976438832,0.0023778814046859775,-0.012256647337033244,0.47347663392275446,0.5655019045541724,-0.0024436983331009433,-0.0003604725492882013,-0.004246831707723053,0.001146569022336008,0.4,30,0.3732072345561884,534.8964298793248,548.0,548.0,0.0,0.0,False,"p3,er3,er5,rr1,rr2,regime",False,True,False,False,False,False,True,True,True,False,False,"p3,er3,er5,rr1,rr2,regime",False,True,False,False,False,False,True,True,True,False,False,"p3,er3,er5,rr1,rr2,regime",False,True,False,False,False,False,True,True,True,False,REJECT,,,,,,,,,,,,,,,,,,
2026-08-28,HEROMOTOCO,UNFAVORABLE,24175.650390625,,10.680000305175781,5600.0,54.88843541886476,0.07046820271312093,0.017576530612244897,0.634681337463913,-0.00435594275046669,-0.023539668700959027,0.4401543030721031,0.40803432416338864,-0.001582478613202539,-0.0035629292106821035,-0.0020097904708831216,-0.013214231218073025,0.4,30,0.336300047364876,5452.357142857143,5600.0,5600.0,0.0,0.0,False,"p3,p5,er3,er5,rr1,rr2,regime",False,False,False,False,False,False,True,True,True,False,False,"p3,p5,er3,er5,rr1,rr2,regime",False,False,False,False,False,False,True,True,True,False,False,"p3,p5,er3,er5,rr1,rr2,regime",False,False,False,False,False,False,True,True,True,False,REJECT,,,,,,,,,,,,,,,,,,
2026-08-28,HINDALCO,UNFAVORABLE,24175.650390625,,10.680000305175781,1037.4000244140625,53.5205565352921,0.04612731471988463,0.02409526591005981,0.36339176120809574,-0.012987035611940367,0.003288224771820669,0.5315555419133579,0.5994468027831265,0.005987782112648536,0.0034957632117287997,0.007769330355184456,0.006933413669864441,0.4,30,0.4422112718729994,999.9053802490234,1043.6117497239102,1041.0265292552556,0.16566966958015958,0.09672060962174767,False,"p3,er5,rr1,rr2,regime",False,True,True,False,False,False,True,True,True,False,False,"rr1,rr2,regime",True,True,True,True,False,False,True,True,True,False,False,"rr1,rr2,regime",True,True,True,True,False,False,True,True,True,False,REJECT,,,,,,,,,,,,,,,,,,
2026-08-28,HINDUNILVR,UNFAVORABLE,24175.650390625,,10.680000305175781,2010.4000244140625,37.46700034245882,-0.047433120699975184,0.012634296273565389,0.858789475786258,-0.0068174721325446885,-0.002282866295750585,0.6361914723280923,0.6777589416625678,0.006244732791955045,0.010593870078143545,0.0016489198144126194,0.007149892998719376,0.41804944420887097,30,0.23504909837378893,1972.3000401088168,2022.9544353714682,2031.6979410778017,0.329512234357461,0.5590006676408753,False,"rr1,rr2,trend,regime",True,True,True,True,False,False,True,False,True,False,False,"rr1,rr2,trend,regime",True,True,True,True,False,False,True,False,True,False,False,"rr1,rr2,trend,regime",True,True,True,True,False,False,True,False,True,False,REJECT,,,,,,,,,,,,,,,,,,
2026-08-28,ICICIBANK,UNFAVORABLE,24175.650390625,,10.680000305175781,1422.800048828125,51.40389774622013,0.008940664992596714,0.012872009803865093,0.937341378732606,7.035753123307842e-05,0.001971865371918957,0.5782504864898288,0.4168772792823084,0.001121737882702827,-0.0028719581518621643,0.0033353034393379666,-0.003816489065669948,0.4,30,0.26752275905496514,1395.3286045619418,1424.396057542407,1422.800048828125,0.05809700788999877,0.0,False,"p5,er3,er5,rr1,rr2,regime",True,False,False,False,False,False,True,True,True,False,False,"p5,er5,rr1,rr2,regime",True,False,True,False,False,False,True,True,True,False,False,"p5,er5,rr1,rr2,regime",True,False,True,False,False,False,True,True,True,False,REJECT,,,,,,,,,,,,,,,,,,
2026-08-28,ICICIGI,UNFAVORABLE,24175.650390625,,10.680000305175781,1562.0,31.191136036114855,-0.07612231620039045,0.015662171493092077,0.8201184943943066,-0.033415841584158446,-0.03401360544217691,0.4198148163708225,0.4532700201054202,0.0038801449887593273,0.0006470864768110906,-0.0035077970890865506,-0.004887986226582208,0.4,30,0.5871973471009057,1525.3035321916852,1568.060786472442,1563.010749076779,0.16515994139002027,0.02754349770279186,False,"p3,p5,er5,rr1,rr2,trend,regime",False,False,True,False,False,False,True,False,True,False,False,"p3,p5,er5,rr1,rr2,trend,regime",False,False,True,False,False,False,True,False,True,False,False,"p3,p5,er5,rr1,rr2,trend,regime",False,False,True,False,False,False,True,False,True,False,REJECT,,,,,,,,,,,,,,,,,,
2026-08-28,ICICIPRULI,UNFAVORABLE,24175.650390625,,10.680000305175781,510.0,52.398081373980716,0.013739147273930996,0.021925777146796218,0.3577746826225079,-0.0024449877750610804,0.015936254980079667,0.5012484326719961,0.513384504985324,0.0028631279539384972,0.0008196303671217137,0.004631878077487439,0.006694509294539963,0.4,30,0.26150245776788267,493.2267804827009,511.4601952565086,510.4180114872321,0.08705515688282883,0.024921362699687803,False,"p3,p5,er5,rr1,rr2,regime",False,False,True,False,False,False,True,True,True,False,False,"p3,p5,er5,rr1,rr2,regime",False,False,True,False,False,False,True,True,True,False,False,"p3,er5,rr1,rr2,regime",False,True,True,False,False,False,True,True,True,False,REJECT,,,,,,,,,,,,,,,,,,
2026-08-28,INDUSINDBK,UNFAVORABLE,24175.650390625,,10.680000305175781,994.0,43.62796692354654,-0.004174582233380519,0.015816329162194148,1.016160051586129,-0.020689655172413834,-0.011535377752150855,0.450238718881212,0.4800472291750474,-0.004093467867322609,-0.009821446731514001,-0.005779380579759241,-0.0037816318237834934,0.4,30,0.318294202853891,970.4178532191685,994.0,994.0,0.0,0.0,False,"p3,p5,er3,er5,rr1,rr2,regime",False,False,False,False,False,False,True,True,True,False,False,"p3,p5,er3,er5,rr1,rr2,regime",False,False,False,False,False,False,True,True,True,False,False,"p3,p5,er3,er5,rr1,rr2,regime",False,False,False,False,False,False,True,True,True,False,REJECT,,,,,,,,,,,,,,,,,,
2026-08-28,INFY,UNFAVORABLE,24175.650390625,,10.680000305175781,1144.0,53.02036927178107,0.03898368758399906,0.020810412122057628,1.2002217511006117,0.0,0.020517395182872544,0.5669056577932199,0.5641514851904765,-0.0023055304299413005,-0.00407811691950803,0.00303645865462554,0.006650059727183799,0.4,30,0.41333259734795597,1108.2893327985491,1144.0,1144.0,0.0,0.0,False,"er3,er5,rr1,rr2,regime",True,True,False,False,False,False,True,True,True,False,False,"er3,er5,rr1,rr2,regime",True,True,False,False,False,False,True,True,True,False,False,"er3,er5,rr1,rr2,regime",True,True,False,False,False,False,True,True,True,False,REJECT,,,,,,,,,,,,,,,,,,
2026-08-28,ITC,UNFAVORABLE,24175.650390625,,10.680000305175781,266.0,32.82303428339905,-0.054843922835192904,0.015145011926439984,1.1154031233560988,-0.01989680920384984,-0.012620616085799896,0.6330003602868424,0.7574386153071307,0.005493671121752955,0.012157564870696136,0.0063629476027708964,0.01395934269460275,0.5003657506378084,30,0.32799998420416016,259.9571402413505,267.4613165183863,269.23391225560516,0.24182532389480432,0.5351625529578552,False,"rr1,rr2,trend,regime",True,True,True,True,False,False,True,False,True,False,False,"rr1,rr2,trend,regime",True,True,True,True,False,False,True,False,True,False,False,"rr1,rr2,trend,regime",True,True,True,True,False,False,True,False,True,False,REJECT,,,,,,,,,,,,,,,,,,
2026-08-28,JIOFIN,UNFAVORABLE,24175.650390625,,10.680000305175781,238.39999389648438,39.76432118164046,-0.020326935884907193,0.018381464871949697,0.5016610168578353,-0.01953526678689621,-0.022950844686539407,0.45827380130063283,0.43991909244283867,-0.0027231443666241462,-0.007301275426451061,-0.0010017318671551312,-0.007236547642437308,0.4,30,0.3209040040433436,231.8267822265625,238.39999389648438,238.39999389648438,0.0,0.0,False,"p3,p5,er3,er5,rr1,rr2,trend,regime",False,False,False,False,False,False,True,False,True,False,False,"p3,p5,er3,er5,rr1,rr2,regime",False,False,False,False,False,False,True,True,True,False,False,"p3,p5,er3,er5,rr1,rr2,regime",False,False,False,False,False,False,True,True,True,False,REJECT,,,,,,,,,,,,,,,,,,
2026-08-28,JSWSTEEL,UNFAVORABLE,24175.650390625,,10.680000305175781,1337.5,64.52624287663713,0.05869261287064509,0.017879842394025364,1.5013619683107058,0.007912584777693965,0.029083673346330885,0.34074033400764725,0.438023201253173,-0.003302742271631468,-0.005388943371016962,-0.007485012400689328,-0.002633903847822805,0.40321926347458736,30,0.36989570724855664,1301.6285661969866,1337.5,1337.5,0.0,0.0,False,"p3,p5,er3,er5,rr1,rr2,regime",False,False,False,False,False,False,True,True,True,False,False,"p3,p5,er3,er5,rr1,rr2,regime",False,False,False,False,False,False,True,True,True,False,False,"p3,p5,er3,er5,rr1,rr2,regime",False,False,False,False,False,False,True,True,True,False,REJECT,,,,,,,,,,,,,,,,,,
2026-08-28,KOTAKBANK,UNFAVORABLE,24175.650390625,,10.680000305175781,423.70001220703125,74.162259856254,0.07910204539714605,0.0173387561377537,1.613532640083395,0.05502989483974052,0.05188685463616416,0.28703451214022124,0.27160998039778345,-0.007751117656094316,-0.007560303764741151,-0.008135826384640776,-0.012621904268111939,0.4,30,0.6366953583497248,412.6803654261998,423.70001220703125,423.70001220703125,0.0,0.0,False,"p3,p5,er3,er5,rr1,rr2,regime",False,False,False,False,False,False,True,True,True,False,False,"p3,p5,er3,er5,rr1,rr2,regime",False,False,False,False,False,False,True,True,True,False,False,"p3,p5,er3,er5,rr1,rr2,regime",False,False,False,False,False,False,True,True,True,False,REJECT,,,,,,,,,,,,,,,,,,
2026-08-28,LT,UNFAVORABLE,24175.650390625,,10.680000305175781,4045.800048828125,52.390500521441545,0.011155261435779051,0.012489131683739179,0.6401603601859807,-0.017771291860129934,-0.011531871774218216,0.5256375223851325,0.5689103342261547,0.001245109191880992,0.004594237434851532,0.0023692495268126113,0.0006492118081737885,0.4,30,0.4265398713618166,3970.007254464286,4050.8375116574334,4064.3874148663754,0.06646361137084293,0.2452392235206782,False,"p3,er3,rr1,rr2,regime",False,True,False,True,False,False,True,True,True,False,False,"p3,rr1,rr2,regime",False,True,True,True,False,False,True,True,True,False,False,"rr1,rr2,regime",True,True,True,True,False,False,True,True,True,False,REJECT,,,,,,,,,,,,,,,,,,
2026-08-28,M&M,UNFAVORABLE,24175.650390625,,10.680000305175781,3334.0,47.27658358937785,0.022799492929904686,0.01640242019955384,0.9776835539105557,-0.03165843740923613,-0.022917751682464682,0.6790063732408876,0.6392792319033651,0.010550931299389782,0.01932122873037066,0.00901803106679222,0.01086017949136553,0.48359608580694247,30,0.25899243918353354,3251.9714965820312,3369.176804952166,3398.4169765870556,0.4288363615867267,0.7852999128708321,False,"rr1,rr2,regime",True,True,True,True,False,False,True,True,True,False,False,"rr1,rr2,regime",True,True,True,True,False,False,True,True,True,False,False,"rr1,rr2,regime",True,True,True,True,False,False,True,True,True,False,REJECT,,,,,,,,,,,,,,,,,,
2026-08-28,MARUTI,UNFAVORABLE,24175.650390625,,10.680000305175781,13376.0,38.02224572291476,-0.025526876709933366,0.0137987012987013,0.8774727328262811,-0.022079251352536966,-0.01393291559159604,0.8506037408757181,0.7084124554441252,0.014340727987539104,0.016121577852541345,0.012570924656057136,0.011226934667378896,0.5919095920212469,30,0.35391135244830213,13099.142857142857,13567.821577561324,13591.642225355594,0.6928539953195404,0.7788934868365095,False,"rr1,rr2,trend,regime",True,True,True,True,False,False,True,False,True,False,False,"rr1,rr2,trend,regime",True,True,True,True,False,False,True,False,True,False,False,"rr1,rr2,regime",True,True,True,True,False,False,True,True,True,False,REJECT,,,,,,,,,,,,,,,,,,
2026-08-28,NESTLEIND,UNFAVORABLE,24175.650390625,,10.680000305175781,1454.5999755859375,43.89451874132092,-0.004457582809637262,0.018949737330391445,0.2564829876625097,-0.016497650043314716,-0.01523255051918515,0.7652527595868522,0.7898108886767843,0.011658682331142419,0.019284817395306287,0.016004143918024738,0.02063588376959169,0.5313481063967618,30,0.4564573160352211,1413.2535443987165,1471.5586946201815,1482.6516704983292,0.4101616160643507,0.6784550469512259,False,"rr1,rr2,regime",True,True,True,True,False,False,True,True,True,False,False,"rr1,rr2,regime",True,True,True,True,False,False,True,True,True,False,False,"rr1,rr2,regime",True,True,True,True,False,False,True,True,True,False,REJECT,,,,,,,,,,,,,,,,,,
2026-08-28,NTPC,UNFAVORABLE,24175.650390625,,10.680000305175781,330.04998779296875,33.47800721946261,-0.04741705107552108,0.017551455213069857,0.876461456647937,-0.028836304647768207,-0.029264741785386073,0.8359992506580702,0.7096380466598986,0.011366834599968558,0.010264272586208042,0.011701377935368629,0.013085224998669265,0.6901251952665357,30,0.31618706587343903,321.36070142473494,333.801611413933,333.4377108347504,0.43175278866161076,0.38987356362962866,False,"rr1,rr2,trend,regime",True,True,True,True,False,False,True,False,True,False,False,"rr1,rr2,trend,regime",True,True,True,True,False,False,True,False,True,False,False,"rr1,rr2,trend,regime",True,True,True,True,False,False,True,False,True,False,REJECT,,,,,,,,,,,,,,,,,,
2026-08-28,ONGC,UNFAVORABLE,24175.650390625,,10.680000305175781,232.25,32.63094388786733,-0.03565001250610211,0.014793178951962074,0.6203014007357214,-0.007478632478632452,-0.017554966174413655,0.7421969754219316,0.6906268628844767,0.005224545067784703,0.006022326709992948,0.004295798241233384,0.009259936728049034,0.5134737236315893,30,0.14896659199717585,227.09642628261022,233.463400591993,233.64868537839587,0.23544838175082525,0.2714010616897289,False,"rr1,rr2,trend,regime",True,True,True,True,False,False,True,False,True,False,False,"rr1,rr2,trend,regime",True,True,True,True,False,False,True,False,True,False,False,"rr1,rr2,trend,regime",True,True,True,True,False,False,True,False,True,False,REJECT,,,,,,,,,,,,,,,,,,
2026-08-28,POWERGRID,UNFAVORABLE,24175.650390625,,10.680000305175781,266.04998779296875,39.05900212926961,-0.04882273728616038,0.016954417500545098,0.6092353250957904,-0.018265727701222367,-0.02331132983038431,0.368001986742853,0.41828921239022343,-0.004001852600607807,-0.0022330179223225685,-0.004976268537267403,-0.0020111724864972924,0.4,30,0.2769741758156317,259.2839039393834,266.04998779296875,266.04998779296875,0.0,0.0,False,"p3,p5,er3,er5,rr1,rr2,trend,regime",False,False,False,False,False,False,True,False,True,False,False,"p3,p5,er3,er5,rr1,rr2,trend,regime",False,False,False,False,False,False,True,False,True,False,False,"p3,p5,er3,er5,rr1,rr2,trend,regime",False,False,False,False,False,False,True,False,True,False,REJECT,,,,,,,,,,,,,,,,,,
2026-08-28,RELIANCE,UNFAVORABLE,24175.650390625,,10.680000305175781,1287.0,42.910031890688195,-0.013303158907367219,0.013320026869831558,0.6845774720160611,-0.02277904328018221,-0.02203647416413379,0.5679049939816663,0.5272705622717064,-0.0006222504568093505,-0.006679353239002287,0.007700338068994617,0.0030637733287647295,0.4,30,0.4576170970967893,1261.2856881277903,1287.0,1287.0,0.0,0.0,False,"p5,er3,er5,rr1,rr2,regime",True,False,False,False,False,False,True,True,True,False,False,"er3,er5,rr1,rr2,regime",True,True,False,False,False,False,True,True,True,False,False,"er3,er5,rr1,rr2,regime",True,True,False,False,False,False,True,True,True,False,REJECT,,,,,,,,,,,,,,,,,,
2026-08-28,SBILIFE,UNFAVORABLE,24175.650390625,,10.680000305175781,1773.199951171875,39.271138790091285,-0.02513689336437608,0.017490577374183754,1.0985272241516002,0.006470599402771393,-0.004938299005681768,0.48264984238906056,0.5993697563548339,-0.0007170864610762566,0.005031152459463703,-0.001639308301322917,0.00450980377929644,0.45382937156504727,30,0.3088745086936039,1726.6785147530693,1773.199951171875,1782.1211904673344,0.0,0.1917662046190189,False,"p3,er3,rr1,rr2,trend,regime",False,True,False,True,False,False,True,False,True,False,False,"p3,er3,rr1,rr2,trend,regime",False,True,False,True,False,False,True,False,True,False,False,"p3,er3,rr1,rr2,regime",False,True,False,True,False,False,True,True,True,False,REJECT,,,,,,,,,,,,,,,,,,
2026-08-28,SBIN,UNFAVORABLE,24175.650390625,,10.680000305175781,1047.5,49.38883575863859,0.004461829391136707,0.01349471697334214,0.5039600839215453,-0.0004770992366411875,-0.0011442273555311022,0.736913627523245,0.8411921794290171,0.009236799553766785,0.013630726644146034,0.010734681637417198,0.01770587286624925,0.5324295680806123,30,0.3141249555722267,1026.296425955636,1057.1755475325706,1061.778186159743,0.45631682245297867,0.6733858230630811,False,"rr1,rr2,regime",True,True,True,True,False,False,True,True,True,False,False,"rr1,rr2,regime",True,True,True,True,False,False,True,True,True,False,False,"rr1,rr2,regime",True,True,True,True,False,False,True,True,True,False,REJECT,,,,,,,,,,,,,,,,,,
2026-08-28,SHRIRAMFIN,UNFAVORABLE,24175.650390625,,10.680000305175781,1086.9000244140625,47.532957126653066,0.018054624737394498,0.02187087033196344,0.5615962568628187,-0.04532277170481991,-0.038141571314988965,0.5712701689395286,0.6270914314031675,0.00980625689141195,0.01808882175861184,0.0007649806042986373,0.005612398484517778,0.4,30,0.43469129079429814,1051.2428501674108,1097.5584452687488,1106.5607652251194,0.298913783267251,0.5513824700481733,False,"rr1,rr2,regime",True,True,True,True,False,False,True,True,True,False,False,"rr1,rr2,regime",True,True,True,True,False,False,True,True,True,False,False,"rr1,rr2,regime",True,True,True,True,False,False,True,True,True,False,REJECT,,,,,,,,,,,,,,,,,,
2026-08-28,SUNPHARMA,UNFAVORABLE,24175.650390625,,10.680000305175781,1913.300048828125,47.72670170432535,-0.0036876480047485227,0.014921860546527107,0.5943504158258612,0.0017277742555628084,0.004884479426536137,0.5881033728342424,0.6174628147610344,0.0016217815105193279,0.002499431231440379,0.003638167327077446,0.004419114005759339,0.4,30,0.2198220148258684,1870.47505405971,1916.40300347139,1918.0822107252825,0.07245662632406508,0.11166754188804955,False,"er3,er5,rr1,rr2,regime",True,True,False,False,False,False,True,True,True,False,False,"rr1,rr2,regime",True,True,True,True,False,False,True,True,True,False,False,"rr1,rr2,regime",True,True,True,True,False,False,True,True,True,False,REJECT,,,,,,,,,,,,,,,,,,
2026-08-28,TATACONSUM,UNFAVORABLE,24175.650390625,,10.680000305175781,1040.699951171875,38.866373706859704,-0.04465268791770338,0.018963880061593323,0.7605615669338345,-0.018670484514969332,-0.007912343973427105,0.6961902316156001,0.6514845956775187,0.00447338948255681,0.00406300307644265,0.0059970739973161935,0.002980178336477013,0.4,30,0.2777142651793028,1011.0963875906808,1045.3554073879448,1044.9283182751399,0.15725999349034975,0.14283304412550404,False,"rr1,rr2,trend,regime",True,True,True,True,False,False,True,False,True,False,False,"rr1,rr2,trend,regime",True,True,True,True,False,False,True,False,True,False,False,"rr1,rr2,trend,regime",True,True,True,True,False,False,True,False,True,False,REJECT,,,,,,,,,,,,,,,,,,
2026-08-28,TATASTEEL,UNFAVORABLE,24175.650390625,,10.680000305175781,186.5,48.774972901788786,-0.005819028925644121,0.020666419752070567,1.5867581077288428,-0.0023537094022675342,0.0191256830601092,0.4692644231347005,0.39939297739404894,-0.0037690138818933573,-0.001092990436486367,-0.0008325139379373736,-0.0080474245530755,0.4,30,0.36186439180367114,180.71856907435824,186.5,186.5,0.0,0.0,False,"p3,p5,er3,er5,rr1,rr2,regime",False,False,False,False,False,False,True,True,True,False,False,"p3,p5,er3,er5,rr1,rr2,regime",False,False,False,False,False,False,True,True,True,False,False,"p3,p5,er3,er5,rr1,rr2,regime",False,False,False,False,False,False,True,True,True,False,REJECT,,,,,,,,,,,,,,,,,,
2026-08-28,TCS,UNFAVORABLE,24175.650390625,,10.680000305175781,2342.0,53.636065035921355,0.04455948065130588,0.023411014450313378,1.4778931238620139,0.01994601942428864,0.017376194613379692,0.20152113314154643,0.2643571125894293,-0.012052940998279336,-0.011448508954248588,-0.012267425559371103,-0.012998804123567353,0.4,30,0.6421495136390422,2259.757106236049,2342.0,2342.0,0.0,0.0,False,"p3,p5,er3,er5,rr1,rr2,regime",False,False,False,False,False,False,True,True,True,False,False,"p3,p5,er3,er5,rr1,rr2,regime",False,False,False,False,False,False,True,True,True,False,False,"p3,p5,er3,er5,rr1,rr2,regime",False,False,False,False,False,False,True,True,True,False,REJECT,,,,,,,,,,,,,,,,,,
2026-08-28,TECHM,UNFAVORABLE,24175.650390625,,10.680000305175781,1640.9000244140625,61.51027482566353,0.06586040631112167,0.020241510109949575,1.3109704884947786,0.025626601271548477,0.03592173258463549,0.5068633527706682,0.5306932183819465,0.002473657910735173,0.0014200281197452613,-0.002543517009021945,0.001193572684072719,0.4,30,0.3761484233796836,1591.0785827636719,1644.9590497401798,1643.230148590421,0.08147145469214825,0.04676950524052781,False,"p3,er5,rr1,rr2,regime",False,True,True,False,False,False,True,True,True,False,False,"p3,er5,rr1,rr2,regime",False,True,True,False,False,False,True,True,True,False,False,"p3,rr1,rr2,regime",False,True,True,True,False,False,True,True,True,False,REJECT,,,,,,,,,,,,,,,,,,
2026-08-28,TITAN,UNFAVORABLE,24175.650390625,,10.680000305175781,5169.2001953125,71.92795517034712,0.08591825208384685,0.013333078471988117,0.6380554058203087,0.008663829284490054,0.01633866736019285,0.6248154707284385,0.7196620292423602,0.005189751968152727,0.0063156076345110305,0.00522779504306925,0.010553445992520838,0.4,30,0.20734762380036093,5065.818167550223,5196.027062199899,5201.846835530331,0.2594925585043289,0.31578641785689127,False,"rr1,rr2,regime",True,True,True,True,False,False,True,True,True,False,False,"rr1,rr2,regime",True,True,True,True,False,False,True,True,True,False,False,"rr1,rr2,regime",True,True,True,True,False,False,True,True,True,False,REJECT,,,,,,,,,,,,,,,,,,
2026-08-28,TRENT,UNFAVORABLE,24175.650390625,,10.680000305175781,2898.0,41.59327953658215,-0.039204949244272425,0.016454694210677932,0.4659186825845379,-0.010921501706484649,-0.008891928864569132,0.15467807180307058,0.23917275488329953,-0.012639245472310877,-0.01895255448244168,-0.013585009788233127,-0.01883650978354201,0.4,30,0.21750877839277877,2826.471444266183,2898.0,2898.0,0.0,0.0,False,"p3,p5,er3,er5,rr1,rr2,trend,regime",False,False,False,False,False,False,True,False,True,False,False,"p3,p5,er3,er5,rr1,rr2,trend,regime",False,False,False,False,False,False,True,False,True,False,False,"p3,p5,er3,er5,rr1,rr2,trend,regime",False,False,False,False,False,False,True,False,True,False,REJECT,,,,,,,,,,,,,,,,,,
2026-08-28,ULTRACEMCO,UNFAVORABLE,24175.650390625,,10.680000305175781,11589.0,47.20248261128761,0.0012087818639481274,0.016511963314966162,1.0891730457184887,0.0042461005199305735,0.0016421780466724378,0.5632964712647218,0.6647579571995905,0.003476464335243555,0.008231191435780398,0.003609324428206717,0.010324947281838859,0.4,30,0.32014757293942886,11301.964285714286,11629.288745181138,11684.391277549259,0.14036143649021754,0.3323324339155478,False,"rr1,rr2,regime",True,True,True,True,False,False,True,True,True,False,False,"rr1,rr2,regime",True,True,True,True,False,False,True,True,True,False,False,"rr1,rr2,regime",True,True,True,True,False,False,True,True,True,False,REJECT,,,,,,,,,,,,,,,,,,
2026-08-28,WIPRO,UNFAVORABLE,24175.650390625,,10.680000305175781,180.9499969482422,50.60390903447639,0.017355312324625727,0.017380491659839573,1.8246185559786472,0.004775393568990927,0.0008850249906040553,0.4072683675196094,0.28332869158375135,-0.013649509371921454,-0.022314368562346195,-0.008590880870312345,-0.01130360487142934,0.4,30,0.39020979375117737,176.2324970790318,180.9499969482422,180.9499969482422,0.0,0.0,False,"p3,p5,er3,er5,rr1,rr2,regime",False,False,False,False,False,False,True,True,True,False,False,"p3,p5,er3,er5,rr1,rr2,regime",False,False,False,False,False,False,True,True,True,False,False,"p3,p5,er3,er5,rr1,rr2,regime",False,False,False,False,False,False,True,True,True,False,REJECT,,,,,,,,,,,,,,,,,,
2026-08-28,APOLLOTYRE,UNFAVORABLE,24175.650390625,,10.680000305175781,443.5,56.331690769688095,0.019929470967746665,0.020631337668857705,0.8050238868324138,0.004757603381408515,0.008642228081584769,0.5687116716811194,0.49017926046354476,0.007586715658524836,0.0060189470515003346,0.006468547628703636,0.00010210269356569768,0.4,30,0.27528790813748144,429.7750026157924,446.86470839455575,446.1694030173404,0.24515184231854825,0.1944920601887991,False,"p5,rr1,rr2,regime",True,False,True,True,False,False,True,True,True,False,False,"p5,rr1,rr2,regime",True,False,True,True,False,False,True,True,True,False,False,"p5,rr1,rr2,regime",True,False,True,True,False,False,True,True,True,False,REJECT,,,,,,,,,,,,,,,,,,
2026-08-28,AUROPHARMA,UNFAVORABLE,24175.650390625,,10.680000305175781,1637.0,56.838247347353686,0.03487340283219886,0.01778078898989059,0.7222955745926176,0.018034825870646864,0.018034825870646864,0.5323614782353085,0.4965036083795975,0.00021343097850833048,0.0048853419420427325,0.003824216496174704,0.0027149197081344223,0.4,30,0.3254359985012947,1593.3392726353236,1637.349386511818,1644.9973047591238,0.008002306257973185,0.1831692974861897,False,"p3,p5,er3,rr1,rr2,regime",False,False,False,True,False,False,True,True,True,False,False,"p5,er3,rr1,rr2,regime",True,False,False,True,False,False,True,True,True,False,False,"p5,rr1,rr2,regime",True,False,True,True,False,False,True,True,True,False,REJECT,,,,,,,,,,,,,,,,,,
2026-08-28,BOSCHLTD,UNFAVORABLE,24175.650390625,,10.680000305175781,48780.0,75.32897978528078,0.13856287006771595,0.02183271832718327,0.5986449148965807,0.014137214137214027,0.0006153846153846843,0.48476151504121634,0.397820050203764,0.003388570722292392,0.0015879883037279727,-0.004431401919024358,-0.002264785329844865,0.4,30,0.3454085063968735,47182.5,48945.29447983343,48857.46206945585,0.10347072290042462,0.048489558344818204,False,"p3,p5,er5,rr1,rr2,regime",False,False,True,False,False,False,True,True,True,False,False,"p3,p5,er5,rr1,rr2,regime",False,False,True,False,False,False,True,True,True,False,False,"p3,p5,rr1,rr2,regime",False,False,True,True,False,False,True,True,True,False,REJECT,,,,,,,,,,,,,,,,,,
2026-08-28,SAIL,UNFAVORABLE,24175.650390625,,10.680000305175781,200.0,74.57559771146848,0.16847410577244215,0.03479642050606864,1.9553302083790622,0.0834823336466266,0.153003529683428,0.24941673844505222,0.4230822836243083,-0.013259219136747394,-0.011330125750840591,-0.01318011277183706,-0.0053923402472413895,0.4,30,0.6486951235698977,190.0,200.0,200.0,0.0,0.0,False,"p3,p5,er3,er5,rr1,rr2,regime",False,False,False,False,False,False,True,True,True,False,False,"p3,p5,er3,er5,rr1,rr2,regime",False,False,False,False,False,False,True,True,True,False,False,"p3,p5,er3,er5,rr1,rr2,regime",False,False,False,False,False,False,True,True,True,False,REJECT,,,,,,,,,,,,,,,,,,
2026-08-28,DLF,UNFAVORABLE,24175.650390625,,10.680000305175781,679.7999877929688,57.91002721296471,0.041518213006497495,0.020499737439543468,0.33808426581379597,-0.004612379175282344,0.0025070229586166004,0.4002143152746137,0.4015150999891738,-0.0070489715178698766,-0.009260583582580164,-0.0029815120377900683,-0.009810324841565132,0.4,30,0.437693384171026,658.8964059012277,679.7999877929688,679.7999877929688,0.0,0.0,False,"p3,p5,er3,er5,rr1,rr2,regime",False,False,False,False,False,False,True,True,True,False,False,"p3,p5,er3,er5,rr1,rr2,regime",False,False,False,False,False,False,True,True,True,False,False,"p3,p5,er3,er5,rr1,rr2,regime",False,False,False,False,False,False,True,True,True,False,REJECT,,,,,,,,,,,,,,,,,,
2026-08-28,NAUKRI,UNFAVORABLE,24175.650390625,,10.680000305175781,1354.0,63.60555159472405,0.1259575393304515,0.026524598700609307,0.9522368103219391,0.002962962962963056,0.0028886930483573714,0.6039083574983427,0.6413009408790493,0.009043345014065193,0.0070699723459422634,0.00980730240313965,0.010345463675090039,0.4,30,0.42775145603684234,1300.1285400390625,1366.2446891490442,1363.5727425564057,0.2272945481322193,0.1776959927083279,False,"rr1,rr2,regime",True,True,True,True,False,False,True,True,True,False,False,"rr1,rr2,regime",True,True,True,True,False,False,True,True,True,False,False,"rr1,rr2,regime",True,True,True,True,False,False,True,True,True,False,REJECT,,,,,,,,,,,,,,,,,,
